2025-12-16 10:50:18,993 - MCP Server - INFO - MCP Server initialized and registered on DBus
2025-12-16 10:50:18,993 - MCP Server - INFO - Tool added: echo
2025-12-16 10:50:18,993 - MCP Server - INFO - Heartbeat monitor started (3s interval)
2025-12-16 10:50:18,993 - MCP Server - INFO - ============================================================
2025-12-16 10:50:18,993 - MCP Server - INFO - MCP Server started successfully
2025-12-16 10:50:18,993 - MCP Server - INFO - ============================================================
2025-12-16 10:50:18,993 - MCP Server - INFO - Service name: com.kylin.ai.mcp.MasterAgent
2025-12-16 10:50:18,993 - MCP Server - INFO - Object path: /com/kylin/ai/mcp/MasterAgent
2025-12-16 10:50:18,993 - MCP Server - INFO - Interface name: com.kylin.ai.mcp.MasterAgent
2025-12-16 10:50:18,993 - MCP Server - INFO - 
2025-12-16 10:50:18,993 - MCP Server - INFO - 等待子智能体注册...
2025-12-16 10:50:18,993 - MCP Server - INFO - ============================================================
2025-12-16 10:50:21,991 - MCP Server - INFO - Child agent registered: file_agent (instance: file_agent_1765853421)
2025-12-16 10:50:21,991 - MCP Server - INFO -   Tools: ['file_agent.search_file', 'file_agent.move_to_trash', 'file_agent.batch_rename']
2025-12-16 10:50:22,990 - MCP Server - INFO - Child agent registered: settings_agent (instance: settings_agent_1765853422)
2025-12-16 10:50:22,990 - MCP Server - INFO -   Tools: ['settings_agent.change_wallpaper', 'settings_agent.adjust_volume', 'settings_agent.bluetooth_manage']
2025-12-16 10:50:26,003 - MCP Server - INFO - Child agent registered: monitor_agent (instance: monitor_agent_1765853426)
2025-12-16 10:50:26,004 - MCP Server - INFO -   Tools: ['monitor_agent.get_system_status', 'monitor_agent.clean_background_process', 'monitor_agent.monitor_agent_status']
2025-12-16 10:50:26,999 - MCP Server - INFO - Child agent registered: media_agent (instance: media_agent_1765853426)
2025-12-16 10:50:26,999 - MCP Server - INFO -   Tools: ['media_agent.play_media', 'media_agent.media_control', 'media_agent.capture_media_frame']
2025-12-16 11:46:37,803 - MCP Server - INFO - MCP Server initialized and registered on DBus
2025-12-16 11:46:37,803 - MCP Server - INFO - Tool added: echo
2025-12-16 11:46:37,803 - MCP Server - INFO - Heartbeat monitor started (3s interval)
2025-12-16 11:46:37,803 - MCP Server - INFO - ============================================================
2025-12-16 11:46:37,803 - MCP Server - INFO - MCP Server started successfully
2025-12-16 11:46:37,803 - MCP Server - INFO - ============================================================
2025-12-16 11:46:37,803 - MCP Server - INFO - Service name: com.kylin.ai.mcp.MasterAgent
2025-12-16 11:46:37,803 - MCP Server - INFO - Object path: /com/kylin/ai/mcp/MasterAgent
2025-12-16 11:46:37,803 - MCP Server - INFO - Interface name: com.kylin.ai.mcp.MasterAgent
2025-12-16 11:46:37,803 - MCP Server - INFO - 
2025-12-16 11:46:37,803 - MCP Server - INFO - 等待子智能体注册...
2025-12-16 11:46:37,803 - MCP Server - INFO - ============================================================
2025-12-16 11:46:40,829 - MCP Server - INFO - Child agent registered: file_agent (instance: file_agent_1765856800)
2025-12-16 11:46:40,829 - MCP Server - INFO -   Tools: ['file_agent.search_file', 'file_agent.move_to_trash', 'file_agent.batch_rename']
2025-12-16 11:46:41,828 - MCP Server - INFO - Child agent registered: settings_agent (instance: settings_agent_1765856801)
2025-12-16 11:46:41,828 - MCP Server - INFO -   Tools: ['settings_agent.change_wallpaper', 'settings_agent.adjust_volume', 'settings_agent.bluetooth_manage']
2025-12-16 11:46:44,845 - MCP Server - INFO - Child agent registered: monitor_agent (instance: monitor_agent_1765856804)
2025-12-16 11:46:44,845 - MCP Server - INFO -   Tools: ['monitor_agent.get_system_status', 'monitor_agent.clean_background_process', 'monitor_agent.monitor_agent_status']
2025-12-16 11:46:45,838 - MCP Server - INFO - Child agent registered: media_agent (instance: media_agent_1765856805)
2025-12-16 11:46:45,839 - MCP Server - INFO -   Tools: ['media_agent.play_media', 'media_agent.media_control', 'media_agent.capture_media_frame']
2025-12-16 11:47:40,867 - MCP Server - INFO - 📡 广播状态: file_agent (file_agent_1765856800) -> offline
2025-12-16 11:47:40,868 - MCP Server - WARNING - Agent marked as inactive: file_agent (instance: file_agent_1765856800)
2025-12-16 11:47:43,871 - MCP Server - WARNING - Agent marked as inactive: file_agent (instance: file_agent_1765856800)
2025-12-16 11:47:43,872 - MCP Server - INFO - 📡 广播状态: settings_agent (settings_agent_1765856801) -> offline
2025-12-16 11:47:43,873 - MCP Server - WARNING - Agent marked as inactive: settings_agent (instance: settings_agent_1765856801)
2025-12-16 13:52:55,377 - MCP Server - INFO - MCP Server initialized and registered on DBus
2025-12-16 13:52:55,377 - MCP Server - INFO - Tool added: echo
2025-12-16 13:52:55,378 - MCP Server - INFO - Heartbeat monitor started (3s interval)
2025-12-16 13:52:55,378 - MCP Server - INFO - ============================================================
2025-12-16 13:52:55,378 - MCP Server - INFO - MCP Server started successfully
2025-12-16 13:52:55,378 - MCP Server - INFO - ============================================================
2025-12-16 13:52:55,378 - MCP Server - INFO - Service name: com.kylin.ai.mcp.MasterAgent
2025-12-16 13:52:55,378 - MCP Server - INFO - Object path: /com/kylin/ai/mcp/MasterAgent
2025-12-16 13:52:55,378 - MCP Server - INFO - Interface name: com.kylin.ai.mcp.MasterAgent
2025-12-16 13:52:55,378 - MCP Server - INFO - 
2025-12-16 13:52:55,378 - MCP Server - INFO - 等待子智能体注册...
2025-12-16 13:52:55,378 - MCP Server - INFO - ============================================================
2025-12-16 13:53:24,755 - MCP Server - INFO - MCP Server initialized and registered on DBus
2025-12-16 13:53:24,755 - MCP Server - INFO - Tool added: echo
2025-12-16 13:53:24,755 - MCP Server - INFO - Heartbeat monitor started (3s interval)
2025-12-16 13:53:24,755 - MCP Server - INFO - ============================================================
2025-12-16 13:53:24,755 - MCP Server - INFO - MCP Server started successfully
2025-12-16 13:53:24,755 - MCP Server - INFO - ============================================================
2025-12-16 13:53:24,755 - MCP Server - INFO - Service name: com.kylin.ai.mcp.MasterAgent
2025-12-16 13:53:24,755 - MCP Server - INFO - Object path: /com/kylin/ai/mcp/MasterAgent
2025-12-16 13:53:24,756 - MCP Server - INFO - Interface name: com.kylin.ai.mcp.MasterAgent
2025-12-16 13:53:24,756 - MCP Server - INFO - 
2025-12-16 13:53:24,756 - MCP Server - INFO - 等待子智能体注册...
2025-12-16 13:53:24,756 - MCP Server - INFO - ============================================================
2025-12-16 14:11:48,037 - MCP Server - ERROR - Error starting MCP Server: 'MCPServer' object has no attribute '_bus'
2025-12-16 14:12:17,829 - MCP Server - INFO - MCP Server initialized and registered on DBus
2025-12-16 14:12:17,829 - MCP Server - INFO - Tool added: echo
2025-12-16 14:12:17,830 - MCP Server - INFO - Heartbeat monitor started (3s interval)
2025-12-16 14:12:17,830 - MCP Server - INFO - ============================================================
2025-12-16 14:12:17,830 - MCP Server - INFO - MCP Server started successfully
2025-12-16 14:12:17,830 - MCP Server - INFO - ============================================================
2025-12-16 14:12:17,830 - MCP Server - INFO - Service name: com.kylin.ai.mcp.MasterAgent
2025-12-16 14:12:17,830 - MCP Server - INFO - Object path: /com/kylin/ai/mcp/MasterAgent
2025-12-16 14:12:17,830 - MCP Server - INFO - Interface name: com.kylin.ai.mcp.MasterAgent
2025-12-16 14:12:17,830 - MCP Server - INFO - 
2025-12-16 14:12:17,830 - MCP Server - INFO - 等待子智能体注册...
2025-12-16 14:12:17,830 - MCP Server - INFO - ============================================================
2025-12-16 14:24:51,017 - MCP Server - INFO - MCP Server initialized and registered on DBus
2025-12-16 14:24:51,017 - MCP Server - INFO - Tool added: echo
2025-12-16 14:24:51,017 - MCP Server - INFO - Heartbeat monitor started (3s interval)
2025-12-16 14:24:51,017 - MCP Server - INFO - ============================================================
2025-12-16 14:24:51,017 - MCP Server - INFO - MCP Server started successfully
2025-12-16 14:24:51,017 - MCP Server - INFO - ============================================================
2025-12-16 14:24:51,017 - MCP Server - INFO - Service name: com.kylin.ai.mcp.MasterAgent
2025-12-16 14:24:51,017 - MCP Server - INFO - Object path: /com/kylin/ai/mcp/MasterAgent
2025-12-16 14:24:51,017 - MCP Server - INFO - Interface name: com.kylin.ai.mcp.MasterAgent
2025-12-16 14:24:51,017 - MCP Server - INFO - 
2025-12-16 14:24:51,017 - MCP Server - INFO - 等待子智能体注册...
2025-12-16 14:24:51,017 - MCP Server - INFO - ============================================================
2025-12-16 14:27:36,963 - MCP Server - INFO - MCP Server initialized and registered on DBus
2025-12-16 14:27:36,963 - MCP Server - INFO - Tool added: echo
2025-12-16 14:27:36,963 - MCP Server - INFO - Heartbeat monitor started (3s interval)
2025-12-16 14:27:36,963 - MCP Server - INFO - ============================================================
2025-12-16 14:27:36,963 - MCP Server - INFO - MCP Server started successfully
2025-12-16 14:27:36,963 - MCP Server - INFO - ============================================================
2025-12-16 14:27:36,963 - MCP Server - INFO - Service name: com.kylin.mcp.MasterAgent
2025-12-16 14:27:36,963 - MCP Server - INFO - Object path: /com/kylin/mcp/MasterAgent
2025-12-16 14:27:36,963 - MCP Server - INFO - Interface name: com.kylin.mcp.MasterAgent
2025-12-16 14:27:36,963 - MCP Server - INFO - 
2025-12-16 14:27:36,963 - MCP Server - INFO - 等待子智能体注册...
2025-12-16 14:27:36,963 - MCP Server - INFO - ============================================================
2025-12-16 14:27:39,999 - MCP Server - INFO - Child agent registered: file_agent (instance: file_agent_1765866459)
2025-12-16 14:27:40,000 - MCP Server - INFO -   Tools: ['file_agent.search_file', 'file_agent.move_to_trash', 'file_agent.batch_rename']
2025-12-16 14:27:41,001 - MCP Server - INFO - Child agent registered: settings_agent (instance: settings_agent_1765866461)
2025-12-16 14:27:41,001 - MCP Server - INFO -   Tools: ['settings_agent.change_wallpaper', 'settings_agent.adjust_volume', 'settings_agent.bluetooth_manage']
2025-12-16 14:27:42,002 - MCP Server - INFO - Child agent registered: network_agent (instance: network_agent_1765866462)
2025-12-16 14:27:42,003 - MCP Server - INFO -   Tools: ['network_agent.list_wifi', 'network_agent.connect_wifi', 'network_agent.disconnect_wifi', 'network_agent.get_wifi_status', 'network_agent.set_proxy', 'network_agent.clear_proxy', 'network_agent.get_proxy_status', 'network_agent.speed_test', 'network_agent.get_network_status']
2025-12-16 14:27:43,013 - MCP Server - INFO - Child agent registered: app_agent (instance: app_agent_1765866463)
2025-12-16 14:27:43,014 - MCP Server - INFO -   Tools: ['app_agent.find_app', 'app_agent.launch_app', 'app_agent.close_app', 'app_agent.list_running_apps', 'app_agent.is_app_running', 'app_agent.app_quick_operation']
2025-12-16 14:27:44,019 - MCP Server - INFO - Child agent registered: monitor_agent (instance: monitor_agent_1765866464)
2025-12-16 14:27:44,019 - MCP Server - INFO -   Tools: ['monitor_agent.get_system_status', 'monitor_agent.clean_background_process', 'monitor_agent.monitor_agent_status']
2025-12-16 14:27:45,010 - MCP Server - INFO - Child agent registered: media_agent (instance: media_agent_1765866465)
2025-12-16 14:27:45,010 - MCP Server - INFO -   Tools: ['media_agent.play_media', 'media_agent.media_control', 'media_agent.capture_media_frame']
2025-12-16 15:24:25,967 - MCP Server - WARNING - 协作日志模块未找到，日志记录功能不可用
2025-12-16 15:24:25,969 - MCP Server - INFO - MCP Server initialized and registered on DBus
2025-12-16 15:24:25,969 - MCP Server - INFO - Tool added: echo
2025-12-16 15:24:25,969 - MCP Server - INFO - Heartbeat monitor started (3s interval)
2025-12-16 15:24:25,969 - MCP Server - INFO - ============================================================
2025-12-16 15:24:25,969 - MCP Server - INFO - MCP Server started successfully
2025-12-16 15:24:25,969 - MCP Server - INFO - ============================================================
2025-12-16 15:24:25,969 - MCP Server - INFO - Service name: com.kylin.mcp.MasterAgent
2025-12-16 15:24:25,969 - MCP Server - INFO - Object path: /com/kylin/mcp/MasterAgent
2025-12-16 15:24:25,969 - MCP Server - INFO - Interface name: com.kylin.mcp.MasterAgent
2025-12-16 15:24:25,969 - MCP Server - INFO - 
2025-12-16 15:24:25,970 - MCP Server - INFO - 等待子智能体注册...
2025-12-16 15:24:25,970 - MCP Server - INFO - ============================================================
2025-12-16 15:24:29,004 - MCP Server - INFO - Child agent registered: file_agent (instance: file_agent_1765869869)
2025-12-16 15:24:29,004 - MCP Server - INFO -   Tools: ['file_agent.search_file', 'file_agent.move_to_trash', 'file_agent.batch_rename']
2025-12-16 15:24:30,009 - MCP Server - INFO - Child agent registered: settings_agent (instance: settings_agent_1765869870)
2025-12-16 15:24:30,010 - MCP Server - INFO -   Tools: ['settings_agent.change_wallpaper', 'settings_agent.adjust_volume', 'settings_agent.bluetooth_manage']
2025-12-16 15:24:31,009 - MCP Server - INFO - Child agent registered: network_agent (instance: network_agent_1765869871)
2025-12-16 15:24:31,009 - MCP Server - INFO -   Tools: ['network_agent.list_wifi', 'network_agent.connect_wifi', 'network_agent.disconnect_wifi', 'network_agent.get_wifi_status', 'network_agent.set_proxy', 'network_agent.clear_proxy', 'network_agent.get_proxy_status', 'network_agent.speed_test', 'network_agent.get_network_status']
2025-12-16 15:24:32,021 - MCP Server - INFO - Child agent registered: app_agent (instance: app_agent_1765869872)
2025-12-16 15:24:32,021 - MCP Server - INFO -   Tools: ['app_agent.find_app', 'app_agent.launch_app', 'app_agent.close_app', 'app_agent.list_running_apps', 'app_agent.is_app_running', 'app_agent.app_quick_operation']
2025-12-16 15:24:33,023 - MCP Server - INFO - Child agent registered: monitor_agent (instance: monitor_agent_1765869873)
2025-12-16 15:24:33,023 - MCP Server - INFO -   Tools: ['monitor_agent.get_system_status', 'monitor_agent.clean_background_process', 'monitor_agent.monitor_agent_status']
2025-12-16 15:24:34,020 - MCP Server - INFO - Child agent registered: media_agent (instance: media_agent_1765869874)
2025-12-16 15:24:34,020 - MCP Server - INFO -   Tools: ['media_agent.play_media', 'media_agent.media_control', 'media_agent.capture_media_frame']
2025-12-16 15:25:29,030 - MCP Server - INFO - 📡 广播状态: file_agent (file_agent_1765869869) -> offline
2025-12-16 15:25:29,031 - MCP Server - WARNING - Agent marked as inactive: file_agent (instance: file_agent_1765869869)
2025-12-16 15:25:32,034 - MCP Server - WARNING - Agent marked as inactive: file_agent (instance: file_agent_1765869869)
2025-12-16 15:25:32,034 - MCP Server - INFO - 📡 广播状态: settings_agent (settings_agent_1765869870) -> offline
2025-12-16 15:25:32,035 - MCP Server - WARNING - Agent marked as inactive: settings_agent (instance: settings_agent_1765869870)
2025-12-16 15:25:32,035 - MCP Server - INFO - 📡 广播状态: network_agent (network_agent_1765869871) -> offline
2025-12-16 15:25:32,035 - MCP Server - WARNING - Agent marked as inactive: network_agent (instance: network_agent_1765869871)
2025-12-16 15:25:32,035 - MCP Server - INFO - 📡 广播状态: app_agent (app_agent_1765869872) -> offline
2025-12-16 15:25:32,035 - MCP Server - WARNING - Agent marked as inactive: app_agent (instance: app_agent_1765869872)
2025-12-16 15:25:35,038 - MCP Server - WARNING - Agent marked as inactive: file_agent (instance: file_agent_1765869869)
2025-12-16 15:25:35,039 - MCP Server - WARNING - Agent marked as inactive: settings_agent (instance: settings_agent_1765869870)
2025-12-16 15:25:35,039 - MCP Server - WARNING - Agent marked as inactive: network_agent (instance: network_agent_1765869871)
2025-12-16 15:25:35,039 - MCP Server - WARNING - Agent marked as inactive: app_agent (instance: app_agent_1765869872)
2025-12-16 15:25:35,039 - MCP Server - INFO - 📡 广播状态: monitor_agent (monitor_agent_1765869873) -> offline
2025-12-16 15:25:35,039 - MCP Server - WARNING - Agent marked as inactive: monitor_agent (instance: monitor_agent_1765869873)
2025-12-16 15:25:35,039 - MCP Server - INFO - 📡 广播状态: media_agent (media_agent_1765869874) -> offline
2025-12-16 15:25:35,039 - MCP Server - WARNING - Agent marked as inactive: media_agent (instance: media_agent_1765869874)
2025-12-16 15:25:38,043 - MCP Server - WARNING - Agent marked as inactive: file_agent (instance: file_agent_1765869869)
2025-12-16 15:25:38,043 - MCP Server - WARNING - Agent marked as inactive: settings_agent (instance: settings_agent_1765869870)
2025-12-16 15:25:38,043 - MCP Server - WARNING - Agent marked as inactive: network_agent (instance: network_agent_1765869871)
2025-12-16 15:25:38,043 - MCP Server - WARNING - Agent marked as inactive: app_agent (instance: app_agent_1765869872)
2025-12-16 15:25:38,043 - MCP Server - WARNING - Agent marked as inactive: monitor_agent (instance: monitor_agent_1765869873)
2025-12-16 15:25:38,043 - MCP Server - WARNING - Agent marked as inactive: media_agent (instance: media_agent_1765869874)
2025-12-16 15:25:41,047 - MCP Server - WARNING - Agent marked as inactive: file_agent (instance: file_agent_1765869869)
2025-12-16 15:25:41,047 - MCP Server - WARNING - Agent marked as inactive: settings_agent (instance: settings_agent_1765869870)
2025-12-16 15:25:41,047 - MCP Server - WARNING - Agent marked as inactive: network_agent (instance: network_agent_1765869871)
2025-12-16 15:25:41,047 - MCP Server - WARNING - Agent marked as inactive: app_agent (instance: app_agent_1765869872)
2025-12-16 15:25:41,047 - MCP Server - WARNING - Agent marked as inactive: monitor_agent (instance: monitor_agent_1765869873)
2025-12-16 15:25:41,047 - MCP Server - WARNING - Agent marked as inactive: media_agent (instance: media_agent_1765869874)
2025-12-16 15:25:44,051 - MCP Server - WARNING - Agent marked as inactive: file_agent (instance: file_agent_1765869869)
2025-12-16 15:25:44,051 - MCP Server - WARNING - Agent marked as inactive: settings_agent (instance: settings_agent_1765869870)
2025-12-16 15:25:44,051 - MCP Server - WARNING - Agent marked as inactive: network_agent (instance: network_agent_1765869871)
2025-12-16 15:25:44,051 - MCP Server - WARNING - Agent marked as inactive: app_agent (instance: app_agent_1765869872)
2025-12-16 15:25:44,051 - MCP Server - WARNING - Agent marked as inactive: monitor_agent (instance: monitor_agent_1765869873)
2025-12-16 15:25:44,051 - MCP Server - WARNING - Agent marked as inactive: media_agent (instance: media_agent_1765869874)
2025-12-16 15:25:47,055 - MCP Server - WARNING - Agent marked as inactive: file_agent (instance: file_agent_1765869869)
2025-12-16 15:25:47,055 - MCP Server - WARNING - Agent marked as inactive: settings_agent (instance: settings_agent_1765869870)
2025-12-16 15:25:47,055 - MCP Server - WARNING - Agent marked as inactive: network_agent (instance: network_agent_1765869871)
2025-12-16 15:25:47,055 - MCP Server - WARNING - Agent marked as inactive: app_agent (instance: app_agent_1765869872)
2025-12-16 15:25:47,055 - MCP Server - WARNING - Agent marked as inactive: monitor_agent (instance: monitor_agent_1765869873)
2025-12-16 15:25:47,055 - MCP Server - WARNING - Agent marked as inactive: media_agent (instance: media_agent_1765869874)
2025-12-16 15:25:50,059 - MCP Server - WARNING - Agent marked as inactive: file_agent (instance: file_agent_1765869869)
2025-12-16 15:25:50,059 - MCP Server - WARNING - Agent marked as inactive: settings_agent (instance: settings_agent_1765869870)
2025-12-16 15:25:50,059 - MCP Server - WARNING - Agent marked as inactive: network_agent (instance: network_agent_1765869871)
2025-12-16 15:25:50,059 - MCP Server - WARNING - Agent marked as inactive: app_agent (instance: app_agent_1765869872)
2025-12-16 15:25:50,059 - MCP Server - WARNING - Agent marked as inactive: monitor_agent (instance: monitor_agent_1765869873)
2025-12-16 15:25:50,059 - MCP Server - WARNING - Agent marked as inactive: media_agent (instance: media_agent_1765869874)
2025-12-16 15:25:53,063 - MCP Server - WARNING - Agent marked as inactive: file_agent (instance: file_agent_1765869869)
2025-12-16 15:25:53,063 - MCP Server - WARNING - Agent marked as inactive: settings_agent (instance: settings_agent_1765869870)
2025-12-16 15:25:53,063 - MCP Server - WARNING - Agent marked as inactive: network_agent (instance: network_agent_1765869871)
2025-12-16 15:25:53,063 - MCP Server - WARNING - Agent marked as inactive: app_agent (instance: app_agent_1765869872)
2025-12-16 15:25:53,063 - MCP Server - WARNING - Agent marked as inactive: monitor_agent (instance: monitor_agent_1765869873)
2025-12-16 15:25:53,063 - MCP Server - WARNING - Agent marked as inactive: media_agent (instance: media_agent_1765869874)
2025-12-16 15:25:56,067 - MCP Server - WARNING - Agent marked as inactive: file_agent (instance: file_agent_1765869869)
2025-12-16 15:25:56,067 - MCP Server - WARNING - Agent marked as inactive: settings_agent (instance: settings_agent_1765869870)
2025-12-16 15:25:56,067 - MCP Server - WARNING - Agent marked as inactive: network_agent (instance: network_agent_1765869871)
2025-12-16 15:25:56,067 - MCP Server - WARNING - Agent marked as inactive: app_agent (instance: app_agent_1765869872)
2025-12-16 15:25:56,067 - MCP Server - WARNING - Agent marked as inactive: monitor_agent (instance: monitor_agent_1765869873)
2025-12-16 15:25:56,067 - MCP Server - WARNING - Agent marked as inactive: media_agent (instance: media_agent_1765869874)
2025-12-16 15:25:59,071 - MCP Server - WARNING - Agent marked as inactive: file_agent (instance: file_agent_1765869869)
2025-12-16 15:25:59,071 - MCP Server - WARNING - Agent marked as inactive: settings_agent (instance: settings_agent_1765869870)
2025-12-16 15:25:59,071 - MCP Server - WARNING - Agent marked as inactive: network_agent (instance: network_agent_1765869871)
2025-12-16 15:25:59,071 - MCP Server - WARNING - Agent marked as inactive: app_agent (instance: app_agent_1765869872)
2025-12-16 15:25:59,071 - MCP Server - WARNING - Agent marked as inactive: monitor_agent (instance: monitor_agent_1765869873)
2025-12-16 15:25:59,071 - MCP Server - WARNING - Agent marked as inactive: media_agent (instance: media_agent_1765869874)
2025-12-16 15:26:02,075 - MCP Server - WARNING - Agent marked as inactive: file_agent (instance: file_agent_1765869869)
2025-12-16 15:26:02,075 - MCP Server - WARNING - Agent marked as inactive: settings_agent (instance: settings_agent_1765869870)
2025-12-16 15:26:02,075 - MCP Server - WARNING - Agent marked as inactive: network_agent (instance: network_agent_1765869871)
2025-12-16 15:26:02,075 - MCP Server - WARNING - Agent marked as inactive: app_agent (instance: app_agent_1765869872)
2025-12-16 15:26:02,075 - MCP Server - WARNING - Agent marked as inactive: monitor_agent (instance: monitor_agent_1765869873)
2025-12-16 15:26:02,075 - MCP Server - WARNING - Agent marked as inactive: media_agent (instance: media_agent_1765869874)
2025-12-16 15:26:05,079 - MCP Server - WARNING - Agent marked as inactive: file_agent (instance: file_agent_1765869869)
2025-12-16 15:26:05,079 - MCP Server - WARNING - Agent marked as inactive: settings_agent (instance: settings_agent_1765869870)
2025-12-16 15:26:05,079 - MCP Server - WARNING - Agent marked as inactive: network_agent (instance: network_agent_1765869871)
2025-12-16 15:26:05,079 - MCP Server - WARNING - Agent marked as inactive: app_agent (instance: app_agent_1765869872)
2025-12-16 15:26:05,079 - MCP Server - WARNING - Agent marked as inactive: monitor_agent (instance: monitor_agent_1765869873)
2025-12-16 15:26:05,079 - MCP Server - WARNING - Agent marked as inactive: media_agent (instance: media_agent_1765869874)
2025-12-16 15:26:08,082 - MCP Server - WARNING - Agent marked as inactive: file_agent (instance: file_agent_1765869869)
2025-12-16 15:26:08,083 - MCP Server - WARNING - Agent marked as inactive: settings_agent (instance: settings_agent_1765869870)
2025-12-16 15:26:08,083 - MCP Server - WARNING - Agent marked as inactive: network_agent (instance: network_agent_1765869871)
2025-12-16 15:26:08,083 - MCP Server - WARNING - Agent marked as inactive: app_agent (instance: app_agent_1765869872)
2025-12-16 15:26:08,083 - MCP Server - WARNING - Agent marked as inactive: monitor_agent (instance: monitor_agent_1765869873)
2025-12-16 15:26:08,083 - MCP Server - WARNING - Agent marked as inactive: media_agent (instance: media_agent_1765869874)
2025-12-16 15:26:11,086 - MCP Server - WARNING - Agent marked as inactive: file_agent (instance: file_agent_1765869869)
2025-12-16 15:26:11,086 - MCP Server - WARNING - Agent marked as inactive: settings_agent (instance: settings_agent_1765869870)
2025-12-16 15:26:11,086 - MCP Server - WARNING - Agent marked as inactive: network_agent (instance: network_agent_1765869871)
2025-12-16 15:26:11,086 - MCP Server - WARNING - Agent marked as inactive: app_agent (instance: app_agent_1765869872)
2025-12-16 15:26:11,086 - MCP Server - WARNING - Agent marked as inactive: monitor_agent (instance: monitor_agent_1765869873)
2025-12-16 15:26:11,086 - MCP Server - WARNING - Agent marked as inactive: media_agent (instance: media_agent_1765869874)
2025-12-16 15:26:14,089 - MCP Server - WARNING - Agent marked as inactive: file_agent (instance: file_agent_1765869869)
2025-12-16 15:26:14,090 - MCP Server - WARNING - Agent marked as inactive: settings_agent (instance: settings_agent_1765869870)
2025-12-16 15:26:14,090 - MCP Server - WARNING - Agent marked as inactive: network_agent (instance: network_agent_1765869871)
2025-12-16 15:26:14,090 - MCP Server - WARNING - Agent marked as inactive: app_agent (instance: app_agent_1765869872)
2025-12-16 15:26:14,090 - MCP Server - WARNING - Agent marked as inactive: monitor_agent (instance: monitor_agent_1765869873)
2025-12-16 15:26:14,090 - MCP Server - WARNING - Agent marked as inactive: media_agent (instance: media_agent_1765869874)
2025-12-16 15:26:17,093 - MCP Server - WARNING - Agent marked as inactive: file_agent (instance: file_agent_1765869869)
2025-12-16 15:26:17,094 - MCP Server - WARNING - Agent marked as inactive: settings_agent (instance: settings_agent_1765869870)
2025-12-16 15:26:17,094 - MCP Server - WARNING - Agent marked as inactive: network_agent (instance: network_agent_1765869871)
2025-12-16 15:26:17,094 - MCP Server - WARNING - Agent marked as inactive: app_agent (instance: app_agent_1765869872)
2025-12-16 15:26:17,094 - MCP Server - WARNING - Agent marked as inactive: monitor_agent (instance: monitor_agent_1765869873)
2025-12-16 15:26:17,094 - MCP Server - WARNING - Agent marked as inactive: media_agent (instance: media_agent_1765869874)
2025-12-16 15:26:20,097 - MCP Server - WARNING - Agent marked as inactive: file_agent (instance: file_agent_1765869869)
2025-12-16 15:26:20,098 - MCP Server - WARNING - Agent marked as inactive: settings_agent (instance: settings_agent_1765869870)
2025-12-16 15:26:20,098 - MCP Server - WARNING - Agent marked as inactive: network_agent (instance: network_agent_1765869871)
2025-12-16 15:26:20,098 - MCP Server - WARNING - Agent marked as inactive: app_agent (instance: app_agent_1765869872)
2025-12-16 15:26:20,098 - MCP Server - WARNING - Agent marked as inactive: monitor_agent (instance: monitor_agent_1765869873)
2025-12-16 15:26:20,098 - MCP Server - WARNING - Agent marked as inactive: media_agent (instance: media_agent_1765869874)
2025-12-16 15:26:23,101 - MCP Server - WARNING - Agent marked as inactive: file_agent (instance: file_agent_1765869869)
2025-12-16 15:26:23,102 - MCP Server - WARNING - Agent marked as inactive: settings_agent (instance: settings_agent_1765869870)
2025-12-16 15:26:23,102 - MCP Server - WARNING - Agent marked as inactive: network_agent (instance: network_agent_1765869871)
2025-12-16 15:26:23,102 - MCP Server - WARNING - Agent marked as inactive: app_agent (instance: app_agent_1765869872)
2025-12-16 15:26:23,102 - MCP Server - WARNING - Agent marked as inactive: monitor_agent (instance: monitor_agent_1765869873)
2025-12-16 15:26:23,102 - MCP Server - WARNING - Agent marked as inactive: media_agent (instance: media_agent_1765869874)
2025-12-16 15:26:26,105 - MCP Server - WARNING - Agent marked as inactive: file_agent (instance: file_agent_1765869869)
2025-12-16 15:26:26,106 - MCP Server - WARNING - Agent marked as inactive: settings_agent (instance: settings_agent_1765869870)
2025-12-16 15:26:26,106 - MCP Server - WARNING - Agent marked as inactive: network_agent (instance: network_agent_1765869871)
2025-12-16 15:26:26,106 - MCP Server - WARNING - Agent marked as inactive: app_agent (instance: app_agent_1765869872)
2025-12-16 15:26:26,106 - MCP Server - WARNING - Agent marked as inactive: monitor_agent (instance: monitor_agent_1765869873)
2025-12-16 15:26:26,106 - MCP Server - WARNING - Agent marked as inactive: media_agent (instance: media_agent_1765869874)
2025-12-16 15:26:29,109 - MCP Server - WARNING - Agent marked as inactive: file_agent (instance: file_agent_1765869869)
2025-12-16 15:26:29,110 - MCP Server - WARNING - Agent marked as inactive: settings_agent (instance: settings_agent_1765869870)
2025-12-16 15:26:29,110 - MCP Server - WARNING - Agent marked as inactive: network_agent (instance: network_agent_1765869871)
2025-12-16 15:26:29,110 - MCP Server - WARNING - Agent marked as inactive: app_agent (instance: app_agent_1765869872)
2025-12-16 15:26:29,110 - MCP Server - WARNING - Agent marked as inactive: monitor_agent (instance: monitor_agent_1765869873)
2025-12-16 15:26:29,110 - MCP Server - WARNING - Agent marked as inactive: media_agent (instance: media_agent_1765869874)
2025-12-16 15:26:32,113 - MCP Server - WARNING - Agent marked as inactive: file_agent (instance: file_agent_1765869869)
2025-12-16 15:26:32,114 - MCP Server - WARNING - Agent marked as inactive: settings_agent (instance: settings_agent_1765869870)
2025-12-16 15:26:32,114 - MCP Server - WARNING - Agent marked as inactive: network_agent (instance: network_agent_1765869871)
2025-12-16 15:26:32,114 - MCP Server - WARNING - Agent marked as inactive: app_agent (instance: app_agent_1765869872)
2025-12-16 15:26:32,114 - MCP Server - WARNING - Agent marked as inactive: monitor_agent (instance: monitor_agent_1765869873)
2025-12-16 15:26:32,114 - MCP Server - WARNING - Agent marked as inactive: media_agent (instance: media_agent_1765869874)
2025-12-16 15:26:35,117 - MCP Server - WARNING - Agent marked as inactive: file_agent (instance: file_agent_1765869869)
2025-12-16 15:26:35,118 - MCP Server - WARNING - Agent marked as inactive: settings_agent (instance: settings_agent_1765869870)
2025-12-16 15:26:35,118 - MCP Server - WARNING - Agent marked as inactive: network_agent (instance: network_agent_1765869871)
2025-12-16 15:26:35,118 - MCP Server - WARNING - Agent marked as inactive: app_agent (instance: app_agent_1765869872)
2025-12-16 15:26:35,118 - MCP Server - WARNING - Agent marked as inactive: monitor_agent (instance: monitor_agent_1765869873)
2025-12-16 15:26:35,118 - MCP Server - WARNING - Agent marked as inactive: media_agent (instance: media_agent_1765869874)
2025-12-16 15:26:38,121 - MCP Server - WARNING - Agent marked as inactive: file_agent (instance: file_agent_1765869869)
2025-12-16 15:26:38,121 - MCP Server - WARNING - Agent marked as inactive: settings_agent (instance: settings_agent_1765869870)
2025-12-16 15:26:38,121 - MCP Server - WARNING - Agent marked as inactive: network_agent (instance: network_agent_1765869871)
2025-12-16 15:26:38,121 - MCP Server - WARNING - Agent marked as inactive: app_agent (instance: app_agent_1765869872)
2025-12-16 15:26:38,121 - MCP Server - WARNING - Agent marked as inactive: monitor_agent (instance: monitor_agent_1765869873)
2025-12-16 15:26:38,121 - MCP Server - WARNING - Agent marked as inactive: media_agent (instance: media_agent_1765869874)
2025-12-16 15:26:41,124 - MCP Server - WARNING - Agent marked as inactive: file_agent (instance: file_agent_1765869869)
2025-12-16 15:26:41,124 - MCP Server - WARNING - Agent marked as inactive: settings_agent (instance: settings_agent_1765869870)
2025-12-16 15:26:41,124 - MCP Server - WARNING - Agent marked as inactive: network_agent (instance: network_agent_1765869871)
2025-12-16 15:26:41,124 - MCP Server - WARNING - Agent marked as inactive: app_agent (instance: app_agent_1765869872)
2025-12-16 15:26:41,124 - MCP Server - WARNING - Agent marked as inactive: monitor_agent (instance: monitor_agent_1765869873)
2025-12-16 15:26:41,124 - MCP Server - WARNING - Agent marked as inactive: media_agent (instance: media_agent_1765869874)
2025-12-16 15:26:44,127 - MCP Server - WARNING - Agent marked as inactive: file_agent (instance: file_agent_1765869869)
2025-12-16 15:26:44,128 - MCP Server - WARNING - Agent marked as inactive: settings_agent (instance: settings_agent_1765869870)
2025-12-16 15:26:44,128 - MCP Server - WARNING - Agent marked as inactive: network_agent (instance: network_agent_1765869871)
2025-12-16 15:26:44,128 - MCP Server - WARNING - Agent marked as inactive: app_agent (instance: app_agent_1765869872)
2025-12-16 15:26:44,128 - MCP Server - WARNING - Agent marked as inactive: monitor_agent (instance: monitor_agent_1765869873)
2025-12-16 15:26:44,128 - MCP Server - WARNING - Agent marked as inactive: media_agent (instance: media_agent_1765869874)
2025-12-16 15:26:47,131 - MCP Server - WARNING - Agent marked as inactive: file_agent (instance: file_agent_1765869869)
2025-12-16 15:26:47,132 - MCP Server - WARNING - Agent marked as inactive: settings_agent (instance: settings_agent_1765869870)
2025-12-16 15:26:47,132 - MCP Server - WARNING - Agent marked as inactive: network_agent (instance: network_agent_1765869871)
2025-12-16 15:26:47,132 - MCP Server - WARNING - Agent marked as inactive: app_agent (instance: app_agent_1765869872)
2025-12-16 15:26:47,132 - MCP Server - WARNING - Agent marked as inactive: monitor_agent (instance: monitor_agent_1765869873)
2025-12-16 15:26:47,132 - MCP Server - WARNING - Agent marked as inactive: media_agent (instance: media_agent_1765869874)
2025-12-16 15:26:50,135 - MCP Server - WARNING - Agent marked as inactive: file_agent (instance: file_agent_1765869869)
2025-12-16 15:26:50,136 - MCP Server - WARNING - Agent marked as inactive: settings_agent (instance: settings_agent_1765869870)
2025-12-16 15:26:50,136 - MCP Server - WARNING - Agent marked as inactive: network_agent (instance: network_agent_1765869871)
2025-12-16 15:26:50,136 - MCP Server - WARNING - Agent marked as inactive: app_agent (instance: app_agent_1765869872)
2025-12-16 15:26:50,136 - MCP Server - WARNING - Agent marked as inactive: monitor_agent (instance: monitor_agent_1765869873)
2025-12-16 15:26:50,136 - MCP Server - WARNING - Agent marked as inactive: media_agent (instance: media_agent_1765869874)
2025-12-16 15:26:53,139 - MCP Server - WARNING - Agent marked as inactive: file_agent (instance: file_agent_1765869869)
2025-12-16 15:26:53,139 - MCP Server - WARNING - Agent marked as inactive: settings_agent (instance: settings_agent_1765869870)
2025-12-16 15:26:53,139 - MCP Server - WARNING - Agent marked as inactive: network_agent (instance: network_agent_1765869871)
2025-12-16 15:26:53,139 - MCP Server - WARNING - Agent marked as inactive: app_agent (instance: app_agent_1765869872)
2025-12-16 15:26:53,139 - MCP Server - WARNING - Agent marked as inactive: monitor_agent (instance: monitor_agent_1765869873)
2025-12-16 15:26:53,139 - MCP Server - WARNING - Agent marked as inactive: media_agent (instance: media_agent_1765869874)
2025-12-16 15:26:56,143 - MCP Server - WARNING - Agent marked as inactive: file_agent (instance: file_agent_1765869869)
2025-12-16 15:26:56,143 - MCP Server - WARNING - Agent marked as inactive: settings_agent (instance: settings_agent_1765869870)
2025-12-16 15:26:56,143 - MCP Server - WARNING - Agent marked as inactive: network_agent (instance: network_agent_1765869871)
2025-12-16 15:26:56,143 - MCP Server - WARNING - Agent marked as inactive: app_agent (instance: app_agent_1765869872)
2025-12-16 15:26:56,143 - MCP Server - WARNING - Agent marked as inactive: monitor_agent (instance: monitor_agent_1765869873)
2025-12-16 15:26:56,143 - MCP Server - WARNING - Agent marked as inactive: media_agent (instance: media_agent_1765869874)
2025-12-16 15:26:59,147 - MCP Server - WARNING - Agent marked as inactive: file_agent (instance: file_agent_1765869869)
2025-12-16 15:26:59,147 - MCP Server - WARNING - Agent marked as inactive: settings_agent (instance: settings_agent_1765869870)
2025-12-16 15:26:59,147 - MCP Server - WARNING - Agent marked as inactive: network_agent (instance: network_agent_1765869871)
2025-12-16 15:26:59,147 - MCP Server - WARNING - Agent marked as inactive: app_agent (instance: app_agent_1765869872)
2025-12-16 15:26:59,147 - MCP Server - WARNING - Agent marked as inactive: monitor_agent (instance: monitor_agent_1765869873)
2025-12-16 15:26:59,147 - MCP Server - WARNING - Agent marked as inactive: media_agent (instance: media_agent_1765869874)
2025-12-16 15:27:02,148 - MCP Server - WARNING - Agent marked as inactive: file_agent (instance: file_agent_1765869869)
2025-12-16 15:27:02,148 - MCP Server - WARNING - Agent marked as inactive: settings_agent (instance: settings_agent_1765869870)
2025-12-16 15:27:02,148 - MCP Server - WARNING - Agent marked as inactive: network_agent (instance: network_agent_1765869871)
2025-12-16 15:27:02,148 - MCP Server - WARNING - Agent marked as inactive: app_agent (instance: app_agent_1765869872)
2025-12-16 15:27:02,148 - MCP Server - WARNING - Agent marked as inactive: monitor_agent (instance: monitor_agent_1765869873)
2025-12-16 15:27:02,148 - MCP Server - WARNING - Agent marked as inactive: media_agent (instance: media_agent_1765869874)
2025-12-16 15:27:05,152 - MCP Server - WARNING - Agent marked as inactive: file_agent (instance: file_agent_1765869869)
2025-12-16 15:27:05,152 - MCP Server - WARNING - Agent marked as inactive: settings_agent (instance: settings_agent_1765869870)
2025-12-16 15:27:05,152 - MCP Server - WARNING - Agent marked as inactive: network_agent (instance: network_agent_1765869871)
2025-12-16 15:27:05,152 - MCP Server - WARNING - Agent marked as inactive: app_agent (instance: app_agent_1765869872)
2025-12-16 15:27:05,152 - MCP Server - WARNING - Agent marked as inactive: monitor_agent (instance: monitor_agent_1765869873)
2025-12-16 15:27:05,152 - MCP Server - WARNING - Agent marked as inactive: media_agent (instance: media_agent_1765869874)
2025-12-16 15:27:08,155 - MCP Server - WARNING - Agent marked as inactive: file_agent (instance: file_agent_1765869869)
2025-12-16 15:27:08,155 - MCP Server - WARNING - Agent marked as inactive: settings_agent (instance: settings_agent_1765869870)
2025-12-16 15:27:08,155 - MCP Server - WARNING - Agent marked as inactive: network_agent (instance: network_agent_1765869871)
2025-12-16 15:27:08,156 - MCP Server - WARNING - Agent marked as inactive: app_agent (instance: app_agent_1765869872)
2025-12-16 15:27:08,156 - MCP Server - WARNING - Agent marked as inactive: monitor_agent (instance: monitor_agent_1765869873)
2025-12-16 15:27:08,156 - MCP Server - WARNING - Agent marked as inactive: media_agent (instance: media_agent_1765869874)
2025-12-16 15:27:11,159 - MCP Server - WARNING - Agent marked as inactive: file_agent (instance: file_agent_1765869869)
2025-12-16 15:27:11,159 - MCP Server - WARNING - Agent marked as inactive: settings_agent (instance: settings_agent_1765869870)
2025-12-16 15:27:11,159 - MCP Server - WARNING - Agent marked as inactive: network_agent (instance: network_agent_1765869871)
2025-12-16 15:27:11,159 - MCP Server - WARNING - Agent marked as inactive: app_agent (instance: app_agent_1765869872)
2025-12-16 15:27:11,160 - MCP Server - WARNING - Agent marked as inactive: monitor_agent (instance: monitor_agent_1765869873)
2025-12-16 15:27:11,160 - MCP Server - WARNING - Agent marked as inactive: media_agent (instance: media_agent_1765869874)
2025-12-16 15:27:14,163 - MCP Server - WARNING - Agent marked as inactive: file_agent (instance: file_agent_1765869869)
2025-12-16 15:27:14,163 - MCP Server - WARNING - Agent marked as inactive: settings_agent (instance: settings_agent_1765869870)
2025-12-16 15:27:14,163 - MCP Server - WARNING - Agent marked as inactive: network_agent (instance: network_agent_1765869871)
2025-12-16 15:27:14,163 - MCP Server - WARNING - Agent marked as inactive: app_agent (instance: app_agent_1765869872)
2025-12-16 15:27:14,163 - MCP Server - WARNING - Agent marked as inactive: monitor_agent (instance: monitor_agent_1765869873)
2025-12-16 15:27:14,163 - MCP Server - WARNING - Agent marked as inactive: media_agent (instance: media_agent_1765869874)
2025-12-16 15:27:17,166 - MCP Server - WARNING - Agent marked as inactive: file_agent (instance: file_agent_1765869869)
2025-12-16 15:27:17,167 - MCP Server - WARNING - Agent marked as inactive: settings_agent (instance: settings_agent_1765869870)
2025-12-16 15:27:17,167 - MCP Server - WARNING - Agent marked as inactive: network_agent (instance: network_agent_1765869871)
2025-12-16 15:27:17,167 - MCP Server - WARNING - Agent marked as inactive: app_agent (instance: app_agent_1765869872)
2025-12-16 15:27:17,167 - MCP Server - WARNING - Agent marked as inactive: monitor_agent (instance: monitor_agent_1765869873)
2025-12-16 15:27:17,167 - MCP Server - WARNING - Agent marked as inactive: media_agent (instance: media_agent_1765869874)
2025-12-16 15:27:20,170 - MCP Server - WARNING - Agent marked as inactive: file_agent (instance: file_agent_1765869869)
2025-12-16 15:27:20,171 - MCP Server - WARNING - Agent marked as inactive: settings_agent (instance: settings_agent_1765869870)
2025-12-16 15:27:20,171 - MCP Server - WARNING - Agent marked as inactive: network_agent (instance: network_agent_1765869871)
2025-12-16 15:27:20,171 - MCP Server - WARNING - Agent marked as inactive: app_agent (instance: app_agent_1765869872)
2025-12-16 15:27:20,171 - MCP Server - WARNING - Agent marked as inactive: monitor_agent (instance: monitor_agent_1765869873)
2025-12-16 15:27:20,171 - MCP Server - WARNING - Agent marked as inactive: media_agent (instance: media_agent_1765869874)
2025-12-16 15:27:23,174 - MCP Server - WARNING - Agent marked as inactive: file_agent (instance: file_agent_1765869869)
2025-12-16 15:27:23,175 - MCP Server - WARNING - Agent marked as inactive: settings_agent (instance: settings_agent_1765869870)
2025-12-16 15:27:23,175 - MCP Server - WARNING - Agent marked as inactive: network_agent (instance: network_agent_1765869871)
2025-12-16 15:27:23,175 - MCP Server - WARNING - Agent marked as inactive: app_agent (instance: app_agent_1765869872)
2025-12-16 15:27:23,175 - MCP Server - WARNING - Agent marked as inactive: monitor_agent (instance: monitor_agent_1765869873)
2025-12-16 15:27:23,175 - MCP Server - WARNING - Agent marked as inactive: media_agent (instance: media_agent_1765869874)
2025-12-16 15:27:26,178 - MCP Server - WARNING - Agent marked as inactive: file_agent (instance: file_agent_1765869869)
2025-12-16 15:27:26,179 - MCP Server - WARNING - Agent marked as inactive: settings_agent (instance: settings_agent_1765869870)
2025-12-16 15:27:26,179 - MCP Server - WARNING - Agent marked as inactive: network_agent (instance: network_agent_1765869871)
2025-12-16 15:27:26,179 - MCP Server - WARNING - Agent marked as inactive: app_agent (instance: app_agent_1765869872)
2025-12-16 15:27:26,179 - MCP Server - WARNING - Agent marked as inactive: monitor_agent (instance: monitor_agent_1765869873)
2025-12-16 15:27:26,179 - MCP Server - WARNING - Agent marked as inactive: media_agent (instance: media_agent_1765869874)
2025-12-16 15:27:29,182 - MCP Server - WARNING - Agent marked as inactive: file_agent (instance: file_agent_1765869869)
2025-12-16 15:27:29,183 - MCP Server - WARNING - Agent marked as inactive: settings_agent (instance: settings_agent_1765869870)
2025-12-16 15:27:29,183 - MCP Server - WARNING - Agent marked as inactive: network_agent (instance: network_agent_1765869871)
2025-12-16 15:27:29,183 - MCP Server - WARNING - Agent marked as inactive: app_agent (instance: app_agent_1765869872)
2025-12-16 15:27:29,183 - MCP Server - WARNING - Agent marked as inactive: monitor_agent (instance: monitor_agent_1765869873)
2025-12-16 15:27:29,183 - MCP Server - WARNING - Agent marked as inactive: media_agent (instance: media_agent_1765869874)
2025-12-16 15:27:32,184 - MCP Server - WARNING - Agent marked as inactive: file_agent (instance: file_agent_1765869869)
2025-12-16 15:27:32,184 - MCP Server - WARNING - Agent marked as inactive: settings_agent (instance: settings_agent_1765869870)
2025-12-16 15:27:32,184 - MCP Server - WARNING - Agent marked as inactive: network_agent (instance: network_agent_1765869871)
2025-12-16 15:27:32,184 - MCP Server - WARNING - Agent marked as inactive: app_agent (instance: app_agent_1765869872)
2025-12-16 15:27:32,185 - MCP Server - WARNING - Agent marked as inactive: monitor_agent (instance: monitor_agent_1765869873)
2025-12-16 15:27:32,185 - MCP Server - WARNING - Agent marked as inactive: media_agent (instance: media_agent_1765869874)
2025-12-16 15:27:35,188 - MCP Server - WARNING - Agent marked as inactive: file_agent (instance: file_agent_1765869869)
2025-12-16 15:27:35,188 - MCP Server - WARNING - Agent marked as inactive: settings_agent (instance: settings_agent_1765869870)
2025-12-16 15:27:35,188 - MCP Server - WARNING - Agent marked as inactive: network_agent (instance: network_agent_1765869871)
2025-12-16 15:27:35,188 - MCP Server - WARNING - Agent marked as inactive: app_agent (instance: app_agent_1765869872)
2025-12-16 15:27:35,189 - MCP Server - WARNING - Agent marked as inactive: monitor_agent (instance: monitor_agent_1765869873)
2025-12-16 15:27:35,189 - MCP Server - WARNING - Agent marked as inactive: media_agent (instance: media_agent_1765869874)
2025-12-16 15:27:38,192 - MCP Server - WARNING - Agent marked as inactive: file_agent (instance: file_agent_1765869869)
2025-12-16 15:27:38,192 - MCP Server - WARNING - Agent marked as inactive: settings_agent (instance: settings_agent_1765869870)
2025-12-16 15:27:38,192 - MCP Server - WARNING - Agent marked as inactive: network_agent (instance: network_agent_1765869871)
2025-12-16 15:27:38,192 - MCP Server - WARNING - Agent marked as inactive: app_agent (instance: app_agent_1765869872)
2025-12-16 15:27:38,192 - MCP Server - WARNING - Agent marked as inactive: monitor_agent (instance: monitor_agent_1765869873)
2025-12-16 15:27:38,193 - MCP Server - WARNING - Agent marked as inactive: media_agent (instance: media_agent_1765869874)
2025-12-16 15:27:41,196 - MCP Server - WARNING - Agent marked as inactive: file_agent (instance: file_agent_1765869869)
2025-12-16 15:27:41,196 - MCP Server - WARNING - Agent marked as inactive: settings_agent (instance: settings_agent_1765869870)
2025-12-16 15:27:41,196 - MCP Server - WARNING - Agent marked as inactive: network_agent (instance: network_agent_1765869871)
2025-12-16 15:27:41,196 - MCP Server - WARNING - Agent marked as inactive: app_agent (instance: app_agent_1765869872)
2025-12-16 15:27:41,196 - MCP Server - WARNING - Agent marked as inactive: monitor_agent (instance: monitor_agent_1765869873)
2025-12-16 15:27:41,197 - MCP Server - WARNING - Agent marked as inactive: media_agent (instance: media_agent_1765869874)
2025-12-16 15:27:44,200 - MCP Server - WARNING - Agent marked as inactive: file_agent (instance: file_agent_1765869869)
2025-12-16 15:27:44,200 - MCP Server - WARNING - Agent marked as inactive: settings_agent (instance: settings_agent_1765869870)
2025-12-16 15:27:44,200 - MCP Server - WARNING - Agent marked as inactive: network_agent (instance: network_agent_1765869871)
2025-12-16 15:27:44,200 - MCP Server - WARNING - Agent marked as inactive: app_agent (instance: app_agent_1765869872)
2025-12-16 15:27:44,200 - MCP Server - WARNING - Agent marked as inactive: monitor_agent (instance: monitor_agent_1765869873)
2025-12-16 15:27:44,200 - MCP Server - WARNING - Agent marked as inactive: media_agent (instance: media_agent_1765869874)
2025-12-16 15:27:47,204 - MCP Server - WARNING - Agent marked as inactive: file_agent (instance: file_agent_1765869869)
2025-12-16 15:27:47,204 - MCP Server - WARNING - Agent marked as inactive: settings_agent (instance: settings_agent_1765869870)
2025-12-16 15:27:47,204 - MCP Server - WARNING - Agent marked as inactive: network_agent (instance: network_agent_1765869871)
2025-12-16 15:27:47,204 - MCP Server - WARNING - Agent marked as inactive: app_agent (instance: app_agent_1765869872)
2025-12-16 15:27:47,204 - MCP Server - WARNING - Agent marked as inactive: monitor_agent (instance: monitor_agent_1765869873)
2025-12-16 15:27:47,204 - MCP Server - WARNING - Agent marked as inactive: media_agent (instance: media_agent_1765869874)
2025-12-16 15:27:50,207 - MCP Server - WARNING - Agent marked as inactive: file_agent (instance: file_agent_1765869869)
2025-12-16 15:27:50,207 - MCP Server - WARNING - Agent marked as inactive: settings_agent (instance: settings_agent_1765869870)
2025-12-16 15:27:50,207 - MCP Server - WARNING - Agent marked as inactive: network_agent (instance: network_agent_1765869871)
2025-12-16 15:27:50,207 - MCP Server - WARNING - Agent marked as inactive: app_agent (instance: app_agent_1765869872)
2025-12-16 15:27:50,207 - MCP Server - WARNING - Agent marked as inactive: monitor_agent (instance: monitor_agent_1765869873)
2025-12-16 15:27:50,207 - MCP Server - WARNING - Agent marked as inactive: media_agent (instance: media_agent_1765869874)
2025-12-16 15:27:53,208 - MCP Server - WARNING - Agent marked as inactive: file_agent (instance: file_agent_1765869869)
2025-12-16 15:27:53,209 - MCP Server - WARNING - Agent marked as inactive: settings_agent (instance: settings_agent_1765869870)
2025-12-16 15:27:53,209 - MCP Server - WARNING - Agent marked as inactive: network_agent (instance: network_agent_1765869871)
2025-12-16 15:27:53,209 - MCP Server - WARNING - Agent marked as inactive: app_agent (instance: app_agent_1765869872)
2025-12-16 15:27:53,209 - MCP Server - WARNING - Agent marked as inactive: monitor_agent (instance: monitor_agent_1765869873)
2025-12-16 15:27:53,209 - MCP Server - WARNING - Agent marked as inactive: media_agent (instance: media_agent_1765869874)
2025-12-16 15:27:56,212 - MCP Server - WARNING - Agent marked as inactive: file_agent (instance: file_agent_1765869869)
2025-12-16 15:27:56,213 - MCP Server - WARNING - Agent marked as inactive: settings_agent (instance: settings_agent_1765869870)
2025-12-16 15:27:56,213 - MCP Server - WARNING - Agent marked as inactive: network_agent (instance: network_agent_1765869871)
2025-12-16 15:27:56,213 - MCP Server - WARNING - Agent marked as inactive: app_agent (instance: app_agent_1765869872)
2025-12-16 15:27:56,213 - MCP Server - WARNING - Agent marked as inactive: monitor_agent (instance: monitor_agent_1765869873)
2025-12-16 15:27:56,213 - MCP Server - WARNING - Agent marked as inactive: media_agent (instance: media_agent_1765869874)
2025-12-16 15:27:59,216 - MCP Server - WARNING - Agent marked as inactive: file_agent (instance: file_agent_1765869869)
2025-12-16 15:27:59,217 - MCP Server - WARNING - Agent marked as inactive: settings_agent (instance: settings_agent_1765869870)
2025-12-16 15:27:59,217 - MCP Server - WARNING - Agent marked as inactive: network_agent (instance: network_agent_1765869871)
2025-12-16 15:27:59,217 - MCP Server - WARNING - Agent marked as inactive: app_agent (instance: app_agent_1765869872)
2025-12-16 15:27:59,217 - MCP Server - WARNING - Agent marked as inactive: monitor_agent (instance: monitor_agent_1765869873)
2025-12-16 15:27:59,217 - MCP Server - WARNING - Agent marked as inactive: media_agent (instance: media_agent_1765869874)
2025-12-16 15:28:02,220 - MCP Server - WARNING - Agent marked as inactive: file_agent (instance: file_agent_1765869869)
2025-12-16 15:28:02,221 - MCP Server - WARNING - Agent marked as inactive: settings_agent (instance: settings_agent_1765869870)
2025-12-16 15:28:02,221 - MCP Server - WARNING - Agent marked as inactive: network_agent (instance: network_agent_1765869871)
2025-12-16 15:28:02,221 - MCP Server - WARNING - Agent marked as inactive: app_agent (instance: app_agent_1765869872)
2025-12-16 15:28:02,221 - MCP Server - WARNING - Agent marked as inactive: monitor_agent (instance: monitor_agent_1765869873)
2025-12-16 15:28:02,221 - MCP Server - WARNING - Agent marked as inactive: media_agent (instance: media_agent_1765869874)
2025-12-16 15:28:05,224 - MCP Server - WARNING - Agent marked as inactive: file_agent (instance: file_agent_1765869869)
2025-12-16 15:28:05,224 - MCP Server - WARNING - Agent marked as inactive: settings_agent (instance: settings_agent_1765869870)
2025-12-16 15:28:05,224 - MCP Server - WARNING - Agent marked as inactive: network_agent (instance: network_agent_1765869871)
2025-12-16 15:28:05,224 - MCP Server - WARNING - Agent marked as inactive: app_agent (instance: app_agent_1765869872)
2025-12-16 15:28:05,224 - MCP Server - WARNING - Agent marked as inactive: monitor_agent (instance: monitor_agent_1765869873)
2025-12-16 15:28:05,225 - MCP Server - WARNING - Agent marked as inactive: media_agent (instance: media_agent_1765869874)
2025-12-16 15:28:08,228 - MCP Server - WARNING - Agent marked as inactive: file_agent (instance: file_agent_1765869869)
2025-12-16 15:28:08,228 - MCP Server - WARNING - Agent marked as inactive: settings_agent (instance: settings_agent_1765869870)
2025-12-16 15:28:08,228 - MCP Server - WARNING - Agent marked as inactive: network_agent (instance: network_agent_1765869871)
2025-12-16 15:28:08,228 - MCP Server - WARNING - Agent marked as inactive: app_agent (instance: app_agent_1765869872)
2025-12-16 15:28:08,228 - MCP Server - WARNING - Agent marked as inactive: monitor_agent (instance: monitor_agent_1765869873)
2025-12-16 15:28:08,228 - MCP Server - WARNING - Agent marked as inactive: media_agent (instance: media_agent_1765869874)
2025-12-16 15:28:11,232 - MCP Server - WARNING - Agent marked as inactive: file_agent (instance: file_agent_1765869869)
2025-12-16 15:28:11,232 - MCP Server - WARNING - Agent marked as inactive: settings_agent (instance: settings_agent_1765869870)
2025-12-16 15:28:11,232 - MCP Server - WARNING - Agent marked as inactive: network_agent (instance: network_agent_1765869871)
2025-12-16 15:28:11,232 - MCP Server - WARNING - Agent marked as inactive: app_agent (instance: app_agent_1765869872)
2025-12-16 15:28:11,232 - MCP Server - WARNING - Agent marked as inactive: monitor_agent (instance: monitor_agent_1765869873)
2025-12-16 15:28:11,232 - MCP Server - WARNING - Agent marked as inactive: media_agent (instance: media_agent_1765869874)
2025-12-16 15:28:14,236 - MCP Server - WARNING - Agent marked as inactive: file_agent (instance: file_agent_1765869869)
2025-12-16 15:28:14,236 - MCP Server - WARNING - Agent marked as inactive: settings_agent (instance: settings_agent_1765869870)
2025-12-16 15:28:14,236 - MCP Server - WARNING - Agent marked as inactive: network_agent (instance: network_agent_1765869871)
2025-12-16 15:28:14,236 - MCP Server - WARNING - Agent marked as inactive: app_agent (instance: app_agent_1765869872)
2025-12-16 15:28:14,236 - MCP Server - WARNING - Agent marked as inactive: monitor_agent (instance: monitor_agent_1765869873)
2025-12-16 15:28:14,236 - MCP Server - WARNING - Agent marked as inactive: media_agent (instance: media_agent_1765869874)
2025-12-16 15:28:17,240 - MCP Server - WARNING - Agent marked as inactive: file_agent (instance: file_agent_1765869869)
2025-12-16 15:28:17,240 - MCP Server - WARNING - Agent marked as inactive: settings_agent (instance: settings_agent_1765869870)
2025-12-16 15:28:17,240 - MCP Server - WARNING - Agent marked as inactive: network_agent (instance: network_agent_1765869871)
2025-12-16 15:28:17,240 - MCP Server - WARNING - Agent marked as inactive: app_agent (instance: app_agent_1765869872)
2025-12-16 15:28:17,240 - MCP Server - WARNING - Agent marked as inactive: monitor_agent (instance: monitor_agent_1765869873)
2025-12-16 15:28:17,240 - MCP Server - WARNING - Agent marked as inactive: media_agent (instance: media_agent_1765869874)
2025-12-16 15:28:20,244 - MCP Server - WARNING - Agent marked as inactive: file_agent (instance: file_agent_1765869869)
2025-12-16 15:28:20,244 - MCP Server - WARNING - Agent marked as inactive: settings_agent (instance: settings_agent_1765869870)
2025-12-16 15:28:20,244 - MCP Server - WARNING - Agent marked as inactive: network_agent (instance: network_agent_1765869871)
2025-12-16 15:28:20,244 - MCP Server - WARNING - Agent marked as inactive: app_agent (instance: app_agent_1765869872)
2025-12-16 15:28:20,244 - MCP Server - WARNING - Agent marked as inactive: monitor_agent (instance: monitor_agent_1765869873)
2025-12-16 15:28:20,244 - MCP Server - WARNING - Agent marked as inactive: media_agent (instance: media_agent_1765869874)
2025-12-16 15:28:23,247 - MCP Server - WARNING - Agent marked as inactive: file_agent (instance: file_agent_1765869869)
2025-12-16 15:28:23,248 - MCP Server - WARNING - Agent marked as inactive: settings_agent (instance: settings_agent_1765869870)
2025-12-16 15:28:23,248 - MCP Server - WARNING - Agent marked as inactive: network_agent (instance: network_agent_1765869871)
2025-12-16 15:28:23,248 - MCP Server - WARNING - Agent marked as inactive: app_agent (instance: app_agent_1765869872)
2025-12-16 15:28:23,248 - MCP Server - WARNING - Agent marked as inactive: monitor_agent (instance: monitor_agent_1765869873)
2025-12-16 15:28:23,248 - MCP Server - WARNING - Agent marked as inactive: media_agent (instance: media_agent_1765869874)
2025-12-16 15:28:26,251 - MCP Server - WARNING - Agent marked as inactive: file_agent (instance: file_agent_1765869869)
2025-12-16 15:28:26,251 - MCP Server - WARNING - Agent marked as inactive: settings_agent (instance: settings_agent_1765869870)
2025-12-16 15:28:26,252 - MCP Server - WARNING - Agent marked as inactive: network_agent (instance: network_agent_1765869871)
2025-12-16 15:28:26,252 - MCP Server - WARNING - Agent marked as inactive: app_agent (instance: app_agent_1765869872)
2025-12-16 15:28:26,252 - MCP Server - WARNING - Agent marked as inactive: monitor_agent (instance: monitor_agent_1765869873)
2025-12-16 15:28:26,252 - MCP Server - WARNING - Agent marked as inactive: media_agent (instance: media_agent_1765869874)
2025-12-16 15:28:29,255 - MCP Server - WARNING - Agent marked as inactive: file_agent (instance: file_agent_1765869869)
2025-12-16 15:28:29,255 - MCP Server - WARNING - Agent marked as inactive: settings_agent (instance: settings_agent_1765869870)
2025-12-16 15:28:29,256 - MCP Server - WARNING - Agent marked as inactive: network_agent (instance: network_agent_1765869871)
2025-12-16 15:28:29,256 - MCP Server - WARNING - Agent marked as inactive: app_agent (instance: app_agent_1765869872)
2025-12-16 15:28:29,256 - MCP Server - WARNING - Agent marked as inactive: monitor_agent (instance: monitor_agent_1765869873)
2025-12-16 15:28:29,256 - MCP Server - WARNING - Agent marked as inactive: media_agent (instance: media_agent_1765869874)
2025-12-16 15:28:32,259 - MCP Server - WARNING - Agent marked as inactive: file_agent (instance: file_agent_1765869869)
2025-12-16 15:28:32,259 - MCP Server - WARNING - Agent marked as inactive: settings_agent (instance: settings_agent_1765869870)
2025-12-16 15:28:32,259 - MCP Server - WARNING - Agent marked as inactive: network_agent (instance: network_agent_1765869871)
2025-12-16 15:28:32,259 - MCP Server - WARNING - Agent marked as inactive: app_agent (instance: app_agent_1765869872)
2025-12-16 15:28:32,260 - MCP Server - WARNING - Agent marked as inactive: monitor_agent (instance: monitor_agent_1765869873)
2025-12-16 15:28:32,260 - MCP Server - WARNING - Agent marked as inactive: media_agent (instance: media_agent_1765869874)
2025-12-16 15:28:34,349 - MCP Server - WARNING - 协作日志模块未找到，日志记录功能不可用
2025-12-16 15:28:34,350 - MCP Server - INFO - MCP Server initialized and registered on DBus
2025-12-16 15:28:34,350 - MCP Server - INFO - Tool added: echo
2025-12-16 15:28:34,351 - MCP Server - INFO - Heartbeat monitor started (3s interval)
2025-12-16 15:28:34,351 - MCP Server - INFO - ============================================================
2025-12-16 15:28:34,351 - MCP Server - INFO - MCP Server started successfully
2025-12-16 15:28:34,351 - MCP Server - INFO - ============================================================
2025-12-16 15:28:34,351 - MCP Server - INFO - Service name: com.kylin.mcp.MasterAgent
2025-12-16 15:28:34,351 - MCP Server - INFO - Object path: /com/kylin/mcp/MasterAgent
2025-12-16 15:28:34,351 - MCP Server - INFO - Interface name: com.kylin.mcp.MasterAgent
2025-12-16 15:28:34,351 - MCP Server - INFO - 
2025-12-16 15:28:34,351 - MCP Server - INFO - 等待子智能体注册...
2025-12-16 15:28:34,351 - MCP Server - INFO - ============================================================
2025-12-16 15:28:35,263 - MCP Server - WARNING - Agent marked as inactive: file_agent (instance: file_agent_1765869869)
2025-12-16 15:28:35,263 - MCP Server - WARNING - Agent marked as inactive: settings_agent (instance: settings_agent_1765869870)
2025-12-16 15:28:35,263 - MCP Server - WARNING - Agent marked as inactive: network_agent (instance: network_agent_1765869871)
2025-12-16 15:28:35,264 - MCP Server - WARNING - Agent marked as inactive: app_agent (instance: app_agent_1765869872)
2025-12-16 15:28:35,264 - MCP Server - WARNING - Agent marked as inactive: monitor_agent (instance: monitor_agent_1765869873)
2025-12-16 15:28:35,264 - MCP Server - WARNING - Agent marked as inactive: media_agent (instance: media_agent_1765869874)
2025-12-16 15:28:37,387 - MCP Server - INFO - Child agent registered: file_agent (instance: file_agent_1765870117)
2025-12-16 15:28:37,387 - MCP Server - INFO -   Tools: ['file_agent.search_file', 'file_agent.move_to_trash', 'file_agent.batch_rename']
2025-12-16 15:28:38,267 - MCP Server - WARNING - Agent marked as inactive: file_agent (instance: file_agent_1765869869)
2025-12-16 15:28:38,267 - MCP Server - WARNING - Agent marked as inactive: settings_agent (instance: settings_agent_1765869870)
2025-12-16 15:28:38,267 - MCP Server - WARNING - Agent marked as inactive: network_agent (instance: network_agent_1765869871)
2025-12-16 15:28:38,267 - MCP Server - WARNING - Agent marked as inactive: app_agent (instance: app_agent_1765869872)
2025-12-16 15:28:38,267 - MCP Server - WARNING - Agent marked as inactive: monitor_agent (instance: monitor_agent_1765869873)
2025-12-16 15:28:38,267 - MCP Server - WARNING - Agent marked as inactive: media_agent (instance: media_agent_1765869874)
2025-12-16 15:28:38,386 - MCP Server - INFO - Child agent registered: settings_agent (instance: settings_agent_1765870118)
2025-12-16 15:28:38,387 - MCP Server - INFO -   Tools: ['settings_agent.change_wallpaper', 'settings_agent.adjust_volume', 'settings_agent.bluetooth_manage']
2025-12-16 15:28:39,392 - MCP Server - INFO - Child agent registered: network_agent (instance: network_agent_1765870119)
2025-12-16 15:28:39,392 - MCP Server - INFO -   Tools: ['network_agent.list_wifi', 'network_agent.connect_wifi', 'network_agent.disconnect_wifi', 'network_agent.get_wifi_status', 'network_agent.set_proxy', 'network_agent.clear_proxy', 'network_agent.get_proxy_status', 'network_agent.speed_test', 'network_agent.get_network_status']
2025-12-16 15:28:40,404 - MCP Server - INFO - Child agent registered: app_agent (instance: app_agent_1765870120)
2025-12-16 15:28:40,404 - MCP Server - INFO -   Tools: ['app_agent.find_app', 'app_agent.launch_app', 'app_agent.close_app', 'app_agent.list_running_apps', 'app_agent.is_app_running', 'app_agent.app_quick_operation']
2025-12-16 15:28:41,270 - MCP Server - WARNING - Agent marked as inactive: file_agent (instance: file_agent_1765869869)
2025-12-16 15:28:41,270 - MCP Server - WARNING - Agent marked as inactive: settings_agent (instance: settings_agent_1765869870)
2025-12-16 15:28:41,270 - MCP Server - WARNING - Agent marked as inactive: network_agent (instance: network_agent_1765869871)
2025-12-16 15:28:41,271 - MCP Server - WARNING - Agent marked as inactive: app_agent (instance: app_agent_1765869872)
2025-12-16 15:28:41,271 - MCP Server - WARNING - Agent marked as inactive: monitor_agent (instance: monitor_agent_1765869873)
2025-12-16 15:28:41,271 - MCP Server - WARNING - Agent marked as inactive: media_agent (instance: media_agent_1765869874)
2025-12-16 15:28:41,407 - MCP Server - INFO - Child agent registered: monitor_agent (instance: monitor_agent_1765870121)
2025-12-16 15:28:41,407 - MCP Server - INFO -   Tools: ['monitor_agent.get_system_status', 'monitor_agent.clean_background_process', 'monitor_agent.monitor_agent_status']
2025-12-16 15:28:42,403 - MCP Server - INFO - Child agent registered: media_agent (instance: media_agent_1765870122)
2025-12-16 15:28:42,404 - MCP Server - INFO -   Tools: ['media_agent.play_media', 'media_agent.media_control', 'media_agent.capture_media_frame']
2025-12-16 15:28:44,273 - MCP Server - WARNING - Agent marked as inactive: file_agent (instance: file_agent_1765869869)
2025-12-16 15:28:44,273 - MCP Server - WARNING - Agent marked as inactive: settings_agent (instance: settings_agent_1765869870)
2025-12-16 15:28:44,273 - MCP Server - WARNING - Agent marked as inactive: network_agent (instance: network_agent_1765869871)
2025-12-16 15:28:44,273 - MCP Server - WARNING - Agent marked as inactive: app_agent (instance: app_agent_1765869872)
2025-12-16 15:28:44,273 - MCP Server - WARNING - Agent marked as inactive: monitor_agent (instance: monitor_agent_1765869873)
2025-12-16 15:28:44,273 - MCP Server - WARNING - Agent marked as inactive: media_agent (instance: media_agent_1765869874)
2025-12-16 15:28:47,276 - MCP Server - WARNING - Agent marked as inactive: file_agent (instance: file_agent_1765869869)
2025-12-16 15:28:47,277 - MCP Server - WARNING - Agent marked as inactive: settings_agent (instance: settings_agent_1765869870)
2025-12-16 15:28:47,277 - MCP Server - WARNING - Agent marked as inactive: network_agent (instance: network_agent_1765869871)
2025-12-16 15:28:47,277 - MCP Server - WARNING - Agent marked as inactive: app_agent (instance: app_agent_1765869872)
2025-12-16 15:28:47,277 - MCP Server - WARNING - Agent marked as inactive: monitor_agent (instance: monitor_agent_1765869873)
2025-12-16 15:28:47,277 - MCP Server - WARNING - Agent marked as inactive: media_agent (instance: media_agent_1765869874)
2025-12-16 15:28:50,280 - MCP Server - WARNING - Agent marked as inactive: file_agent (instance: file_agent_1765869869)
2025-12-16 15:28:50,280 - MCP Server - WARNING - Agent marked as inactive: settings_agent (instance: settings_agent_1765869870)
2025-12-16 15:28:50,280 - MCP Server - WARNING - Agent marked as inactive: network_agent (instance: network_agent_1765869871)
2025-12-16 15:28:50,280 - MCP Server - WARNING - Agent marked as inactive: app_agent (instance: app_agent_1765869872)
2025-12-16 15:28:50,281 - MCP Server - WARNING - Agent marked as inactive: monitor_agent (instance: monitor_agent_1765869873)
2025-12-16 15:28:50,281 - MCP Server - WARNING - Agent marked as inactive: media_agent (instance: media_agent_1765869874)
2025-12-16 15:28:53,284 - MCP Server - WARNING - Agent marked as inactive: file_agent (instance: file_agent_1765869869)
2025-12-16 15:28:53,284 - MCP Server - WARNING - Agent marked as inactive: settings_agent (instance: settings_agent_1765869870)
2025-12-16 15:28:53,284 - MCP Server - WARNING - Agent marked as inactive: network_agent (instance: network_agent_1765869871)
2025-12-16 15:28:53,284 - MCP Server - WARNING - Agent marked as inactive: app_agent (instance: app_agent_1765869872)
2025-12-16 15:28:53,285 - MCP Server - WARNING - Agent marked as inactive: monitor_agent (instance: monitor_agent_1765869873)
2025-12-16 15:28:53,285 - MCP Server - WARNING - Agent marked as inactive: media_agent (instance: media_agent_1765869874)
2025-12-16 15:28:56,288 - MCP Server - WARNING - Agent marked as inactive: file_agent (instance: file_agent_1765869869)
2025-12-16 15:28:56,288 - MCP Server - WARNING - Agent marked as inactive: settings_agent (instance: settings_agent_1765869870)
2025-12-16 15:28:56,288 - MCP Server - WARNING - Agent marked as inactive: network_agent (instance: network_agent_1765869871)
2025-12-16 15:28:56,288 - MCP Server - WARNING - Agent marked as inactive: app_agent (instance: app_agent_1765869872)
2025-12-16 15:28:56,288 - MCP Server - WARNING - Agent marked as inactive: monitor_agent (instance: monitor_agent_1765869873)
2025-12-16 15:28:56,288 - MCP Server - WARNING - Agent marked as inactive: media_agent (instance: media_agent_1765869874)
2025-12-16 15:28:59,291 - MCP Server - WARNING - Agent marked as inactive: file_agent (instance: file_agent_1765869869)
2025-12-16 15:28:59,292 - MCP Server - WARNING - Agent marked as inactive: settings_agent (instance: settings_agent_1765869870)
2025-12-16 15:28:59,292 - MCP Server - WARNING - Agent marked as inactive: network_agent (instance: network_agent_1765869871)
2025-12-16 15:28:59,292 - MCP Server - WARNING - Agent marked as inactive: app_agent (instance: app_agent_1765869872)
2025-12-16 15:28:59,292 - MCP Server - WARNING - Agent marked as inactive: monitor_agent (instance: monitor_agent_1765869873)
2025-12-16 15:28:59,292 - MCP Server - WARNING - Agent marked as inactive: media_agent (instance: media_agent_1765869874)
2025-12-16 15:29:02,295 - MCP Server - WARNING - Agent marked as inactive: file_agent (instance: file_agent_1765869869)
2025-12-16 15:29:02,296 - MCP Server - WARNING - Agent marked as inactive: settings_agent (instance: settings_agent_1765869870)
2025-12-16 15:29:02,296 - MCP Server - WARNING - Agent marked as inactive: network_agent (instance: network_agent_1765869871)
2025-12-16 15:29:02,296 - MCP Server - WARNING - Agent marked as inactive: app_agent (instance: app_agent_1765869872)
2025-12-16 15:29:02,296 - MCP Server - WARNING - Agent marked as inactive: monitor_agent (instance: monitor_agent_1765869873)
2025-12-16 15:29:02,296 - MCP Server - WARNING - Agent marked as inactive: media_agent (instance: media_agent_1765869874)
2025-12-16 15:29:05,299 - MCP Server - WARNING - Agent marked as inactive: file_agent (instance: file_agent_1765869869)
2025-12-16 15:29:05,300 - MCP Server - WARNING - Agent marked as inactive: settings_agent (instance: settings_agent_1765869870)
2025-12-16 15:29:05,300 - MCP Server - WARNING - Agent marked as inactive: network_agent (instance: network_agent_1765869871)
2025-12-16 15:29:05,300 - MCP Server - WARNING - Agent marked as inactive: app_agent (instance: app_agent_1765869872)
2025-12-16 15:29:05,300 - MCP Server - WARNING - Agent marked as inactive: monitor_agent (instance: monitor_agent_1765869873)
2025-12-16 15:29:05,300 - MCP Server - WARNING - Agent marked as inactive: media_agent (instance: media_agent_1765869874)
2025-12-16 15:29:08,303 - MCP Server - WARNING - Agent marked as inactive: file_agent (instance: file_agent_1765869869)
2025-12-16 15:29:08,304 - MCP Server - WARNING - Agent marked as inactive: settings_agent (instance: settings_agent_1765869870)
2025-12-16 15:29:08,304 - MCP Server - WARNING - Agent marked as inactive: network_agent (instance: network_agent_1765869871)
2025-12-16 15:29:08,304 - MCP Server - WARNING - Agent marked as inactive: app_agent (instance: app_agent_1765869872)
2025-12-16 15:29:08,304 - MCP Server - WARNING - Agent marked as inactive: monitor_agent (instance: monitor_agent_1765869873)
2025-12-16 15:29:08,304 - MCP Server - WARNING - Agent marked as inactive: media_agent (instance: media_agent_1765869874)
2025-12-16 15:29:11,307 - MCP Server - WARNING - Agent marked as inactive: file_agent (instance: file_agent_1765869869)
2025-12-16 15:29:11,308 - MCP Server - WARNING - Agent marked as inactive: settings_agent (instance: settings_agent_1765869870)
2025-12-16 15:29:11,308 - MCP Server - WARNING - Agent marked as inactive: network_agent (instance: network_agent_1765869871)
2025-12-16 15:29:11,308 - MCP Server - WARNING - Agent marked as inactive: app_agent (instance: app_agent_1765869872)
2025-12-16 15:29:11,308 - MCP Server - WARNING - Agent marked as inactive: monitor_agent (instance: monitor_agent_1765869873)
2025-12-16 15:29:11,308 - MCP Server - WARNING - Agent marked as inactive: media_agent (instance: media_agent_1765869874)
2025-12-16 15:29:14,311 - MCP Server - WARNING - Agent marked as inactive: file_agent (instance: file_agent_1765869869)
2025-12-16 15:29:14,312 - MCP Server - WARNING - Agent marked as inactive: settings_agent (instance: settings_agent_1765869870)
2025-12-16 15:29:14,312 - MCP Server - WARNING - Agent marked as inactive: network_agent (instance: network_agent_1765869871)
2025-12-16 15:29:14,312 - MCP Server - WARNING - Agent marked as inactive: app_agent (instance: app_agent_1765869872)
2025-12-16 15:29:14,312 - MCP Server - WARNING - Agent marked as inactive: monitor_agent (instance: monitor_agent_1765869873)
2025-12-16 15:29:14,312 - MCP Server - WARNING - Agent marked as inactive: media_agent (instance: media_agent_1765869874)
2025-12-16 15:29:17,315 - MCP Server - WARNING - Agent marked as inactive: file_agent (instance: file_agent_1765869869)
2025-12-16 15:29:17,315 - MCP Server - WARNING - Agent marked as inactive: settings_agent (instance: settings_agent_1765869870)
2025-12-16 15:29:17,315 - MCP Server - WARNING - Agent marked as inactive: network_agent (instance: network_agent_1765869871)
2025-12-16 15:29:17,315 - MCP Server - WARNING - Agent marked as inactive: app_agent (instance: app_agent_1765869872)
2025-12-16 15:29:17,315 - MCP Server - WARNING - Agent marked as inactive: monitor_agent (instance: monitor_agent_1765869873)
2025-12-16 15:29:17,315 - MCP Server - WARNING - Agent marked as inactive: media_agent (instance: media_agent_1765869874)
2025-12-16 15:29:20,318 - MCP Server - WARNING - Agent marked as inactive: file_agent (instance: file_agent_1765869869)
2025-12-16 15:29:20,318 - MCP Server - WARNING - Agent marked as inactive: settings_agent (instance: settings_agent_1765869870)
2025-12-16 15:29:20,318 - MCP Server - WARNING - Agent marked as inactive: network_agent (instance: network_agent_1765869871)
2025-12-16 15:29:20,318 - MCP Server - WARNING - Agent marked as inactive: app_agent (instance: app_agent_1765869872)
2025-12-16 15:29:20,318 - MCP Server - WARNING - Agent marked as inactive: monitor_agent (instance: monitor_agent_1765869873)
2025-12-16 15:29:20,318 - MCP Server - WARNING - Agent marked as inactive: media_agent (instance: media_agent_1765869874)
2025-12-16 15:29:23,321 - MCP Server - WARNING - Agent marked as inactive: file_agent (instance: file_agent_1765869869)
2025-12-16 15:29:23,322 - MCP Server - WARNING - Agent marked as inactive: settings_agent (instance: settings_agent_1765869870)
2025-12-16 15:29:23,322 - MCP Server - WARNING - Agent marked as inactive: network_agent (instance: network_agent_1765869871)
2025-12-16 15:29:23,322 - MCP Server - WARNING - Agent marked as inactive: app_agent (instance: app_agent_1765869872)
2025-12-16 15:29:23,322 - MCP Server - WARNING - Agent marked as inactive: monitor_agent (instance: monitor_agent_1765869873)
2025-12-16 15:29:23,322 - MCP Server - WARNING - Agent marked as inactive: media_agent (instance: media_agent_1765869874)
2025-12-16 15:29:26,325 - MCP Server - WARNING - Agent marked as inactive: file_agent (instance: file_agent_1765869869)
2025-12-16 15:29:26,326 - MCP Server - WARNING - Agent marked as inactive: settings_agent (instance: settings_agent_1765869870)
2025-12-16 15:29:26,326 - MCP Server - WARNING - Agent marked as inactive: network_agent (instance: network_agent_1765869871)
2025-12-16 15:29:26,326 - MCP Server - WARNING - Agent marked as inactive: app_agent (instance: app_agent_1765869872)
2025-12-16 15:29:26,326 - MCP Server - WARNING - Agent marked as inactive: monitor_agent (instance: monitor_agent_1765869873)
2025-12-16 15:29:26,326 - MCP Server - WARNING - Agent marked as inactive: media_agent (instance: media_agent_1765869874)
2025-12-16 15:29:29,329 - MCP Server - WARNING - Agent marked as inactive: file_agent (instance: file_agent_1765869869)
2025-12-16 15:29:29,330 - MCP Server - WARNING - Agent marked as inactive: settings_agent (instance: settings_agent_1765869870)
2025-12-16 15:29:29,330 - MCP Server - WARNING - Agent marked as inactive: network_agent (instance: network_agent_1765869871)
2025-12-16 15:29:29,330 - MCP Server - WARNING - Agent marked as inactive: app_agent (instance: app_agent_1765869872)
2025-12-16 15:29:29,330 - MCP Server - WARNING - Agent marked as inactive: monitor_agent (instance: monitor_agent_1765869873)
2025-12-16 15:29:29,330 - MCP Server - WARNING - Agent marked as inactive: media_agent (instance: media_agent_1765869874)
2025-12-16 15:29:32,333 - MCP Server - WARNING - Agent marked as inactive: file_agent (instance: file_agent_1765869869)
2025-12-16 15:29:32,334 - MCP Server - WARNING - Agent marked as inactive: settings_agent (instance: settings_agent_1765869870)
2025-12-16 15:29:32,334 - MCP Server - WARNING - Agent marked as inactive: network_agent (instance: network_agent_1765869871)
2025-12-16 15:29:32,334 - MCP Server - WARNING - Agent marked as inactive: app_agent (instance: app_agent_1765869872)
2025-12-16 15:29:32,334 - MCP Server - WARNING - Agent marked as inactive: monitor_agent (instance: monitor_agent_1765869873)
2025-12-16 15:29:32,334 - MCP Server - WARNING - Agent marked as inactive: media_agent (instance: media_agent_1765869874)
2025-12-16 15:29:35,337 - MCP Server - WARNING - Agent marked as inactive: file_agent (instance: file_agent_1765869869)
2025-12-16 15:29:35,338 - MCP Server - WARNING - Agent marked as inactive: settings_agent (instance: settings_agent_1765869870)
2025-12-16 15:29:35,338 - MCP Server - WARNING - Agent marked as inactive: network_agent (instance: network_agent_1765869871)
2025-12-16 15:29:35,338 - MCP Server - WARNING - Agent marked as inactive: app_agent (instance: app_agent_1765869872)
2025-12-16 15:29:35,338 - MCP Server - WARNING - Agent marked as inactive: monitor_agent (instance: monitor_agent_1765869873)
2025-12-16 15:29:35,338 - MCP Server - WARNING - Agent marked as inactive: media_agent (instance: media_agent_1765869874)
2025-12-16 15:29:37,411 - MCP Server - INFO - 📡 广播状态: file_agent (file_agent_1765870117) -> offline
2025-12-16 15:29:37,411 - MCP Server - WARNING - Agent marked as inactive: file_agent (instance: file_agent_1765870117)
2025-12-16 15:29:38,341 - MCP Server - WARNING - Agent marked as inactive: file_agent (instance: file_agent_1765869869)
2025-12-16 15:29:38,341 - MCP Server - WARNING - Agent marked as inactive: settings_agent (instance: settings_agent_1765869870)
2025-12-16 15:29:38,341 - MCP Server - WARNING - Agent marked as inactive: network_agent (instance: network_agent_1765869871)
2025-12-16 15:29:38,341 - MCP Server - WARNING - Agent marked as inactive: app_agent (instance: app_agent_1765869872)
2025-12-16 15:29:38,341 - MCP Server - WARNING - Agent marked as inactive: monitor_agent (instance: monitor_agent_1765869873)
2025-12-16 15:29:38,341 - MCP Server - WARNING - Agent marked as inactive: media_agent (instance: media_agent_1765869874)
2025-12-16 15:29:40,415 - MCP Server - WARNING - Agent marked as inactive: file_agent (instance: file_agent_1765870117)
2025-12-16 15:29:40,415 - MCP Server - INFO - 📡 广播状态: settings_agent (settings_agent_1765870118) -> offline
2025-12-16 15:29:40,415 - MCP Server - WARNING - Agent marked as inactive: settings_agent (instance: settings_agent_1765870118)
2025-12-16 15:29:40,416 - MCP Server - INFO - 📡 广播状态: network_agent (network_agent_1765870119) -> offline
2025-12-16 15:29:40,416 - MCP Server - WARNING - Agent marked as inactive: network_agent (instance: network_agent_1765870119)
2025-12-16 15:29:40,416 - MCP Server - INFO - 📡 广播状态: app_agent (app_agent_1765870120) -> offline
2025-12-16 15:29:40,416 - MCP Server - WARNING - Agent marked as inactive: app_agent (instance: app_agent_1765870120)
2025-12-16 15:29:41,344 - MCP Server - WARNING - Agent marked as inactive: file_agent (instance: file_agent_1765869869)
2025-12-16 15:29:41,345 - MCP Server - WARNING - Agent marked as inactive: settings_agent (instance: settings_agent_1765869870)
2025-12-16 15:29:41,345 - MCP Server - WARNING - Agent marked as inactive: network_agent (instance: network_agent_1765869871)
2025-12-16 15:29:41,345 - MCP Server - WARNING - Agent marked as inactive: app_agent (instance: app_agent_1765869872)
2025-12-16 15:29:41,345 - MCP Server - WARNING - Agent marked as inactive: monitor_agent (instance: monitor_agent_1765869873)
2025-12-16 15:29:41,345 - MCP Server - WARNING - Agent marked as inactive: media_agent (instance: media_agent_1765869874)
2025-12-16 15:29:43,419 - MCP Server - WARNING - Agent marked as inactive: file_agent (instance: file_agent_1765870117)
2025-12-16 15:29:43,419 - MCP Server - WARNING - Agent marked as inactive: settings_agent (instance: settings_agent_1765870118)
2025-12-16 15:29:43,419 - MCP Server - WARNING - Agent marked as inactive: network_agent (instance: network_agent_1765870119)
2025-12-16 15:29:43,420 - MCP Server - WARNING - Agent marked as inactive: app_agent (instance: app_agent_1765870120)
2025-12-16 15:29:43,420 - MCP Server - INFO - 📡 广播状态: monitor_agent (monitor_agent_1765870121) -> offline
2025-12-16 15:29:43,420 - MCP Server - WARNING - Agent marked as inactive: monitor_agent (instance: monitor_agent_1765870121)
2025-12-16 15:29:43,420 - MCP Server - INFO - 📡 广播状态: media_agent (media_agent_1765870122) -> offline
2025-12-16 15:29:43,420 - MCP Server - WARNING - Agent marked as inactive: media_agent (instance: media_agent_1765870122)
2025-12-16 15:29:44,348 - MCP Server - WARNING - Agent marked as inactive: file_agent (instance: file_agent_1765869869)
2025-12-16 15:29:44,349 - MCP Server - WARNING - Agent marked as inactive: settings_agent (instance: settings_agent_1765869870)
2025-12-16 15:29:44,349 - MCP Server - WARNING - Agent marked as inactive: network_agent (instance: network_agent_1765869871)
2025-12-16 15:29:44,349 - MCP Server - WARNING - Agent marked as inactive: app_agent (instance: app_agent_1765869872)
2025-12-16 15:29:44,349 - MCP Server - WARNING - Agent marked as inactive: monitor_agent (instance: monitor_agent_1765869873)
2025-12-16 15:29:44,349 - MCP Server - WARNING - Agent marked as inactive: media_agent (instance: media_agent_1765869874)
2025-12-16 15:29:46,421 - MCP Server - WARNING - Agent marked as inactive: file_agent (instance: file_agent_1765870117)
2025-12-16 15:29:46,421 - MCP Server - WARNING - Agent marked as inactive: settings_agent (instance: settings_agent_1765870118)
2025-12-16 15:29:46,421 - MCP Server - WARNING - Agent marked as inactive: network_agent (instance: network_agent_1765870119)
2025-12-16 15:29:46,421 - MCP Server - WARNING - Agent marked as inactive: app_agent (instance: app_agent_1765870120)
2025-12-16 15:29:46,421 - MCP Server - WARNING - Agent marked as inactive: monitor_agent (instance: monitor_agent_1765870121)
2025-12-16 15:29:46,422 - MCP Server - WARNING - Agent marked as inactive: media_agent (instance: media_agent_1765870122)
2025-12-16 15:29:47,352 - MCP Server - WARNING - Agent marked as inactive: file_agent (instance: file_agent_1765869869)
2025-12-16 15:29:47,352 - MCP Server - WARNING - Agent marked as inactive: settings_agent (instance: settings_agent_1765869870)
2025-12-16 15:29:47,352 - MCP Server - WARNING - Agent marked as inactive: network_agent (instance: network_agent_1765869871)
2025-12-16 15:29:47,352 - MCP Server - WARNING - Agent marked as inactive: app_agent (instance: app_agent_1765869872)
2025-12-16 15:29:47,352 - MCP Server - WARNING - Agent marked as inactive: monitor_agent (instance: monitor_agent_1765869873)
2025-12-16 15:29:47,353 - MCP Server - WARNING - Agent marked as inactive: media_agent (instance: media_agent_1765869874)
2025-12-16 15:29:50,356 - MCP Server - WARNING - Agent marked as inactive: file_agent (instance: file_agent_1765869869)
2025-12-16 15:29:50,356 - MCP Server - WARNING - Agent marked as inactive: settings_agent (instance: settings_agent_1765869870)
2025-12-16 15:29:50,356 - MCP Server - WARNING - Agent marked as inactive: network_agent (instance: network_agent_1765869871)
2025-12-16 15:29:50,356 - MCP Server - WARNING - Agent marked as inactive: app_agent (instance: app_agent_1765869872)
2025-12-16 15:29:50,356 - MCP Server - WARNING - Agent marked as inactive: monitor_agent (instance: monitor_agent_1765869873)
2025-12-16 15:29:50,356 - MCP Server - WARNING - Agent marked as inactive: media_agent (instance: media_agent_1765869874)
2025-12-16 15:29:53,360 - MCP Server - WARNING - Agent marked as inactive: file_agent (instance: file_agent_1765869869)
2025-12-16 15:29:53,360 - MCP Server - WARNING - Agent marked as inactive: settings_agent (instance: settings_agent_1765869870)
2025-12-16 15:29:53,360 - MCP Server - WARNING - Agent marked as inactive: network_agent (instance: network_agent_1765869871)
2025-12-16 15:29:53,360 - MCP Server - WARNING - Agent marked as inactive: app_agent (instance: app_agent_1765869872)
2025-12-16 15:29:53,360 - MCP Server - WARNING - Agent marked as inactive: monitor_agent (instance: monitor_agent_1765869873)
2025-12-16 15:29:53,360 - MCP Server - WARNING - Agent marked as inactive: media_agent (instance: media_agent_1765869874)
2025-12-16 15:29:56,364 - MCP Server - WARNING - Agent marked as inactive: file_agent (instance: file_agent_1765869869)
2025-12-16 15:29:56,364 - MCP Server - WARNING - Agent marked as inactive: settings_agent (instance: settings_agent_1765869870)
2025-12-16 15:29:56,364 - MCP Server - WARNING - Agent marked as inactive: network_agent (instance: network_agent_1765869871)
2025-12-16 15:29:56,364 - MCP Server - WARNING - Agent marked as inactive: app_agent (instance: app_agent_1765869872)
2025-12-16 15:29:56,364 - MCP Server - WARNING - Agent marked as inactive: monitor_agent (instance: monitor_agent_1765869873)
2025-12-16 15:29:56,364 - MCP Server - WARNING - Agent marked as inactive: media_agent (instance: media_agent_1765869874)
2025-12-16 15:29:59,368 - MCP Server - WARNING - Agent marked as inactive: file_agent (instance: file_agent_1765869869)
2025-12-16 15:29:59,368 - MCP Server - WARNING - Agent marked as inactive: settings_agent (instance: settings_agent_1765869870)
2025-12-16 15:29:59,368 - MCP Server - WARNING - Agent marked as inactive: network_agent (instance: network_agent_1765869871)
2025-12-16 15:29:59,368 - MCP Server - WARNING - Agent marked as inactive: app_agent (instance: app_agent_1765869872)
2025-12-16 15:29:59,368 - MCP Server - WARNING - Agent marked as inactive: monitor_agent (instance: monitor_agent_1765869873)
2025-12-16 15:29:59,368 - MCP Server - WARNING - Agent marked as inactive: media_agent (instance: media_agent_1765869874)
2025-12-16 15:30:02,372 - MCP Server - WARNING - Agent marked as inactive: file_agent (instance: file_agent_1765869869)
2025-12-16 15:30:02,372 - MCP Server - WARNING - Agent marked as inactive: settings_agent (instance: settings_agent_1765869870)
2025-12-16 15:30:02,372 - MCP Server - WARNING - Agent marked as inactive: network_agent (instance: network_agent_1765869871)
2025-12-16 15:30:02,372 - MCP Server - WARNING - Agent marked as inactive: app_agent (instance: app_agent_1765869872)
2025-12-16 15:30:02,372 - MCP Server - WARNING - Agent marked as inactive: monitor_agent (instance: monitor_agent_1765869873)
2025-12-16 15:30:02,372 - MCP Server - WARNING - Agent marked as inactive: media_agent (instance: media_agent_1765869874)
2025-12-16 15:30:05,375 - MCP Server - WARNING - Agent marked as inactive: file_agent (instance: file_agent_1765869869)
2025-12-16 15:30:05,376 - MCP Server - WARNING - Agent marked as inactive: settings_agent (instance: settings_agent_1765869870)
2025-12-16 15:30:05,376 - MCP Server - WARNING - Agent marked as inactive: network_agent (instance: network_agent_1765869871)
2025-12-16 15:30:05,376 - MCP Server - WARNING - Agent marked as inactive: app_agent (instance: app_agent_1765869872)
2025-12-16 15:30:05,376 - MCP Server - WARNING - Agent marked as inactive: monitor_agent (instance: monitor_agent_1765869873)
2025-12-16 15:30:05,376 - MCP Server - WARNING - Agent marked as inactive: media_agent (instance: media_agent_1765869874)
2025-12-16 15:30:08,379 - MCP Server - WARNING - Agent marked as inactive: file_agent (instance: file_agent_1765869869)
2025-12-16 15:30:08,379 - MCP Server - WARNING - Agent marked as inactive: settings_agent (instance: settings_agent_1765869870)
2025-12-16 15:30:08,380 - MCP Server - WARNING - Agent marked as inactive: network_agent (instance: network_agent_1765869871)
2025-12-16 15:30:08,380 - MCP Server - WARNING - Agent marked as inactive: app_agent (instance: app_agent_1765869872)
2025-12-16 15:30:08,380 - MCP Server - WARNING - Agent marked as inactive: monitor_agent (instance: monitor_agent_1765869873)
2025-12-16 15:30:08,380 - MCP Server - WARNING - Agent marked as inactive: media_agent (instance: media_agent_1765869874)
2025-12-16 15:30:11,383 - MCP Server - WARNING - Agent marked as inactive: file_agent (instance: file_agent_1765869869)
2025-12-16 15:30:11,383 - MCP Server - WARNING - Agent marked as inactive: settings_agent (instance: settings_agent_1765869870)
2025-12-16 15:30:11,384 - MCP Server - WARNING - Agent marked as inactive: network_agent (instance: network_agent_1765869871)
2025-12-16 15:30:11,384 - MCP Server - WARNING - Agent marked as inactive: app_agent (instance: app_agent_1765869872)
2025-12-16 15:30:11,384 - MCP Server - WARNING - Agent marked as inactive: monitor_agent (instance: monitor_agent_1765869873)
2025-12-16 15:30:11,384 - MCP Server - WARNING - Agent marked as inactive: media_agent (instance: media_agent_1765869874)
2025-12-16 15:30:14,387 - MCP Server - WARNING - Agent marked as inactive: file_agent (instance: file_agent_1765869869)
2025-12-16 15:30:14,387 - MCP Server - WARNING - Agent marked as inactive: settings_agent (instance: settings_agent_1765869870)
2025-12-16 15:30:14,388 - MCP Server - WARNING - Agent marked as inactive: network_agent (instance: network_agent_1765869871)
2025-12-16 15:30:14,388 - MCP Server - WARNING - Agent marked as inactive: app_agent (instance: app_agent_1765869872)
2025-12-16 15:30:14,388 - MCP Server - WARNING - Agent marked as inactive: monitor_agent (instance: monitor_agent_1765869873)
2025-12-16 15:30:14,388 - MCP Server - WARNING - Agent marked as inactive: media_agent (instance: media_agent_1765869874)
2025-12-16 15:30:17,391 - MCP Server - WARNING - Agent marked as inactive: file_agent (instance: file_agent_1765869869)
2025-12-16 15:30:17,391 - MCP Server - WARNING - Agent marked as inactive: settings_agent (instance: settings_agent_1765869870)
2025-12-16 15:30:17,391 - MCP Server - WARNING - Agent marked as inactive: network_agent (instance: network_agent_1765869871)
2025-12-16 15:30:17,392 - MCP Server - WARNING - Agent marked as inactive: app_agent (instance: app_agent_1765869872)
2025-12-16 15:30:17,392 - MCP Server - WARNING - Agent marked as inactive: monitor_agent (instance: monitor_agent_1765869873)
2025-12-16 15:30:17,392 - MCP Server - WARNING - Agent marked as inactive: media_agent (instance: media_agent_1765869874)
2025-12-16 15:30:20,395 - MCP Server - WARNING - Agent marked as inactive: file_agent (instance: file_agent_1765869869)
2025-12-16 15:30:20,395 - MCP Server - WARNING - Agent marked as inactive: settings_agent (instance: settings_agent_1765869870)
2025-12-16 15:30:20,395 - MCP Server - WARNING - Agent marked as inactive: network_agent (instance: network_agent_1765869871)
2025-12-16 15:30:20,396 - MCP Server - WARNING - Agent marked as inactive: app_agent (instance: app_agent_1765869872)
2025-12-16 15:30:20,396 - MCP Server - WARNING - Agent marked as inactive: monitor_agent (instance: monitor_agent_1765869873)
2025-12-16 15:30:20,396 - MCP Server - WARNING - Agent marked as inactive: media_agent (instance: media_agent_1765869874)
2025-12-16 15:30:23,399 - MCP Server - WARNING - Agent marked as inactive: file_agent (instance: file_agent_1765869869)
2025-12-16 15:30:23,399 - MCP Server - WARNING - Agent marked as inactive: settings_agent (instance: settings_agent_1765869870)
2025-12-16 15:30:23,399 - MCP Server - WARNING - Agent marked as inactive: network_agent (instance: network_agent_1765869871)
2025-12-16 15:30:23,399 - MCP Server - WARNING - Agent marked as inactive: app_agent (instance: app_agent_1765869872)
2025-12-16 15:30:23,399 - MCP Server - WARNING - Agent marked as inactive: monitor_agent (instance: monitor_agent_1765869873)
2025-12-16 15:30:23,400 - MCP Server - WARNING - Agent marked as inactive: media_agent (instance: media_agent_1765869874)
2025-12-16 15:30:26,403 - MCP Server - WARNING - Agent marked as inactive: file_agent (instance: file_agent_1765869869)
2025-12-16 15:30:26,403 - MCP Server - WARNING - Agent marked as inactive: settings_agent (instance: settings_agent_1765869870)
2025-12-16 15:30:26,403 - MCP Server - WARNING - Agent marked as inactive: network_agent (instance: network_agent_1765869871)
2025-12-16 15:30:26,403 - MCP Server - WARNING - Agent marked as inactive: app_agent (instance: app_agent_1765869872)
2025-12-16 15:30:26,403 - MCP Server - WARNING - Agent marked as inactive: monitor_agent (instance: monitor_agent_1765869873)
2025-12-16 15:30:26,403 - MCP Server - WARNING - Agent marked as inactive: media_agent (instance: media_agent_1765869874)
2025-12-16 15:30:29,407 - MCP Server - WARNING - Agent marked as inactive: file_agent (instance: file_agent_1765869869)
2025-12-16 15:30:29,407 - MCP Server - WARNING - Agent marked as inactive: settings_agent (instance: settings_agent_1765869870)
2025-12-16 15:30:29,407 - MCP Server - WARNING - Agent marked as inactive: network_agent (instance: network_agent_1765869871)
2025-12-16 15:30:29,407 - MCP Server - WARNING - Agent marked as inactive: app_agent (instance: app_agent_1765869872)
2025-12-16 15:30:29,407 - MCP Server - WARNING - Agent marked as inactive: monitor_agent (instance: monitor_agent_1765869873)
2025-12-16 15:30:29,407 - MCP Server - WARNING - Agent marked as inactive: media_agent (instance: media_agent_1765869874)
2025-12-16 15:30:32,411 - MCP Server - WARNING - Agent marked as inactive: file_agent (instance: file_agent_1765869869)
2025-12-16 15:30:32,411 - MCP Server - WARNING - Agent marked as inactive: settings_agent (instance: settings_agent_1765869870)
2025-12-16 15:30:32,411 - MCP Server - WARNING - Agent marked as inactive: network_agent (instance: network_agent_1765869871)
2025-12-16 15:30:32,411 - MCP Server - WARNING - Agent marked as inactive: app_agent (instance: app_agent_1765869872)
2025-12-16 15:30:32,411 - MCP Server - WARNING - Agent marked as inactive: monitor_agent (instance: monitor_agent_1765869873)
2025-12-16 15:30:32,411 - MCP Server - WARNING - Agent marked as inactive: media_agent (instance: media_agent_1765869874)
2025-12-16 15:30:35,415 - MCP Server - WARNING - Agent marked as inactive: file_agent (instance: file_agent_1765869869)
2025-12-16 15:30:35,415 - MCP Server - WARNING - Agent marked as inactive: settings_agent (instance: settings_agent_1765869870)
2025-12-16 15:30:35,415 - MCP Server - WARNING - Agent marked as inactive: network_agent (instance: network_agent_1765869871)
2025-12-16 15:30:35,415 - MCP Server - WARNING - Agent marked as inactive: app_agent (instance: app_agent_1765869872)
2025-12-16 15:30:35,415 - MCP Server - WARNING - Agent marked as inactive: monitor_agent (instance: monitor_agent_1765869873)
2025-12-16 15:30:35,415 - MCP Server - WARNING - Agent marked as inactive: media_agent (instance: media_agent_1765869874)
2025-12-16 15:30:38,419 - MCP Server - WARNING - Agent marked as inactive: file_agent (instance: file_agent_1765869869)
2025-12-16 15:30:38,419 - MCP Server - WARNING - Agent marked as inactive: settings_agent (instance: settings_agent_1765869870)
2025-12-16 15:30:38,419 - MCP Server - WARNING - Agent marked as inactive: network_agent (instance: network_agent_1765869871)
2025-12-16 15:30:38,419 - MCP Server - WARNING - Agent marked as inactive: app_agent (instance: app_agent_1765869872)
2025-12-16 15:30:38,419 - MCP Server - WARNING - Agent marked as inactive: monitor_agent (instance: monitor_agent_1765869873)
2025-12-16 15:30:38,419 - MCP Server - WARNING - Agent marked as inactive: media_agent (instance: media_agent_1765869874)
2025-12-16 15:30:41,422 - MCP Server - WARNING - Agent marked as inactive: file_agent (instance: file_agent_1765869869)
2025-12-16 15:30:41,423 - MCP Server - WARNING - Agent marked as inactive: settings_agent (instance: settings_agent_1765869870)
2025-12-16 15:30:41,423 - MCP Server - WARNING - Agent marked as inactive: network_agent (instance: network_agent_1765869871)
2025-12-16 15:30:41,423 - MCP Server - WARNING - Agent marked as inactive: app_agent (instance: app_agent_1765869872)
2025-12-16 15:30:41,423 - MCP Server - WARNING - Agent marked as inactive: monitor_agent (instance: monitor_agent_1765869873)
2025-12-16 15:30:41,423 - MCP Server - WARNING - Agent marked as inactive: media_agent (instance: media_agent_1765869874)
2025-12-16 15:30:44,426 - MCP Server - WARNING - Agent marked as inactive: file_agent (instance: file_agent_1765869869)
2025-12-16 15:30:44,426 - MCP Server - WARNING - Agent marked as inactive: settings_agent (instance: settings_agent_1765869870)
2025-12-16 15:30:44,427 - MCP Server - WARNING - Agent marked as inactive: network_agent (instance: network_agent_1765869871)
2025-12-16 15:30:44,427 - MCP Server - WARNING - Agent marked as inactive: app_agent (instance: app_agent_1765869872)
2025-12-16 15:30:44,427 - MCP Server - WARNING - Agent marked as inactive: monitor_agent (instance: monitor_agent_1765869873)
2025-12-16 15:30:44,427 - MCP Server - WARNING - Agent marked as inactive: media_agent (instance: media_agent_1765869874)
2025-12-16 15:30:47,430 - MCP Server - WARNING - Agent marked as inactive: file_agent (instance: file_agent_1765869869)
2025-12-16 15:30:47,430 - MCP Server - WARNING - Agent marked as inactive: settings_agent (instance: settings_agent_1765869870)
2025-12-16 15:30:47,431 - MCP Server - WARNING - Agent marked as inactive: network_agent (instance: network_agent_1765869871)
2025-12-16 15:30:47,431 - MCP Server - WARNING - Agent marked as inactive: app_agent (instance: app_agent_1765869872)
2025-12-16 15:30:47,431 - MCP Server - WARNING - Agent marked as inactive: monitor_agent (instance: monitor_agent_1765869873)
2025-12-16 15:30:47,431 - MCP Server - WARNING - Agent marked as inactive: media_agent (instance: media_agent_1765869874)
2025-12-16 15:30:50,434 - MCP Server - WARNING - Agent marked as inactive: file_agent (instance: file_agent_1765869869)
2025-12-16 15:30:50,434 - MCP Server - WARNING - Agent marked as inactive: settings_agent (instance: settings_agent_1765869870)
2025-12-16 15:30:50,434 - MCP Server - WARNING - Agent marked as inactive: network_agent (instance: network_agent_1765869871)
2025-12-16 15:30:50,434 - MCP Server - WARNING - Agent marked as inactive: app_agent (instance: app_agent_1765869872)
2025-12-16 15:30:50,435 - MCP Server - WARNING - Agent marked as inactive: monitor_agent (instance: monitor_agent_1765869873)
2025-12-16 15:30:50,435 - MCP Server - WARNING - Agent marked as inactive: media_agent (instance: media_agent_1765869874)
2025-12-16 15:30:53,438 - MCP Server - WARNING - Agent marked as inactive: file_agent (instance: file_agent_1765869869)
2025-12-16 15:30:53,438 - MCP Server - WARNING - Agent marked as inactive: settings_agent (instance: settings_agent_1765869870)
2025-12-16 15:30:53,438 - MCP Server - WARNING - Agent marked as inactive: network_agent (instance: network_agent_1765869871)
2025-12-16 15:30:53,438 - MCP Server - WARNING - Agent marked as inactive: app_agent (instance: app_agent_1765869872)
2025-12-16 15:30:53,439 - MCP Server - WARNING - Agent marked as inactive: monitor_agent (instance: monitor_agent_1765869873)
2025-12-16 15:30:53,439 - MCP Server - WARNING - Agent marked as inactive: media_agent (instance: media_agent_1765869874)
2025-12-16 15:30:56,442 - MCP Server - WARNING - Agent marked as inactive: file_agent (instance: file_agent_1765869869)
2025-12-16 15:30:56,442 - MCP Server - WARNING - Agent marked as inactive: settings_agent (instance: settings_agent_1765869870)
2025-12-16 15:30:56,442 - MCP Server - WARNING - Agent marked as inactive: network_agent (instance: network_agent_1765869871)
2025-12-16 15:30:56,442 - MCP Server - WARNING - Agent marked as inactive: app_agent (instance: app_agent_1765869872)
2025-12-16 15:30:56,443 - MCP Server - WARNING - Agent marked as inactive: monitor_agent (instance: monitor_agent_1765869873)
2025-12-16 15:30:56,443 - MCP Server - WARNING - Agent marked as inactive: media_agent (instance: media_agent_1765869874)
2025-12-16 15:30:59,446 - MCP Server - WARNING - Agent marked as inactive: file_agent (instance: file_agent_1765869869)
2025-12-16 15:30:59,446 - MCP Server - WARNING - Agent marked as inactive: settings_agent (instance: settings_agent_1765869870)
2025-12-16 15:30:59,446 - MCP Server - WARNING - Agent marked as inactive: network_agent (instance: network_agent_1765869871)
2025-12-16 15:30:59,446 - MCP Server - WARNING - Agent marked as inactive: app_agent (instance: app_agent_1765869872)
2025-12-16 15:30:59,447 - MCP Server - WARNING - Agent marked as inactive: monitor_agent (instance: monitor_agent_1765869873)
2025-12-16 15:30:59,447 - MCP Server - WARNING - Agent marked as inactive: media_agent (instance: media_agent_1765869874)
2025-12-16 15:31:02,450 - MCP Server - WARNING - Agent marked as inactive: file_agent (instance: file_agent_1765869869)
2025-12-16 15:31:02,450 - MCP Server - WARNING - Agent marked as inactive: settings_agent (instance: settings_agent_1765869870)
2025-12-16 15:31:02,450 - MCP Server - WARNING - Agent marked as inactive: network_agent (instance: network_agent_1765869871)
2025-12-16 15:31:02,450 - MCP Server - WARNING - Agent marked as inactive: app_agent (instance: app_agent_1765869872)
2025-12-16 15:31:02,450 - MCP Server - WARNING - Agent marked as inactive: monitor_agent (instance: monitor_agent_1765869873)
2025-12-16 15:31:02,450 - MCP Server - WARNING - Agent marked as inactive: media_agent (instance: media_agent_1765869874)
2025-12-16 15:31:05,453 - MCP Server - WARNING - Agent marked as inactive: file_agent (instance: file_agent_1765869869)
2025-12-16 15:31:05,454 - MCP Server - WARNING - Agent marked as inactive: settings_agent (instance: settings_agent_1765869870)
2025-12-16 15:31:05,454 - MCP Server - WARNING - Agent marked as inactive: network_agent (instance: network_agent_1765869871)
2025-12-16 15:31:05,454 - MCP Server - WARNING - Agent marked as inactive: app_agent (instance: app_agent_1765869872)
2025-12-16 15:31:05,454 - MCP Server - WARNING - Agent marked as inactive: monitor_agent (instance: monitor_agent_1765869873)
2025-12-16 15:31:05,454 - MCP Server - WARNING - Agent marked as inactive: media_agent (instance: media_agent_1765869874)
2025-12-16 15:31:08,457 - MCP Server - WARNING - Agent marked as inactive: file_agent (instance: file_agent_1765869869)
2025-12-16 15:31:08,458 - MCP Server - WARNING - Agent marked as inactive: settings_agent (instance: settings_agent_1765869870)
2025-12-16 15:31:08,458 - MCP Server - WARNING - Agent marked as inactive: network_agent (instance: network_agent_1765869871)
2025-12-16 15:31:08,458 - MCP Server - WARNING - Agent marked as inactive: app_agent (instance: app_agent_1765869872)
2025-12-16 15:31:08,458 - MCP Server - WARNING - Agent marked as inactive: monitor_agent (instance: monitor_agent_1765869873)
2025-12-16 15:31:08,458 - MCP Server - WARNING - Agent marked as inactive: media_agent (instance: media_agent_1765869874)
2025-12-16 15:31:11,461 - MCP Server - WARNING - Agent marked as inactive: file_agent (instance: file_agent_1765869869)
2025-12-16 15:31:11,462 - MCP Server - WARNING - Agent marked as inactive: settings_agent (instance: settings_agent_1765869870)
2025-12-16 15:31:11,462 - MCP Server - WARNING - Agent marked as inactive: network_agent (instance: network_agent_1765869871)
2025-12-16 15:31:11,462 - MCP Server - WARNING - Agent marked as inactive: app_agent (instance: app_agent_1765869872)
2025-12-16 15:31:11,462 - MCP Server - WARNING - Agent marked as inactive: monitor_agent (instance: monitor_agent_1765869873)
2025-12-16 15:31:11,462 - MCP Server - WARNING - Agent marked as inactive: media_agent (instance: media_agent_1765869874)
2025-12-16 15:31:14,465 - MCP Server - WARNING - Agent marked as inactive: file_agent (instance: file_agent_1765869869)
2025-12-16 15:31:14,465 - MCP Server - WARNING - Agent marked as inactive: settings_agent (instance: settings_agent_1765869870)
2025-12-16 15:31:14,465 - MCP Server - WARNING - Agent marked as inactive: network_agent (instance: network_agent_1765869871)
2025-12-16 15:31:14,465 - MCP Server - WARNING - Agent marked as inactive: app_agent (instance: app_agent_1765869872)
2025-12-16 15:31:14,466 - MCP Server - WARNING - Agent marked as inactive: monitor_agent (instance: monitor_agent_1765869873)
2025-12-16 15:31:14,466 - MCP Server - WARNING - Agent marked as inactive: media_agent (instance: media_agent_1765869874)
2025-12-16 15:37:06,789 - MCP Server - WARNING - 协作日志模块未找到，日志记录功能不可用
2025-12-16 15:37:06,791 - MCP Server - INFO - MCP Server initialized and registered on DBus
2025-12-16 15:37:06,791 - MCP Server - INFO - Tool added: echo
2025-12-16 15:37:06,792 - MCP Server - INFO - Heartbeat monitor started (3s interval)
2025-12-16 15:37:06,792 - MCP Server - INFO - ============================================================
2025-12-16 15:37:06,792 - MCP Server - INFO - MCP Server started successfully
2025-12-16 15:37:06,792 - MCP Server - INFO - ============================================================
2025-12-16 15:37:06,792 - MCP Server - INFO - Service name: com.kylin.mcp.MasterAgent
2025-12-16 15:37:06,792 - MCP Server - INFO - Object path: /com/kylin/mcp/MasterAgent
2025-12-16 15:37:06,792 - MCP Server - INFO - Interface name: com.kylin.mcp.MasterAgent
2025-12-16 15:37:06,792 - MCP Server - INFO - 
2025-12-16 15:37:06,792 - MCP Server - INFO - 等待子智能体注册...
2025-12-16 15:37:06,792 - MCP Server - INFO - ============================================================
2025-12-16 15:37:09,824 - MCP Server - INFO - Child agent registered: file_agent (instance: file_agent_1765870629)
2025-12-16 15:37:09,825 - MCP Server - INFO -   Tools: ['file_agent.search_file', 'file_agent.move_to_trash', 'file_agent.batch_rename']
2025-12-16 15:37:10,824 - MCP Server - INFO - Child agent registered: settings_agent (instance: settings_agent_1765870630)
2025-12-16 15:37:10,824 - MCP Server - INFO -   Tools: ['settings_agent.change_wallpaper', 'settings_agent.adjust_volume', 'settings_agent.bluetooth_manage']
2025-12-16 15:37:11,831 - MCP Server - INFO - Child agent registered: network_agent (instance: network_agent_1765870631)
2025-12-16 15:37:11,831 - MCP Server - INFO -   Tools: ['network_agent.list_wifi', 'network_agent.connect_wifi', 'network_agent.disconnect_wifi', 'network_agent.get_wifi_status', 'network_agent.set_proxy', 'network_agent.clear_proxy', 'network_agent.get_proxy_status', 'network_agent.speed_test', 'network_agent.get_network_status']
2025-12-16 15:37:12,840 - MCP Server - INFO - Child agent registered: app_agent (instance: app_agent_1765870632)
2025-12-16 15:37:12,840 - MCP Server - INFO -   Tools: ['app_agent.find_app', 'app_agent.launch_app', 'app_agent.close_app', 'app_agent.list_running_apps', 'app_agent.is_app_running', 'app_agent.app_quick_operation']
2025-12-16 15:37:13,843 - MCP Server - INFO - Child agent registered: monitor_agent (instance: monitor_agent_1765870633)
2025-12-16 15:37:13,843 - MCP Server - INFO -   Tools: ['monitor_agent.get_system_status', 'monitor_agent.clean_background_process', 'monitor_agent.monitor_agent_status']
2025-12-16 15:37:14,838 - MCP Server - INFO - Child agent registered: media_agent (instance: media_agent_1765870634)
2025-12-16 15:37:14,838 - MCP Server - INFO -   Tools: ['media_agent.play_media', 'media_agent.media_control', 'media_agent.capture_media_frame']
2025-12-16 15:38:09,855 - MCP Server - INFO - 📡 广播状态: file_agent (file_agent_1765870629) -> offline
2025-12-16 15:38:09,855 - MCP Server - WARNING - Agent marked as inactive: file_agent (instance: file_agent_1765870629)
2025-12-16 15:38:12,859 - MCP Server - WARNING - Agent marked as inactive: file_agent (instance: file_agent_1765870629)
2025-12-16 15:38:12,859 - MCP Server - INFO - 📡 广播状态: settings_agent (settings_agent_1765870630) -> offline
2025-12-16 15:38:12,859 - MCP Server - WARNING - Agent marked as inactive: settings_agent (instance: settings_agent_1765870630)
2025-12-16 15:38:12,859 - MCP Server - INFO - 📡 广播状态: network_agent (network_agent_1765870631) -> offline
2025-12-16 15:38:12,859 - MCP Server - WARNING - Agent marked as inactive: network_agent (instance: network_agent_1765870631)
2025-12-16 15:38:12,859 - MCP Server - INFO - 📡 广播状态: app_agent (app_agent_1765870632) -> offline
2025-12-16 15:38:12,860 - MCP Server - WARNING - Agent marked as inactive: app_agent (instance: app_agent_1765870632)
2025-12-16 15:38:15,863 - MCP Server - WARNING - Agent marked as inactive: file_agent (instance: file_agent_1765870629)
2025-12-16 15:38:15,863 - MCP Server - WARNING - Agent marked as inactive: settings_agent (instance: settings_agent_1765870630)
2025-12-16 15:38:15,863 - MCP Server - WARNING - Agent marked as inactive: network_agent (instance: network_agent_1765870631)
2025-12-16 15:38:15,863 - MCP Server - WARNING - Agent marked as inactive: app_agent (instance: app_agent_1765870632)
2025-12-16 15:38:15,864 - MCP Server - INFO - 📡 广播状态: monitor_agent (monitor_agent_1765870633) -> offline
2025-12-16 15:38:15,864 - MCP Server - WARNING - Agent marked as inactive: monitor_agent (instance: monitor_agent_1765870633)
2025-12-16 15:38:15,864 - MCP Server - INFO - 📡 广播状态: media_agent (media_agent_1765870634) -> offline
2025-12-16 15:38:15,864 - MCP Server - WARNING - Agent marked as inactive: media_agent (instance: media_agent_1765870634)
2025-12-16 15:38:18,867 - MCP Server - WARNING - Agent marked as inactive: file_agent (instance: file_agent_1765870629)
2025-12-16 15:38:18,867 - MCP Server - WARNING - Agent marked as inactive: settings_agent (instance: settings_agent_1765870630)
2025-12-16 15:38:18,867 - MCP Server - WARNING - Agent marked as inactive: network_agent (instance: network_agent_1765870631)
2025-12-16 15:38:18,868 - MCP Server - WARNING - Agent marked as inactive: app_agent (instance: app_agent_1765870632)
2025-12-16 15:38:18,868 - MCP Server - WARNING - Agent marked as inactive: monitor_agent (instance: monitor_agent_1765870633)
2025-12-16 15:38:18,868 - MCP Server - WARNING - Agent marked as inactive: media_agent (instance: media_agent_1765870634)
2025-12-16 15:38:21,871 - MCP Server - WARNING - Agent marked as inactive: file_agent (instance: file_agent_1765870629)
2025-12-16 15:38:21,871 - MCP Server - WARNING - Agent marked as inactive: settings_agent (instance: settings_agent_1765870630)
2025-12-16 15:38:21,871 - MCP Server - WARNING - Agent marked as inactive: network_agent (instance: network_agent_1765870631)
2025-12-16 15:38:21,872 - MCP Server - WARNING - Agent marked as inactive: app_agent (instance: app_agent_1765870632)
2025-12-16 15:38:21,872 - MCP Server - WARNING - Agent marked as inactive: monitor_agent (instance: monitor_agent_1765870633)
2025-12-16 15:38:21,872 - MCP Server - WARNING - Agent marked as inactive: media_agent (instance: media_agent_1765870634)
2025-12-16 15:38:24,875 - MCP Server - WARNING - Agent marked as inactive: file_agent (instance: file_agent_1765870629)
2025-12-16 15:38:24,875 - MCP Server - WARNING - Agent marked as inactive: settings_agent (instance: settings_agent_1765870630)
2025-12-16 15:38:24,875 - MCP Server - WARNING - Agent marked as inactive: network_agent (instance: network_agent_1765870631)
2025-12-16 15:38:24,875 - MCP Server - WARNING - Agent marked as inactive: app_agent (instance: app_agent_1765870632)
2025-12-16 15:38:24,876 - MCP Server - WARNING - Agent marked as inactive: monitor_agent (instance: monitor_agent_1765870633)
2025-12-16 15:38:24,876 - MCP Server - WARNING - Agent marked as inactive: media_agent (instance: media_agent_1765870634)
2025-12-16 15:38:27,879 - MCP Server - WARNING - Agent marked as inactive: file_agent (instance: file_agent_1765870629)
2025-12-16 15:38:27,879 - MCP Server - WARNING - Agent marked as inactive: settings_agent (instance: settings_agent_1765870630)
2025-12-16 15:38:27,879 - MCP Server - WARNING - Agent marked as inactive: network_agent (instance: network_agent_1765870631)
2025-12-16 15:38:27,879 - MCP Server - WARNING - Agent marked as inactive: app_agent (instance: app_agent_1765870632)
2025-12-16 15:38:27,879 - MCP Server - WARNING - Agent marked as inactive: monitor_agent (instance: monitor_agent_1765870633)
2025-12-16 15:38:27,879 - MCP Server - WARNING - Agent marked as inactive: media_agent (instance: media_agent_1765870634)
2025-12-16 15:38:30,883 - MCP Server - WARNING - Agent marked as inactive: file_agent (instance: file_agent_1765870629)
2025-12-16 15:38:30,883 - MCP Server - WARNING - Agent marked as inactive: settings_agent (instance: settings_agent_1765870630)
2025-12-16 15:38:30,883 - MCP Server - WARNING - Agent marked as inactive: network_agent (instance: network_agent_1765870631)
2025-12-16 15:38:30,883 - MCP Server - WARNING - Agent marked as inactive: app_agent (instance: app_agent_1765870632)
2025-12-16 15:38:30,883 - MCP Server - WARNING - Agent marked as inactive: monitor_agent (instance: monitor_agent_1765870633)
2025-12-16 15:38:30,883 - MCP Server - WARNING - Agent marked as inactive: media_agent (instance: media_agent_1765870634)
2025-12-16 15:38:33,887 - MCP Server - WARNING - Agent marked as inactive: file_agent (instance: file_agent_1765870629)
2025-12-16 15:38:33,887 - MCP Server - WARNING - Agent marked as inactive: settings_agent (instance: settings_agent_1765870630)
2025-12-16 15:38:33,887 - MCP Server - WARNING - Agent marked as inactive: network_agent (instance: network_agent_1765870631)
2025-12-16 15:38:33,887 - MCP Server - WARNING - Agent marked as inactive: app_agent (instance: app_agent_1765870632)
2025-12-16 15:38:33,887 - MCP Server - WARNING - Agent marked as inactive: monitor_agent (instance: monitor_agent_1765870633)
2025-12-16 15:38:33,887 - MCP Server - WARNING - Agent marked as inactive: media_agent (instance: media_agent_1765870634)
2025-12-16 15:38:36,890 - MCP Server - WARNING - Agent marked as inactive: file_agent (instance: file_agent_1765870629)
2025-12-16 15:38:36,890 - MCP Server - WARNING - Agent marked as inactive: settings_agent (instance: settings_agent_1765870630)
2025-12-16 15:38:36,891 - MCP Server - WARNING - Agent marked as inactive: network_agent (instance: network_agent_1765870631)
2025-12-16 15:38:36,891 - MCP Server - WARNING - Agent marked as inactive: app_agent (instance: app_agent_1765870632)
2025-12-16 15:38:36,891 - MCP Server - WARNING - Agent marked as inactive: monitor_agent (instance: monitor_agent_1765870633)
2025-12-16 15:38:36,891 - MCP Server - WARNING - Agent marked as inactive: media_agent (instance: media_agent_1765870634)
2025-12-16 15:38:39,894 - MCP Server - WARNING - Agent marked as inactive: file_agent (instance: file_agent_1765870629)
2025-12-16 15:38:39,894 - MCP Server - WARNING - Agent marked as inactive: settings_agent (instance: settings_agent_1765870630)
2025-12-16 15:38:39,894 - MCP Server - WARNING - Agent marked as inactive: network_agent (instance: network_agent_1765870631)
2025-12-16 15:38:39,894 - MCP Server - WARNING - Agent marked as inactive: app_agent (instance: app_agent_1765870632)
2025-12-16 15:38:39,895 - MCP Server - WARNING - Agent marked as inactive: monitor_agent (instance: monitor_agent_1765870633)
2025-12-16 15:38:39,895 - MCP Server - WARNING - Agent marked as inactive: media_agent (instance: media_agent_1765870634)
2025-12-16 15:38:42,898 - MCP Server - WARNING - Agent marked as inactive: file_agent (instance: file_agent_1765870629)
2025-12-16 15:38:42,898 - MCP Server - WARNING - Agent marked as inactive: settings_agent (instance: settings_agent_1765870630)
2025-12-16 15:38:42,898 - MCP Server - WARNING - Agent marked as inactive: network_agent (instance: network_agent_1765870631)
2025-12-16 15:38:42,899 - MCP Server - WARNING - Agent marked as inactive: app_agent (instance: app_agent_1765870632)
2025-12-16 15:38:42,899 - MCP Server - WARNING - Agent marked as inactive: monitor_agent (instance: monitor_agent_1765870633)
2025-12-16 15:38:42,899 - MCP Server - WARNING - Agent marked as inactive: media_agent (instance: media_agent_1765870634)
2025-12-16 15:38:45,902 - MCP Server - WARNING - Agent marked as inactive: file_agent (instance: file_agent_1765870629)
2025-12-16 15:38:45,902 - MCP Server - WARNING - Agent marked as inactive: settings_agent (instance: settings_agent_1765870630)
2025-12-16 15:38:45,902 - MCP Server - WARNING - Agent marked as inactive: network_agent (instance: network_agent_1765870631)
2025-12-16 15:38:45,903 - MCP Server - WARNING - Agent marked as inactive: app_agent (instance: app_agent_1765870632)
2025-12-16 15:38:45,903 - MCP Server - WARNING - Agent marked as inactive: monitor_agent (instance: monitor_agent_1765870633)
2025-12-16 15:38:45,903 - MCP Server - WARNING - Agent marked as inactive: media_agent (instance: media_agent_1765870634)
2025-12-16 15:38:48,906 - MCP Server - WARNING - Agent marked as inactive: file_agent (instance: file_agent_1765870629)
2025-12-16 15:38:48,906 - MCP Server - WARNING - Agent marked as inactive: settings_agent (instance: settings_agent_1765870630)
2025-12-16 15:38:48,906 - MCP Server - WARNING - Agent marked as inactive: network_agent (instance: network_agent_1765870631)
2025-12-16 15:38:48,906 - MCP Server - WARNING - Agent marked as inactive: app_agent (instance: app_agent_1765870632)
2025-12-16 15:38:48,906 - MCP Server - WARNING - Agent marked as inactive: monitor_agent (instance: monitor_agent_1765870633)
2025-12-16 15:38:48,906 - MCP Server - WARNING - Agent marked as inactive: media_agent (instance: media_agent_1765870634)
2025-12-16 15:38:51,909 - MCP Server - WARNING - Agent marked as inactive: file_agent (instance: file_agent_1765870629)
2025-12-16 15:38:51,910 - MCP Server - WARNING - Agent marked as inactive: settings_agent (instance: settings_agent_1765870630)
2025-12-16 15:38:51,910 - MCP Server - WARNING - Agent marked as inactive: network_agent (instance: network_agent_1765870631)
2025-12-16 15:38:51,910 - MCP Server - WARNING - Agent marked as inactive: app_agent (instance: app_agent_1765870632)
2025-12-16 15:38:51,910 - MCP Server - WARNING - Agent marked as inactive: monitor_agent (instance: monitor_agent_1765870633)
2025-12-16 15:38:51,910 - MCP Server - WARNING - Agent marked as inactive: media_agent (instance: media_agent_1765870634)
2025-12-16 15:38:54,913 - MCP Server - WARNING - Agent marked as inactive: file_agent (instance: file_agent_1765870629)
2025-12-16 15:38:54,914 - MCP Server - WARNING - Agent marked as inactive: settings_agent (instance: settings_agent_1765870630)
2025-12-16 15:38:54,914 - MCP Server - WARNING - Agent marked as inactive: network_agent (instance: network_agent_1765870631)
2025-12-16 15:38:54,914 - MCP Server - WARNING - Agent marked as inactive: app_agent (instance: app_agent_1765870632)
2025-12-16 15:38:54,914 - MCP Server - WARNING - Agent marked as inactive: monitor_agent (instance: monitor_agent_1765870633)
2025-12-16 15:38:54,914 - MCP Server - WARNING - Agent marked as inactive: media_agent (instance: media_agent_1765870634)
2025-12-16 15:38:57,917 - MCP Server - WARNING - Agent marked as inactive: file_agent (instance: file_agent_1765870629)
2025-12-16 15:38:57,918 - MCP Server - WARNING - Agent marked as inactive: settings_agent (instance: settings_agent_1765870630)
2025-12-16 15:38:57,918 - MCP Server - WARNING - Agent marked as inactive: network_agent (instance: network_agent_1765870631)
2025-12-16 15:38:57,918 - MCP Server - WARNING - Agent marked as inactive: app_agent (instance: app_agent_1765870632)
2025-12-16 15:38:57,918 - MCP Server - WARNING - Agent marked as inactive: monitor_agent (instance: monitor_agent_1765870633)
2025-12-16 15:38:57,918 - MCP Server - WARNING - Agent marked as inactive: media_agent (instance: media_agent_1765870634)
2025-12-16 15:39:00,921 - MCP Server - WARNING - Agent marked as inactive: file_agent (instance: file_agent_1765870629)
2025-12-16 15:39:00,922 - MCP Server - WARNING - Agent marked as inactive: settings_agent (instance: settings_agent_1765870630)
2025-12-16 15:39:00,922 - MCP Server - WARNING - Agent marked as inactive: network_agent (instance: network_agent_1765870631)
2025-12-16 15:39:00,922 - MCP Server - WARNING - Agent marked as inactive: app_agent (instance: app_agent_1765870632)
2025-12-16 15:39:00,922 - MCP Server - WARNING - Agent marked as inactive: monitor_agent (instance: monitor_agent_1765870633)
2025-12-16 15:39:00,922 - MCP Server - WARNING - Agent marked as inactive: media_agent (instance: media_agent_1765870634)
2025-12-16 15:39:03,925 - MCP Server - WARNING - Agent marked as inactive: file_agent (instance: file_agent_1765870629)
2025-12-16 15:39:03,926 - MCP Server - WARNING - Agent marked as inactive: settings_agent (instance: settings_agent_1765870630)
2025-12-16 15:39:03,926 - MCP Server - WARNING - Agent marked as inactive: network_agent (instance: network_agent_1765870631)
2025-12-16 15:39:03,926 - MCP Server - WARNING - Agent marked as inactive: app_agent (instance: app_agent_1765870632)
2025-12-16 15:39:03,926 - MCP Server - WARNING - Agent marked as inactive: monitor_agent (instance: monitor_agent_1765870633)
2025-12-16 15:39:03,926 - MCP Server - WARNING - Agent marked as inactive: media_agent (instance: media_agent_1765870634)
2025-12-16 15:39:06,929 - MCP Server - WARNING - Agent marked as inactive: file_agent (instance: file_agent_1765870629)
2025-12-16 15:39:06,929 - MCP Server - WARNING - Agent marked as inactive: settings_agent (instance: settings_agent_1765870630)
2025-12-16 15:39:06,930 - MCP Server - WARNING - Agent marked as inactive: network_agent (instance: network_agent_1765870631)
2025-12-16 15:39:06,930 - MCP Server - WARNING - Agent marked as inactive: app_agent (instance: app_agent_1765870632)
2025-12-16 15:39:06,930 - MCP Server - WARNING - Agent marked as inactive: monitor_agent (instance: monitor_agent_1765870633)
2025-12-16 15:39:06,930 - MCP Server - WARNING - Agent marked as inactive: media_agent (instance: media_agent_1765870634)
2025-12-16 15:39:09,933 - MCP Server - WARNING - Agent marked as inactive: file_agent (instance: file_agent_1765870629)
2025-12-16 15:39:09,933 - MCP Server - WARNING - Agent marked as inactive: settings_agent (instance: settings_agent_1765870630)
2025-12-16 15:39:09,933 - MCP Server - WARNING - Agent marked as inactive: network_agent (instance: network_agent_1765870631)
2025-12-16 15:39:09,933 - MCP Server - WARNING - Agent marked as inactive: app_agent (instance: app_agent_1765870632)
2025-12-16 15:39:09,934 - MCP Server - WARNING - Agent marked as inactive: monitor_agent (instance: monitor_agent_1765870633)
2025-12-16 15:39:09,934 - MCP Server - WARNING - Agent marked as inactive: media_agent (instance: media_agent_1765870634)
2025-12-16 15:39:12,937 - MCP Server - WARNING - Agent marked as inactive: file_agent (instance: file_agent_1765870629)
2025-12-16 15:39:12,937 - MCP Server - WARNING - Agent marked as inactive: settings_agent (instance: settings_agent_1765870630)
2025-12-16 15:39:12,937 - MCP Server - WARNING - Agent marked as inactive: network_agent (instance: network_agent_1765870631)
2025-12-16 15:39:12,937 - MCP Server - WARNING - Agent marked as inactive: app_agent (instance: app_agent_1765870632)
2025-12-16 15:39:12,938 - MCP Server - WARNING - Agent marked as inactive: monitor_agent (instance: monitor_agent_1765870633)
2025-12-16 15:39:12,938 - MCP Server - WARNING - Agent marked as inactive: media_agent (instance: media_agent_1765870634)
2025-12-16 15:39:15,941 - MCP Server - WARNING - Agent marked as inactive: file_agent (instance: file_agent_1765870629)
2025-12-16 15:39:15,941 - MCP Server - WARNING - Agent marked as inactive: settings_agent (instance: settings_agent_1765870630)
2025-12-16 15:39:15,941 - MCP Server - WARNING - Agent marked as inactive: network_agent (instance: network_agent_1765870631)
2025-12-16 15:39:15,941 - MCP Server - WARNING - Agent marked as inactive: app_agent (instance: app_agent_1765870632)
2025-12-16 15:39:15,942 - MCP Server - WARNING - Agent marked as inactive: monitor_agent (instance: monitor_agent_1765870633)
2025-12-16 15:39:15,942 - MCP Server - WARNING - Agent marked as inactive: media_agent (instance: media_agent_1765870634)
2025-12-16 15:39:18,945 - MCP Server - WARNING - Agent marked as inactive: file_agent (instance: file_agent_1765870629)
2025-12-16 15:39:18,945 - MCP Server - WARNING - Agent marked as inactive: settings_agent (instance: settings_agent_1765870630)
2025-12-16 15:39:18,945 - MCP Server - WARNING - Agent marked as inactive: network_agent (instance: network_agent_1765870631)
2025-12-16 15:39:18,945 - MCP Server - WARNING - Agent marked as inactive: app_agent (instance: app_agent_1765870632)
2025-12-16 15:39:18,946 - MCP Server - WARNING - Agent marked as inactive: monitor_agent (instance: monitor_agent_1765870633)
2025-12-16 15:39:18,946 - MCP Server - WARNING - Agent marked as inactive: media_agent (instance: media_agent_1765870634)
2025-12-16 15:39:21,949 - MCP Server - WARNING - Agent marked as inactive: file_agent (instance: file_agent_1765870629)
2025-12-16 15:39:21,949 - MCP Server - WARNING - Agent marked as inactive: settings_agent (instance: settings_agent_1765870630)
2025-12-16 15:39:21,949 - MCP Server - WARNING - Agent marked as inactive: network_agent (instance: network_agent_1765870631)
2025-12-16 15:39:21,949 - MCP Server - WARNING - Agent marked as inactive: app_agent (instance: app_agent_1765870632)
2025-12-16 15:39:21,950 - MCP Server - WARNING - Agent marked as inactive: monitor_agent (instance: monitor_agent_1765870633)
2025-12-16 15:39:21,950 - MCP Server - WARNING - Agent marked as inactive: media_agent (instance: media_agent_1765870634)
2025-12-16 15:39:24,953 - MCP Server - WARNING - Agent marked as inactive: file_agent (instance: file_agent_1765870629)
2025-12-16 15:39:24,953 - MCP Server - WARNING - Agent marked as inactive: settings_agent (instance: settings_agent_1765870630)
2025-12-16 15:39:24,953 - MCP Server - WARNING - Agent marked as inactive: network_agent (instance: network_agent_1765870631)
2025-12-16 15:39:24,953 - MCP Server - WARNING - Agent marked as inactive: app_agent (instance: app_agent_1765870632)
2025-12-16 15:39:24,954 - MCP Server - WARNING - Agent marked as inactive: monitor_agent (instance: monitor_agent_1765870633)
2025-12-16 15:39:24,954 - MCP Server - WARNING - Agent marked as inactive: media_agent (instance: media_agent_1765870634)
2025-12-16 15:39:27,956 - MCP Server - WARNING - Agent marked as inactive: file_agent (instance: file_agent_1765870629)
2025-12-16 15:39:27,956 - MCP Server - WARNING - Agent marked as inactive: settings_agent (instance: settings_agent_1765870630)
2025-12-16 15:39:27,956 - MCP Server - WARNING - Agent marked as inactive: network_agent (instance: network_agent_1765870631)
2025-12-16 15:39:27,956 - MCP Server - WARNING - Agent marked as inactive: app_agent (instance: app_agent_1765870632)
2025-12-16 15:39:27,956 - MCP Server - WARNING - Agent marked as inactive: monitor_agent (instance: monitor_agent_1765870633)
2025-12-16 15:39:27,956 - MCP Server - WARNING - Agent marked as inactive: media_agent (instance: media_agent_1765870634)
2025-12-16 15:39:30,959 - MCP Server - WARNING - Agent marked as inactive: file_agent (instance: file_agent_1765870629)
2025-12-16 15:39:30,960 - MCP Server - WARNING - Agent marked as inactive: settings_agent (instance: settings_agent_1765870630)
2025-12-16 15:39:30,960 - MCP Server - WARNING - Agent marked as inactive: network_agent (instance: network_agent_1765870631)
2025-12-16 15:39:30,960 - MCP Server - WARNING - Agent marked as inactive: app_agent (instance: app_agent_1765870632)
2025-12-16 15:39:30,960 - MCP Server - WARNING - Agent marked as inactive: monitor_agent (instance: monitor_agent_1765870633)
2025-12-16 15:39:30,960 - MCP Server - WARNING - Agent marked as inactive: media_agent (instance: media_agent_1765870634)
2025-12-16 15:39:33,963 - MCP Server - WARNING - Agent marked as inactive: file_agent (instance: file_agent_1765870629)
2025-12-16 15:39:33,964 - MCP Server - WARNING - Agent marked as inactive: settings_agent (instance: settings_agent_1765870630)
2025-12-16 15:39:33,964 - MCP Server - WARNING - Agent marked as inactive: network_agent (instance: network_agent_1765870631)
2025-12-16 15:39:33,964 - MCP Server - WARNING - Agent marked as inactive: app_agent (instance: app_agent_1765870632)
2025-12-16 15:39:33,964 - MCP Server - WARNING - Agent marked as inactive: monitor_agent (instance: monitor_agent_1765870633)
2025-12-16 15:39:33,964 - MCP Server - WARNING - Agent marked as inactive: media_agent (instance: media_agent_1765870634)
2025-12-16 15:39:36,967 - MCP Server - WARNING - Agent marked as inactive: file_agent (instance: file_agent_1765870629)
2025-12-16 15:39:36,968 - MCP Server - WARNING - Agent marked as inactive: settings_agent (instance: settings_agent_1765870630)
2025-12-16 15:39:36,968 - MCP Server - WARNING - Agent marked as inactive: network_agent (instance: network_agent_1765870631)
2025-12-16 15:39:36,968 - MCP Server - WARNING - Agent marked as inactive: app_agent (instance: app_agent_1765870632)
2025-12-16 15:39:36,968 - MCP Server - WARNING - Agent marked as inactive: monitor_agent (instance: monitor_agent_1765870633)
2025-12-16 15:39:36,968 - MCP Server - WARNING - Agent marked as inactive: media_agent (instance: media_agent_1765870634)
2025-12-16 15:39:39,971 - MCP Server - WARNING - Agent marked as inactive: file_agent (instance: file_agent_1765870629)
2025-12-16 15:39:39,972 - MCP Server - WARNING - Agent marked as inactive: settings_agent (instance: settings_agent_1765870630)
2025-12-16 15:39:39,972 - MCP Server - WARNING - Agent marked as inactive: network_agent (instance: network_agent_1765870631)
2025-12-16 15:39:39,972 - MCP Server - WARNING - Agent marked as inactive: app_agent (instance: app_agent_1765870632)
2025-12-16 15:39:39,972 - MCP Server - WARNING - Agent marked as inactive: monitor_agent (instance: monitor_agent_1765870633)
2025-12-16 15:39:39,972 - MCP Server - WARNING - Agent marked as inactive: media_agent (instance: media_agent_1765870634)
2025-12-16 15:39:42,975 - MCP Server - WARNING - Agent marked as inactive: file_agent (instance: file_agent_1765870629)
2025-12-16 15:39:42,976 - MCP Server - WARNING - Agent marked as inactive: settings_agent (instance: settings_agent_1765870630)
2025-12-16 15:39:42,976 - MCP Server - WARNING - Agent marked as inactive: network_agent (instance: network_agent_1765870631)
2025-12-16 15:39:42,976 - MCP Server - WARNING - Agent marked as inactive: app_agent (instance: app_agent_1765870632)
2025-12-16 15:39:42,976 - MCP Server - WARNING - Agent marked as inactive: monitor_agent (instance: monitor_agent_1765870633)
2025-12-16 15:39:42,976 - MCP Server - WARNING - Agent marked as inactive: media_agent (instance: media_agent_1765870634)
2025-12-16 15:39:45,980 - MCP Server - WARNING - Agent marked as inactive: file_agent (instance: file_agent_1765870629)
2025-12-16 15:39:45,980 - MCP Server - WARNING - Agent marked as inactive: settings_agent (instance: settings_agent_1765870630)
2025-12-16 15:39:45,980 - MCP Server - WARNING - Agent marked as inactive: network_agent (instance: network_agent_1765870631)
2025-12-16 15:39:45,980 - MCP Server - WARNING - Agent marked as inactive: app_agent (instance: app_agent_1765870632)
2025-12-16 15:39:45,980 - MCP Server - WARNING - Agent marked as inactive: monitor_agent (instance: monitor_agent_1765870633)
2025-12-16 15:39:45,980 - MCP Server - WARNING - Agent marked as inactive: media_agent (instance: media_agent_1765870634)
2025-12-16 15:39:48,984 - MCP Server - WARNING - Agent marked as inactive: file_agent (instance: file_agent_1765870629)
2025-12-16 15:39:48,984 - MCP Server - WARNING - Agent marked as inactive: settings_agent (instance: settings_agent_1765870630)
2025-12-16 15:39:48,984 - MCP Server - WARNING - Agent marked as inactive: network_agent (instance: network_agent_1765870631)
2025-12-16 15:39:48,984 - MCP Server - WARNING - Agent marked as inactive: app_agent (instance: app_agent_1765870632)
2025-12-16 15:39:48,984 - MCP Server - WARNING - Agent marked as inactive: monitor_agent (instance: monitor_agent_1765870633)
2025-12-16 15:39:48,984 - MCP Server - WARNING - Agent marked as inactive: media_agent (instance: media_agent_1765870634)
2025-12-16 15:39:51,988 - MCP Server - WARNING - Agent marked as inactive: file_agent (instance: file_agent_1765870629)
2025-12-16 15:39:51,988 - MCP Server - WARNING - Agent marked as inactive: settings_agent (instance: settings_agent_1765870630)
2025-12-16 15:39:51,988 - MCP Server - WARNING - Agent marked as inactive: network_agent (instance: network_agent_1765870631)
2025-12-16 15:39:51,988 - MCP Server - WARNING - Agent marked as inactive: app_agent (instance: app_agent_1765870632)
2025-12-16 15:39:51,988 - MCP Server - WARNING - Agent marked as inactive: monitor_agent (instance: monitor_agent_1765870633)
2025-12-16 15:39:51,988 - MCP Server - WARNING - Agent marked as inactive: media_agent (instance: media_agent_1765870634)
2025-12-16 15:39:54,991 - MCP Server - WARNING - Agent marked as inactive: file_agent (instance: file_agent_1765870629)
2025-12-16 15:39:54,991 - MCP Server - WARNING - Agent marked as inactive: settings_agent (instance: settings_agent_1765870630)
2025-12-16 15:39:54,992 - MCP Server - WARNING - Agent marked as inactive: network_agent (instance: network_agent_1765870631)
2025-12-16 15:39:54,992 - MCP Server - WARNING - Agent marked as inactive: app_agent (instance: app_agent_1765870632)
2025-12-16 15:39:54,992 - MCP Server - WARNING - Agent marked as inactive: monitor_agent (instance: monitor_agent_1765870633)
2025-12-16 15:39:54,992 - MCP Server - WARNING - Agent marked as inactive: media_agent (instance: media_agent_1765870634)
2025-12-16 15:39:57,995 - MCP Server - WARNING - Agent marked as inactive: file_agent (instance: file_agent_1765870629)
2025-12-16 15:39:57,995 - MCP Server - WARNING - Agent marked as inactive: settings_agent (instance: settings_agent_1765870630)
2025-12-16 15:39:57,996 - MCP Server - WARNING - Agent marked as inactive: network_agent (instance: network_agent_1765870631)
2025-12-16 15:39:57,996 - MCP Server - WARNING - Agent marked as inactive: app_agent (instance: app_agent_1765870632)
2025-12-16 15:39:57,996 - MCP Server - WARNING - Agent marked as inactive: monitor_agent (instance: monitor_agent_1765870633)
2025-12-16 15:39:57,996 - MCP Server - WARNING - Agent marked as inactive: media_agent (instance: media_agent_1765870634)
2025-12-16 15:40:00,999 - MCP Server - WARNING - Agent marked as inactive: file_agent (instance: file_agent_1765870629)
2025-12-16 15:40:00,999 - MCP Server - WARNING - Agent marked as inactive: settings_agent (instance: settings_agent_1765870630)
2025-12-16 15:40:00,999 - MCP Server - WARNING - Agent marked as inactive: network_agent (instance: network_agent_1765870631)
2025-12-16 15:40:01,000 - MCP Server - WARNING - Agent marked as inactive: app_agent (instance: app_agent_1765870632)
2025-12-16 15:40:01,000 - MCP Server - WARNING - Agent marked as inactive: monitor_agent (instance: monitor_agent_1765870633)
2025-12-16 15:40:01,000 - MCP Server - WARNING - Agent marked as inactive: media_agent (instance: media_agent_1765870634)
2025-12-16 15:40:04,003 - MCP Server - WARNING - Agent marked as inactive: file_agent (instance: file_agent_1765870629)
2025-12-16 15:40:04,003 - MCP Server - WARNING - Agent marked as inactive: settings_agent (instance: settings_agent_1765870630)
2025-12-16 15:40:04,004 - MCP Server - WARNING - Agent marked as inactive: network_agent (instance: network_agent_1765870631)
2025-12-16 15:40:04,004 - MCP Server - WARNING - Agent marked as inactive: app_agent (instance: app_agent_1765870632)
2025-12-16 15:40:04,004 - MCP Server - WARNING - Agent marked as inactive: monitor_agent (instance: monitor_agent_1765870633)
2025-12-16 15:40:04,004 - MCP Server - WARNING - Agent marked as inactive: media_agent (instance: media_agent_1765870634)
2025-12-16 15:40:07,007 - MCP Server - WARNING - Agent marked as inactive: file_agent (instance: file_agent_1765870629)
2025-12-16 15:40:07,008 - MCP Server - WARNING - Agent marked as inactive: settings_agent (instance: settings_agent_1765870630)
2025-12-16 15:40:07,008 - MCP Server - WARNING - Agent marked as inactive: network_agent (instance: network_agent_1765870631)
2025-12-16 15:40:07,008 - MCP Server - WARNING - Agent marked as inactive: app_agent (instance: app_agent_1765870632)
2025-12-16 15:40:07,008 - MCP Server - WARNING - Agent marked as inactive: monitor_agent (instance: monitor_agent_1765870633)
2025-12-16 15:40:07,008 - MCP Server - WARNING - Agent marked as inactive: media_agent (instance: media_agent_1765870634)
2025-12-16 15:40:10,011 - MCP Server - WARNING - Agent marked as inactive: file_agent (instance: file_agent_1765870629)
2025-12-16 15:40:10,011 - MCP Server - WARNING - Agent marked as inactive: settings_agent (instance: settings_agent_1765870630)
2025-12-16 15:40:10,011 - MCP Server - WARNING - Agent marked as inactive: network_agent (instance: network_agent_1765870631)
2025-12-16 15:40:10,011 - MCP Server - WARNING - Agent marked as inactive: app_agent (instance: app_agent_1765870632)
2025-12-16 15:40:10,011 - MCP Server - WARNING - Agent marked as inactive: monitor_agent (instance: monitor_agent_1765870633)
2025-12-16 15:40:10,011 - MCP Server - WARNING - Agent marked as inactive: media_agent (instance: media_agent_1765870634)
2025-12-16 15:40:13,015 - MCP Server - WARNING - Agent marked as inactive: file_agent (instance: file_agent_1765870629)
2025-12-16 15:40:13,015 - MCP Server - WARNING - Agent marked as inactive: settings_agent (instance: settings_agent_1765870630)
2025-12-16 15:40:13,015 - MCP Server - WARNING - Agent marked as inactive: network_agent (instance: network_agent_1765870631)
2025-12-16 15:40:13,015 - MCP Server - WARNING - Agent marked as inactive: app_agent (instance: app_agent_1765870632)
2025-12-16 15:40:13,015 - MCP Server - WARNING - Agent marked as inactive: monitor_agent (instance: monitor_agent_1765870633)
2025-12-16 15:40:13,015 - MCP Server - WARNING - Agent marked as inactive: media_agent (instance: media_agent_1765870634)
2025-12-16 15:40:16,019 - MCP Server - WARNING - Agent marked as inactive: file_agent (instance: file_agent_1765870629)
2025-12-16 15:40:16,019 - MCP Server - WARNING - Agent marked as inactive: settings_agent (instance: settings_agent_1765870630)
2025-12-16 15:40:16,019 - MCP Server - WARNING - Agent marked as inactive: network_agent (instance: network_agent_1765870631)
2025-12-16 15:40:16,019 - MCP Server - WARNING - Agent marked as inactive: app_agent (instance: app_agent_1765870632)
2025-12-16 15:40:16,019 - MCP Server - WARNING - Agent marked as inactive: monitor_agent (instance: monitor_agent_1765870633)
2025-12-16 15:40:16,020 - MCP Server - WARNING - Agent marked as inactive: media_agent (instance: media_agent_1765870634)
2025-12-16 15:40:19,023 - MCP Server - WARNING - Agent marked as inactive: file_agent (instance: file_agent_1765870629)
2025-12-16 15:40:19,023 - MCP Server - WARNING - Agent marked as inactive: settings_agent (instance: settings_agent_1765870630)
2025-12-16 15:40:19,023 - MCP Server - WARNING - Agent marked as inactive: network_agent (instance: network_agent_1765870631)
2025-12-16 15:40:19,023 - MCP Server - WARNING - Agent marked as inactive: app_agent (instance: app_agent_1765870632)
2025-12-16 15:40:19,023 - MCP Server - WARNING - Agent marked as inactive: monitor_agent (instance: monitor_agent_1765870633)
2025-12-16 15:40:19,024 - MCP Server - WARNING - Agent marked as inactive: media_agent (instance: media_agent_1765870634)
2025-12-16 15:40:22,027 - MCP Server - WARNING - Agent marked as inactive: file_agent (instance: file_agent_1765870629)
2025-12-16 15:40:22,027 - MCP Server - WARNING - Agent marked as inactive: settings_agent (instance: settings_agent_1765870630)
2025-12-16 15:40:22,027 - MCP Server - WARNING - Agent marked as inactive: network_agent (instance: network_agent_1765870631)
2025-12-16 15:40:22,027 - MCP Server - WARNING - Agent marked as inactive: app_agent (instance: app_agent_1765870632)
2025-12-16 15:40:22,027 - MCP Server - WARNING - Agent marked as inactive: monitor_agent (instance: monitor_agent_1765870633)
2025-12-16 15:40:22,028 - MCP Server - WARNING - Agent marked as inactive: media_agent (instance: media_agent_1765870634)
2025-12-16 15:40:25,031 - MCP Server - WARNING - Agent marked as inactive: file_agent (instance: file_agent_1765870629)
2025-12-16 15:40:25,031 - MCP Server - WARNING - Agent marked as inactive: settings_agent (instance: settings_agent_1765870630)
2025-12-16 15:40:25,031 - MCP Server - WARNING - Agent marked as inactive: network_agent (instance: network_agent_1765870631)
2025-12-16 15:40:25,031 - MCP Server - WARNING - Agent marked as inactive: app_agent (instance: app_agent_1765870632)
2025-12-16 15:40:25,032 - MCP Server - WARNING - Agent marked as inactive: monitor_agent (instance: monitor_agent_1765870633)
2025-12-16 15:40:25,032 - MCP Server - WARNING - Agent marked as inactive: media_agent (instance: media_agent_1765870634)
2025-12-16 15:40:28,035 - MCP Server - WARNING - Agent marked as inactive: file_agent (instance: file_agent_1765870629)
2025-12-16 15:40:28,035 - MCP Server - WARNING - Agent marked as inactive: settings_agent (instance: settings_agent_1765870630)
2025-12-16 15:40:28,035 - MCP Server - WARNING - Agent marked as inactive: network_agent (instance: network_agent_1765870631)
2025-12-16 15:40:28,035 - MCP Server - WARNING - Agent marked as inactive: app_agent (instance: app_agent_1765870632)
2025-12-16 15:40:28,036 - MCP Server - WARNING - Agent marked as inactive: monitor_agent (instance: monitor_agent_1765870633)
2025-12-16 15:40:28,036 - MCP Server - WARNING - Agent marked as inactive: media_agent (instance: media_agent_1765870634)
2025-12-16 15:40:31,039 - MCP Server - WARNING - Agent marked as inactive: file_agent (instance: file_agent_1765870629)
2025-12-16 15:40:31,039 - MCP Server - WARNING - Agent marked as inactive: settings_agent (instance: settings_agent_1765870630)
2025-12-16 15:40:31,039 - MCP Server - WARNING - Agent marked as inactive: network_agent (instance: network_agent_1765870631)
2025-12-16 15:40:31,039 - MCP Server - WARNING - Agent marked as inactive: app_agent (instance: app_agent_1765870632)
2025-12-16 15:40:31,040 - MCP Server - WARNING - Agent marked as inactive: monitor_agent (instance: monitor_agent_1765870633)
2025-12-16 15:40:31,040 - MCP Server - WARNING - Agent marked as inactive: media_agent (instance: media_agent_1765870634)
2025-12-16 15:40:34,043 - MCP Server - WARNING - Agent marked as inactive: file_agent (instance: file_agent_1765870629)
2025-12-16 15:40:34,043 - MCP Server - WARNING - Agent marked as inactive: settings_agent (instance: settings_agent_1765870630)
2025-12-16 15:40:34,043 - MCP Server - WARNING - Agent marked as inactive: network_agent (instance: network_agent_1765870631)
2025-12-16 15:40:34,043 - MCP Server - WARNING - Agent marked as inactive: app_agent (instance: app_agent_1765870632)
2025-12-16 15:40:34,044 - MCP Server - WARNING - Agent marked as inactive: monitor_agent (instance: monitor_agent_1765870633)
2025-12-16 15:40:34,044 - MCP Server - WARNING - Agent marked as inactive: media_agent (instance: media_agent_1765870634)
2025-12-16 15:40:37,047 - MCP Server - WARNING - Agent marked as inactive: file_agent (instance: file_agent_1765870629)
2025-12-16 15:40:37,047 - MCP Server - WARNING - Agent marked as inactive: settings_agent (instance: settings_agent_1765870630)
2025-12-16 15:40:37,047 - MCP Server - WARNING - Agent marked as inactive: network_agent (instance: network_agent_1765870631)
2025-12-16 15:40:37,047 - MCP Server - WARNING - Agent marked as inactive: app_agent (instance: app_agent_1765870632)
2025-12-16 15:40:37,048 - MCP Server - WARNING - Agent marked as inactive: monitor_agent (instance: monitor_agent_1765870633)
2025-12-16 15:40:37,048 - MCP Server - WARNING - Agent marked as inactive: media_agent (instance: media_agent_1765870634)
2025-12-16 15:40:40,051 - MCP Server - WARNING - Agent marked as inactive: file_agent (instance: file_agent_1765870629)
2025-12-16 15:40:40,051 - MCP Server - WARNING - Agent marked as inactive: settings_agent (instance: settings_agent_1765870630)
2025-12-16 15:40:40,051 - MCP Server - WARNING - Agent marked as inactive: network_agent (instance: network_agent_1765870631)
2025-12-16 15:40:40,051 - MCP Server - WARNING - Agent marked as inactive: app_agent (instance: app_agent_1765870632)
2025-12-16 15:40:40,051 - MCP Server - WARNING - Agent marked as inactive: monitor_agent (instance: monitor_agent_1765870633)
2025-12-16 15:40:40,052 - MCP Server - WARNING - Agent marked as inactive: media_agent (instance: media_agent_1765870634)
2025-12-16 15:40:43,055 - MCP Server - WARNING - Agent marked as inactive: file_agent (instance: file_agent_1765870629)
2025-12-16 15:40:43,055 - MCP Server - WARNING - Agent marked as inactive: settings_agent (instance: settings_agent_1765870630)
2025-12-16 15:40:43,055 - MCP Server - WARNING - Agent marked as inactive: network_agent (instance: network_agent_1765870631)
2025-12-16 15:40:43,055 - MCP Server - WARNING - Agent marked as inactive: app_agent (instance: app_agent_1765870632)
2025-12-16 15:40:43,055 - MCP Server - WARNING - Agent marked as inactive: monitor_agent (instance: monitor_agent_1765870633)
2025-12-16 15:40:43,056 - MCP Server - WARNING - Agent marked as inactive: media_agent (instance: media_agent_1765870634)
2025-12-16 15:40:46,059 - MCP Server - WARNING - Agent marked as inactive: file_agent (instance: file_agent_1765870629)
2025-12-16 15:40:46,059 - MCP Server - WARNING - Agent marked as inactive: settings_agent (instance: settings_agent_1765870630)
2025-12-16 15:40:46,059 - MCP Server - WARNING - Agent marked as inactive: network_agent (instance: network_agent_1765870631)
2025-12-16 15:40:46,059 - MCP Server - WARNING - Agent marked as inactive: app_agent (instance: app_agent_1765870632)
2025-12-16 15:40:46,059 - MCP Server - WARNING - Agent marked as inactive: monitor_agent (instance: monitor_agent_1765870633)
2025-12-16 15:40:46,060 - MCP Server - WARNING - Agent marked as inactive: media_agent (instance: media_agent_1765870634)
2025-12-16 15:40:49,063 - MCP Server - WARNING - Agent marked as inactive: file_agent (instance: file_agent_1765870629)
2025-12-16 15:40:49,063 - MCP Server - WARNING - Agent marked as inactive: settings_agent (instance: settings_agent_1765870630)
2025-12-16 15:40:49,063 - MCP Server - WARNING - Agent marked as inactive: network_agent (instance: network_agent_1765870631)
2025-12-16 15:40:49,063 - MCP Server - WARNING - Agent marked as inactive: app_agent (instance: app_agent_1765870632)
2025-12-16 15:40:49,064 - MCP Server - WARNING - Agent marked as inactive: monitor_agent (instance: monitor_agent_1765870633)
2025-12-16 15:40:49,064 - MCP Server - WARNING - Agent marked as inactive: media_agent (instance: media_agent_1765870634)
2025-12-16 15:40:52,067 - MCP Server - WARNING - Agent marked as inactive: file_agent (instance: file_agent_1765870629)
2025-12-16 15:40:52,067 - MCP Server - WARNING - Agent marked as inactive: settings_agent (instance: settings_agent_1765870630)
2025-12-16 15:40:52,067 - MCP Server - WARNING - Agent marked as inactive: network_agent (instance: network_agent_1765870631)
2025-12-16 15:40:52,067 - MCP Server - WARNING - Agent marked as inactive: app_agent (instance: app_agent_1765870632)
2025-12-16 15:40:52,068 - MCP Server - WARNING - Agent marked as inactive: monitor_agent (instance: monitor_agent_1765870633)
2025-12-16 15:40:52,068 - MCP Server - WARNING - Agent marked as inactive: media_agent (instance: media_agent_1765870634)
2025-12-16 15:40:55,071 - MCP Server - WARNING - Agent marked as inactive: file_agent (instance: file_agent_1765870629)
2025-12-16 15:40:55,071 - MCP Server - WARNING - Agent marked as inactive: settings_agent (instance: settings_agent_1765870630)
2025-12-16 15:40:55,071 - MCP Server - WARNING - Agent marked as inactive: network_agent (instance: network_agent_1765870631)
2025-12-16 15:40:55,071 - MCP Server - WARNING - Agent marked as inactive: app_agent (instance: app_agent_1765870632)
2025-12-16 15:40:55,072 - MCP Server - WARNING - Agent marked as inactive: monitor_agent (instance: monitor_agent_1765870633)
2025-12-16 15:40:55,072 - MCP Server - WARNING - Agent marked as inactive: media_agent (instance: media_agent_1765870634)
2025-12-16 15:40:58,075 - MCP Server - WARNING - Agent marked as inactive: file_agent (instance: file_agent_1765870629)
2025-12-16 15:40:58,075 - MCP Server - WARNING - Agent marked as inactive: settings_agent (instance: settings_agent_1765870630)
2025-12-16 15:40:58,075 - MCP Server - WARNING - Agent marked as inactive: network_agent (instance: network_agent_1765870631)
2025-12-16 15:40:58,076 - MCP Server - WARNING - Agent marked as inactive: app_agent (instance: app_agent_1765870632)
2025-12-16 15:40:58,076 - MCP Server - WARNING - Agent marked as inactive: monitor_agent (instance: monitor_agent_1765870633)
2025-12-16 15:40:58,076 - MCP Server - WARNING - Agent marked as inactive: media_agent (instance: media_agent_1765870634)
2025-12-16 15:41:01,079 - MCP Server - WARNING - Agent marked as inactive: file_agent (instance: file_agent_1765870629)
2025-12-16 15:41:01,079 - MCP Server - WARNING - Agent marked as inactive: settings_agent (instance: settings_agent_1765870630)
2025-12-16 15:41:01,079 - MCP Server - WARNING - Agent marked as inactive: network_agent (instance: network_agent_1765870631)
2025-12-16 15:41:01,080 - MCP Server - WARNING - Agent marked as inactive: app_agent (instance: app_agent_1765870632)
2025-12-16 15:41:01,080 - MCP Server - WARNING - Agent marked as inactive: monitor_agent (instance: monitor_agent_1765870633)
2025-12-16 15:41:01,080 - MCP Server - WARNING - Agent marked as inactive: media_agent (instance: media_agent_1765870634)
2025-12-16 15:41:04,083 - MCP Server - WARNING - Agent marked as inactive: file_agent (instance: file_agent_1765870629)
2025-12-16 15:41:04,083 - MCP Server - WARNING - Agent marked as inactive: settings_agent (instance: settings_agent_1765870630)
2025-12-16 15:41:04,083 - MCP Server - WARNING - Agent marked as inactive: network_agent (instance: network_agent_1765870631)
2025-12-16 15:41:04,084 - MCP Server - WARNING - Agent marked as inactive: app_agent (instance: app_agent_1765870632)
2025-12-16 15:41:04,084 - MCP Server - WARNING - Agent marked as inactive: monitor_agent (instance: monitor_agent_1765870633)
2025-12-16 15:41:04,084 - MCP Server - WARNING - Agent marked as inactive: media_agent (instance: media_agent_1765870634)
2025-12-16 15:41:07,087 - MCP Server - WARNING - Agent marked as inactive: file_agent (instance: file_agent_1765870629)
2025-12-16 15:41:07,087 - MCP Server - WARNING - Agent marked as inactive: settings_agent (instance: settings_agent_1765870630)
2025-12-16 15:41:07,087 - MCP Server - WARNING - Agent marked as inactive: network_agent (instance: network_agent_1765870631)
2025-12-16 15:41:07,087 - MCP Server - WARNING - Agent marked as inactive: app_agent (instance: app_agent_1765870632)
2025-12-16 15:41:07,088 - MCP Server - WARNING - Agent marked as inactive: monitor_agent (instance: monitor_agent_1765870633)
2025-12-16 15:41:07,088 - MCP Server - WARNING - Agent marked as inactive: media_agent (instance: media_agent_1765870634)
2025-12-16 15:41:10,091 - MCP Server - WARNING - Agent marked as inactive: file_agent (instance: file_agent_1765870629)
2025-12-16 15:41:10,091 - MCP Server - WARNING - Agent marked as inactive: settings_agent (instance: settings_agent_1765870630)
2025-12-16 15:41:10,091 - MCP Server - WARNING - Agent marked as inactive: network_agent (instance: network_agent_1765870631)
2025-12-16 15:41:10,091 - MCP Server - WARNING - Agent marked as inactive: app_agent (instance: app_agent_1765870632)
2025-12-16 15:41:10,091 - MCP Server - WARNING - Agent marked as inactive: monitor_agent (instance: monitor_agent_1765870633)
2025-12-16 15:41:10,092 - MCP Server - WARNING - Agent marked as inactive: media_agent (instance: media_agent_1765870634)
2025-12-16 15:41:13,095 - MCP Server - WARNING - Agent marked as inactive: file_agent (instance: file_agent_1765870629)
2025-12-16 15:41:13,095 - MCP Server - WARNING - Agent marked as inactive: settings_agent (instance: settings_agent_1765870630)
2025-12-16 15:41:13,095 - MCP Server - WARNING - Agent marked as inactive: network_agent (instance: network_agent_1765870631)
2025-12-16 15:41:13,095 - MCP Server - WARNING - Agent marked as inactive: app_agent (instance: app_agent_1765870632)
2025-12-16 15:41:13,095 - MCP Server - WARNING - Agent marked as inactive: monitor_agent (instance: monitor_agent_1765870633)
2025-12-16 15:41:13,096 - MCP Server - WARNING - Agent marked as inactive: media_agent (instance: media_agent_1765870634)
2025-12-16 15:41:16,099 - MCP Server - WARNING - Agent marked as inactive: file_agent (instance: file_agent_1765870629)
2025-12-16 15:41:16,099 - MCP Server - WARNING - Agent marked as inactive: settings_agent (instance: settings_agent_1765870630)
2025-12-16 15:41:16,099 - MCP Server - WARNING - Agent marked as inactive: network_agent (instance: network_agent_1765870631)
2025-12-16 15:41:16,099 - MCP Server - WARNING - Agent marked as inactive: app_agent (instance: app_agent_1765870632)
2025-12-16 15:41:16,099 - MCP Server - WARNING - Agent marked as inactive: monitor_agent (instance: monitor_agent_1765870633)
2025-12-16 15:41:16,100 - MCP Server - WARNING - Agent marked as inactive: media_agent (instance: media_agent_1765870634)
2025-12-16 15:41:19,103 - MCP Server - WARNING - Agent marked as inactive: file_agent (instance: file_agent_1765870629)
2025-12-16 15:41:19,103 - MCP Server - WARNING - Agent marked as inactive: settings_agent (instance: settings_agent_1765870630)
2025-12-16 15:41:19,103 - MCP Server - WARNING - Agent marked as inactive: network_agent (instance: network_agent_1765870631)
2025-12-16 15:41:19,103 - MCP Server - WARNING - Agent marked as inactive: app_agent (instance: app_agent_1765870632)
2025-12-16 15:41:19,103 - MCP Server - WARNING - Agent marked as inactive: monitor_agent (instance: monitor_agent_1765870633)
2025-12-16 15:41:19,103 - MCP Server - WARNING - Agent marked as inactive: media_agent (instance: media_agent_1765870634)
2025-12-16 15:41:22,107 - MCP Server - WARNING - Agent marked as inactive: file_agent (instance: file_agent_1765870629)
2025-12-16 15:41:22,107 - MCP Server - WARNING - Agent marked as inactive: settings_agent (instance: settings_agent_1765870630)
2025-12-16 15:41:22,107 - MCP Server - WARNING - Agent marked as inactive: network_agent (instance: network_agent_1765870631)
2025-12-16 15:41:22,107 - MCP Server - WARNING - Agent marked as inactive: app_agent (instance: app_agent_1765870632)
2025-12-16 15:41:22,107 - MCP Server - WARNING - Agent marked as inactive: monitor_agent (instance: monitor_agent_1765870633)
2025-12-16 15:41:22,107 - MCP Server - WARNING - Agent marked as inactive: media_agent (instance: media_agent_1765870634)
2025-12-16 15:41:25,111 - MCP Server - WARNING - Agent marked as inactive: file_agent (instance: file_agent_1765870629)
2025-12-16 15:41:25,111 - MCP Server - WARNING - Agent marked as inactive: settings_agent (instance: settings_agent_1765870630)
2025-12-16 15:41:25,111 - MCP Server - WARNING - Agent marked as inactive: network_agent (instance: network_agent_1765870631)
2025-12-16 15:41:25,111 - MCP Server - WARNING - Agent marked as inactive: app_agent (instance: app_agent_1765870632)
2025-12-16 15:41:25,111 - MCP Server - WARNING - Agent marked as inactive: monitor_agent (instance: monitor_agent_1765870633)
2025-12-16 15:41:25,111 - MCP Server - WARNING - Agent marked as inactive: media_agent (instance: media_agent_1765870634)
2025-12-16 15:41:28,115 - MCP Server - WARNING - Agent marked as inactive: file_agent (instance: file_agent_1765870629)
2025-12-16 15:41:28,115 - MCP Server - WARNING - Agent marked as inactive: settings_agent (instance: settings_agent_1765870630)
2025-12-16 15:41:28,115 - MCP Server - WARNING - Agent marked as inactive: network_agent (instance: network_agent_1765870631)
2025-12-16 15:41:28,115 - MCP Server - WARNING - Agent marked as inactive: app_agent (instance: app_agent_1765870632)
2025-12-16 15:41:28,115 - MCP Server - WARNING - Agent marked as inactive: monitor_agent (instance: monitor_agent_1765870633)
2025-12-16 15:41:28,115 - MCP Server - WARNING - Agent marked as inactive: media_agent (instance: media_agent_1765870634)
2025-12-16 15:41:31,119 - MCP Server - WARNING - Agent marked as inactive: file_agent (instance: file_agent_1765870629)
2025-12-16 15:41:31,119 - MCP Server - WARNING - Agent marked as inactive: settings_agent (instance: settings_agent_1765870630)
2025-12-16 15:41:31,119 - MCP Server - WARNING - Agent marked as inactive: network_agent (instance: network_agent_1765870631)
2025-12-16 15:41:31,119 - MCP Server - WARNING - Agent marked as inactive: app_agent (instance: app_agent_1765870632)
2025-12-16 15:41:31,119 - MCP Server - WARNING - Agent marked as inactive: monitor_agent (instance: monitor_agent_1765870633)
2025-12-16 15:41:31,119 - MCP Server - WARNING - Agent marked as inactive: media_agent (instance: media_agent_1765870634)
2025-12-16 15:41:34,123 - MCP Server - WARNING - Agent marked as inactive: file_agent (instance: file_agent_1765870629)
2025-12-16 15:41:34,123 - MCP Server - WARNING - Agent marked as inactive: settings_agent (instance: settings_agent_1765870630)
2025-12-16 15:41:34,123 - MCP Server - WARNING - Agent marked as inactive: network_agent (instance: network_agent_1765870631)
2025-12-16 15:41:34,123 - MCP Server - WARNING - Agent marked as inactive: app_agent (instance: app_agent_1765870632)
2025-12-16 15:41:34,123 - MCP Server - WARNING - Agent marked as inactive: monitor_agent (instance: monitor_agent_1765870633)
2025-12-16 15:41:34,123 - MCP Server - WARNING - Agent marked as inactive: media_agent (instance: media_agent_1765870634)
2025-12-16 15:41:37,127 - MCP Server - WARNING - Agent marked as inactive: file_agent (instance: file_agent_1765870629)
2025-12-16 15:41:37,127 - MCP Server - WARNING - Agent marked as inactive: settings_agent (instance: settings_agent_1765870630)
2025-12-16 15:41:37,127 - MCP Server - WARNING - Agent marked as inactive: network_agent (instance: network_agent_1765870631)
2025-12-16 15:41:37,127 - MCP Server - WARNING - Agent marked as inactive: app_agent (instance: app_agent_1765870632)
2025-12-16 15:41:37,127 - MCP Server - WARNING - Agent marked as inactive: monitor_agent (instance: monitor_agent_1765870633)
2025-12-16 15:41:37,127 - MCP Server - WARNING - Agent marked as inactive: media_agent (instance: media_agent_1765870634)
2025-12-16 15:41:40,130 - MCP Server - WARNING - Agent marked as inactive: file_agent (instance: file_agent_1765870629)
2025-12-16 15:41:40,130 - MCP Server - WARNING - Agent marked as inactive: settings_agent (instance: settings_agent_1765870630)
2025-12-16 15:41:40,130 - MCP Server - WARNING - Agent marked as inactive: network_agent (instance: network_agent_1765870631)
2025-12-16 15:41:40,130 - MCP Server - WARNING - Agent marked as inactive: app_agent (instance: app_agent_1765870632)
2025-12-16 15:41:40,131 - MCP Server - WARNING - Agent marked as inactive: monitor_agent (instance: monitor_agent_1765870633)
2025-12-16 15:41:40,131 - MCP Server - WARNING - Agent marked as inactive: media_agent (instance: media_agent_1765870634)
2025-12-16 15:41:43,134 - MCP Server - WARNING - Agent marked as inactive: file_agent (instance: file_agent_1765870629)
2025-12-16 15:41:43,134 - MCP Server - WARNING - Agent marked as inactive: settings_agent (instance: settings_agent_1765870630)
2025-12-16 15:41:43,134 - MCP Server - WARNING - Agent marked as inactive: network_agent (instance: network_agent_1765870631)
2025-12-16 15:41:43,134 - MCP Server - WARNING - Agent marked as inactive: app_agent (instance: app_agent_1765870632)
2025-12-16 15:41:43,135 - MCP Server - WARNING - Agent marked as inactive: monitor_agent (instance: monitor_agent_1765870633)
2025-12-16 15:41:43,135 - MCP Server - WARNING - Agent marked as inactive: media_agent (instance: media_agent_1765870634)
2025-12-16 15:41:46,138 - MCP Server - WARNING - Agent marked as inactive: file_agent (instance: file_agent_1765870629)
2025-12-16 15:41:46,138 - MCP Server - WARNING - Agent marked as inactive: settings_agent (instance: settings_agent_1765870630)
2025-12-16 15:41:46,138 - MCP Server - WARNING - Agent marked as inactive: network_agent (instance: network_agent_1765870631)
2025-12-16 15:41:46,138 - MCP Server - WARNING - Agent marked as inactive: app_agent (instance: app_agent_1765870632)
2025-12-16 15:41:46,139 - MCP Server - WARNING - Agent marked as inactive: monitor_agent (instance: monitor_agent_1765870633)
2025-12-16 15:41:46,139 - MCP Server - WARNING - Agent marked as inactive: media_agent (instance: media_agent_1765870634)
2025-12-16 15:41:49,142 - MCP Server - WARNING - Agent marked as inactive: file_agent (instance: file_agent_1765870629)
2025-12-16 15:41:49,142 - MCP Server - WARNING - Agent marked as inactive: settings_agent (instance: settings_agent_1765870630)
2025-12-16 15:41:49,142 - MCP Server - WARNING - Agent marked as inactive: network_agent (instance: network_agent_1765870631)
2025-12-16 15:41:49,142 - MCP Server - WARNING - Agent marked as inactive: app_agent (instance: app_agent_1765870632)
2025-12-16 15:41:49,142 - MCP Server - WARNING - Agent marked as inactive: monitor_agent (instance: monitor_agent_1765870633)
2025-12-16 15:41:49,142 - MCP Server - WARNING - Agent marked as inactive: media_agent (instance: media_agent_1765870634)
2025-12-16 15:41:52,146 - MCP Server - WARNING - Agent marked as inactive: file_agent (instance: file_agent_1765870629)
2025-12-16 15:41:52,146 - MCP Server - WARNING - Agent marked as inactive: settings_agent (instance: settings_agent_1765870630)
2025-12-16 15:41:52,146 - MCP Server - WARNING - Agent marked as inactive: network_agent (instance: network_agent_1765870631)
2025-12-16 15:41:52,146 - MCP Server - WARNING - Agent marked as inactive: app_agent (instance: app_agent_1765870632)
2025-12-16 15:41:52,146 - MCP Server - WARNING - Agent marked as inactive: monitor_agent (instance: monitor_agent_1765870633)
2025-12-16 15:41:52,146 - MCP Server - WARNING - Agent marked as inactive: media_agent (instance: media_agent_1765870634)
2025-12-16 15:41:55,149 - MCP Server - WARNING - Agent marked as inactive: file_agent (instance: file_agent_1765870629)
2025-12-16 15:41:55,150 - MCP Server - WARNING - Agent marked as inactive: settings_agent (instance: settings_agent_1765870630)
2025-12-16 15:41:55,150 - MCP Server - WARNING - Agent marked as inactive: network_agent (instance: network_agent_1765870631)
2025-12-16 15:41:55,150 - MCP Server - WARNING - Agent marked as inactive: app_agent (instance: app_agent_1765870632)
2025-12-16 15:41:55,150 - MCP Server - WARNING - Agent marked as inactive: monitor_agent (instance: monitor_agent_1765870633)
2025-12-16 15:41:55,150 - MCP Server - WARNING - Agent marked as inactive: media_agent (instance: media_agent_1765870634)
2025-12-16 15:41:58,153 - MCP Server - WARNING - Agent marked as inactive: file_agent (instance: file_agent_1765870629)
2025-12-16 15:41:58,153 - MCP Server - WARNING - Agent marked as inactive: settings_agent (instance: settings_agent_1765870630)
2025-12-16 15:41:58,154 - MCP Server - WARNING - Agent marked as inactive: network_agent (instance: network_agent_1765870631)
2025-12-16 15:41:58,154 - MCP Server - WARNING - Agent marked as inactive: app_agent (instance: app_agent_1765870632)
2025-12-16 15:41:58,154 - MCP Server - WARNING - Agent marked as inactive: monitor_agent (instance: monitor_agent_1765870633)
2025-12-16 15:41:58,154 - MCP Server - WARNING - Agent marked as inactive: media_agent (instance: media_agent_1765870634)
2025-12-16 15:42:01,157 - MCP Server - WARNING - Agent marked as inactive: file_agent (instance: file_agent_1765870629)
2025-12-16 15:42:01,157 - MCP Server - WARNING - Agent marked as inactive: settings_agent (instance: settings_agent_1765870630)
2025-12-16 15:42:01,158 - MCP Server - WARNING - Agent marked as inactive: network_agent (instance: network_agent_1765870631)
2025-12-16 15:42:01,158 - MCP Server - WARNING - Agent marked as inactive: app_agent (instance: app_agent_1765870632)
2025-12-16 15:42:01,158 - MCP Server - WARNING - Agent marked as inactive: monitor_agent (instance: monitor_agent_1765870633)
2025-12-16 15:42:01,158 - MCP Server - WARNING - Agent marked as inactive: media_agent (instance: media_agent_1765870634)
2025-12-16 15:42:04,161 - MCP Server - WARNING - Agent marked as inactive: file_agent (instance: file_agent_1765870629)
2025-12-16 15:42:04,161 - MCP Server - WARNING - Agent marked as inactive: settings_agent (instance: settings_agent_1765870630)
2025-12-16 15:42:04,162 - MCP Server - WARNING - Agent marked as inactive: network_agent (instance: network_agent_1765870631)
2025-12-16 15:42:04,162 - MCP Server - WARNING - Agent marked as inactive: app_agent (instance: app_agent_1765870632)
2025-12-16 15:42:04,162 - MCP Server - WARNING - Agent marked as inactive: monitor_agent (instance: monitor_agent_1765870633)
2025-12-16 15:42:04,162 - MCP Server - WARNING - Agent marked as inactive: media_agent (instance: media_agent_1765870634)
2025-12-16 15:42:07,165 - MCP Server - WARNING - Agent marked as inactive: file_agent (instance: file_agent_1765870629)
2025-12-16 15:42:07,165 - MCP Server - WARNING - Agent marked as inactive: settings_agent (instance: settings_agent_1765870630)
2025-12-16 15:42:07,165 - MCP Server - WARNING - Agent marked as inactive: network_agent (instance: network_agent_1765870631)
2025-12-16 15:42:07,165 - MCP Server - WARNING - Agent marked as inactive: app_agent (instance: app_agent_1765870632)
2025-12-16 15:42:07,166 - MCP Server - WARNING - Agent marked as inactive: monitor_agent (instance: monitor_agent_1765870633)
2025-12-16 15:42:07,166 - MCP Server - WARNING - Agent marked as inactive: media_agent (instance: media_agent_1765870634)
2025-12-16 15:42:10,169 - MCP Server - WARNING - Agent marked as inactive: file_agent (instance: file_agent_1765870629)
2025-12-16 15:42:10,169 - MCP Server - WARNING - Agent marked as inactive: settings_agent (instance: settings_agent_1765870630)
2025-12-16 15:42:10,169 - MCP Server - WARNING - Agent marked as inactive: network_agent (instance: network_agent_1765870631)
2025-12-16 15:42:10,169 - MCP Server - WARNING - Agent marked as inactive: app_agent (instance: app_agent_1765870632)
2025-12-16 15:42:10,169 - MCP Server - WARNING - Agent marked as inactive: monitor_agent (instance: monitor_agent_1765870633)
2025-12-16 15:42:10,169 - MCP Server - WARNING - Agent marked as inactive: media_agent (instance: media_agent_1765870634)
2025-12-16 15:42:13,173 - MCP Server - WARNING - Agent marked as inactive: file_agent (instance: file_agent_1765870629)
2025-12-16 15:42:13,173 - MCP Server - WARNING - Agent marked as inactive: settings_agent (instance: settings_agent_1765870630)
2025-12-16 15:42:13,173 - MCP Server - WARNING - Agent marked as inactive: network_agent (instance: network_agent_1765870631)
2025-12-16 15:42:13,173 - MCP Server - WARNING - Agent marked as inactive: app_agent (instance: app_agent_1765870632)
2025-12-16 15:42:13,173 - MCP Server - WARNING - Agent marked as inactive: monitor_agent (instance: monitor_agent_1765870633)
2025-12-16 15:42:13,173 - MCP Server - WARNING - Agent marked as inactive: media_agent (instance: media_agent_1765870634)
2025-12-16 15:42:16,177 - MCP Server - WARNING - Agent marked as inactive: file_agent (instance: file_agent_1765870629)
2025-12-16 15:42:16,177 - MCP Server - WARNING - Agent marked as inactive: settings_agent (instance: settings_agent_1765870630)
2025-12-16 15:42:16,177 - MCP Server - WARNING - Agent marked as inactive: network_agent (instance: network_agent_1765870631)
2025-12-16 15:42:16,177 - MCP Server - WARNING - Agent marked as inactive: app_agent (instance: app_agent_1765870632)
2025-12-16 15:42:16,177 - MCP Server - WARNING - Agent marked as inactive: monitor_agent (instance: monitor_agent_1765870633)
2025-12-16 15:42:16,177 - MCP Server - WARNING - Agent marked as inactive: media_agent (instance: media_agent_1765870634)
2025-12-16 15:42:19,181 - MCP Server - WARNING - Agent marked as inactive: file_agent (instance: file_agent_1765870629)
2025-12-16 15:42:19,181 - MCP Server - WARNING - Agent marked as inactive: settings_agent (instance: settings_agent_1765870630)
2025-12-16 15:42:19,181 - MCP Server - WARNING - Agent marked as inactive: network_agent (instance: network_agent_1765870631)
2025-12-16 15:42:19,181 - MCP Server - WARNING - Agent marked as inactive: app_agent (instance: app_agent_1765870632)
2025-12-16 15:42:19,181 - MCP Server - WARNING - Agent marked as inactive: monitor_agent (instance: monitor_agent_1765870633)
2025-12-16 15:42:19,181 - MCP Server - WARNING - Agent marked as inactive: media_agent (instance: media_agent_1765870634)
2025-12-16 15:42:22,184 - MCP Server - WARNING - Agent marked as inactive: file_agent (instance: file_agent_1765870629)
2025-12-16 15:42:22,185 - MCP Server - WARNING - Agent marked as inactive: settings_agent (instance: settings_agent_1765870630)
2025-12-16 15:42:22,185 - MCP Server - WARNING - Agent marked as inactive: network_agent (instance: network_agent_1765870631)
2025-12-16 15:42:22,185 - MCP Server - WARNING - Agent marked as inactive: app_agent (instance: app_agent_1765870632)
2025-12-16 15:42:22,185 - MCP Server - WARNING - Agent marked as inactive: monitor_agent (instance: monitor_agent_1765870633)
2025-12-16 15:42:22,185 - MCP Server - WARNING - Agent marked as inactive: media_agent (instance: media_agent_1765870634)
2025-12-16 15:42:25,188 - MCP Server - WARNING - Agent marked as inactive: file_agent (instance: file_agent_1765870629)
2025-12-16 15:42:25,188 - MCP Server - WARNING - Agent marked as inactive: settings_agent (instance: settings_agent_1765870630)
2025-12-16 15:42:25,188 - MCP Server - WARNING - Agent marked as inactive: network_agent (instance: network_agent_1765870631)
2025-12-16 15:42:25,189 - MCP Server - WARNING - Agent marked as inactive: app_agent (instance: app_agent_1765870632)
2025-12-16 15:42:25,189 - MCP Server - WARNING - Agent marked as inactive: monitor_agent (instance: monitor_agent_1765870633)
2025-12-16 15:42:25,189 - MCP Server - WARNING - Agent marked as inactive: media_agent (instance: media_agent_1765870634)
2025-12-16 15:42:28,192 - MCP Server - WARNING - Agent marked as inactive: file_agent (instance: file_agent_1765870629)
2025-12-16 15:42:28,192 - MCP Server - WARNING - Agent marked as inactive: settings_agent (instance: settings_agent_1765870630)
2025-12-16 15:42:28,192 - MCP Server - WARNING - Agent marked as inactive: network_agent (instance: network_agent_1765870631)
2025-12-16 15:42:28,192 - MCP Server - WARNING - Agent marked as inactive: app_agent (instance: app_agent_1765870632)
2025-12-16 15:42:28,192 - MCP Server - WARNING - Agent marked as inactive: monitor_agent (instance: monitor_agent_1765870633)
2025-12-16 15:42:28,192 - MCP Server - WARNING - Agent marked as inactive: media_agent (instance: media_agent_1765870634)
2025-12-16 15:42:31,196 - MCP Server - WARNING - Agent marked as inactive: file_agent (instance: file_agent_1765870629)
2025-12-16 15:42:31,196 - MCP Server - WARNING - Agent marked as inactive: settings_agent (instance: settings_agent_1765870630)
2025-12-16 15:42:31,196 - MCP Server - WARNING - Agent marked as inactive: network_agent (instance: network_agent_1765870631)
2025-12-16 15:42:31,196 - MCP Server - WARNING - Agent marked as inactive: app_agent (instance: app_agent_1765870632)
2025-12-16 15:42:31,196 - MCP Server - WARNING - Agent marked as inactive: monitor_agent (instance: monitor_agent_1765870633)
2025-12-16 15:42:31,196 - MCP Server - WARNING - Agent marked as inactive: media_agent (instance: media_agent_1765870634)
2025-12-16 15:42:34,200 - MCP Server - WARNING - Agent marked as inactive: file_agent (instance: file_agent_1765870629)
2025-12-16 15:42:34,200 - MCP Server - WARNING - Agent marked as inactive: settings_agent (instance: settings_agent_1765870630)
2025-12-16 15:42:34,200 - MCP Server - WARNING - Agent marked as inactive: network_agent (instance: network_agent_1765870631)
2025-12-16 15:42:34,200 - MCP Server - WARNING - Agent marked as inactive: app_agent (instance: app_agent_1765870632)
2025-12-16 15:42:34,200 - MCP Server - WARNING - Agent marked as inactive: monitor_agent (instance: monitor_agent_1765870633)
2025-12-16 15:42:34,200 - MCP Server - WARNING - Agent marked as inactive: media_agent (instance: media_agent_1765870634)
2025-12-16 15:42:37,204 - MCP Server - WARNING - Agent marked as inactive: file_agent (instance: file_agent_1765870629)
2025-12-16 15:42:37,204 - MCP Server - WARNING - Agent marked as inactive: settings_agent (instance: settings_agent_1765870630)
2025-12-16 15:42:37,204 - MCP Server - WARNING - Agent marked as inactive: network_agent (instance: network_agent_1765870631)
2025-12-16 15:42:37,204 - MCP Server - WARNING - Agent marked as inactive: app_agent (instance: app_agent_1765870632)
2025-12-16 15:42:37,204 - MCP Server - WARNING - Agent marked as inactive: monitor_agent (instance: monitor_agent_1765870633)
2025-12-16 15:42:37,204 - MCP Server - WARNING - Agent marked as inactive: media_agent (instance: media_agent_1765870634)
2025-12-16 15:42:40,207 - MCP Server - WARNING - Agent marked as inactive: file_agent (instance: file_agent_1765870629)
2025-12-16 15:42:40,208 - MCP Server - WARNING - Agent marked as inactive: settings_agent (instance: settings_agent_1765870630)
2025-12-16 15:42:40,208 - MCP Server - WARNING - Agent marked as inactive: network_agent (instance: network_agent_1765870631)
2025-12-16 15:42:40,208 - MCP Server - WARNING - Agent marked as inactive: app_agent (instance: app_agent_1765870632)
2025-12-16 15:42:40,208 - MCP Server - WARNING - Agent marked as inactive: monitor_agent (instance: monitor_agent_1765870633)
2025-12-16 15:42:40,208 - MCP Server - WARNING - Agent marked as inactive: media_agent (instance: media_agent_1765870634)
2025-12-16 15:42:43,211 - MCP Server - WARNING - Agent marked as inactive: file_agent (instance: file_agent_1765870629)
2025-12-16 15:42:43,212 - MCP Server - WARNING - Agent marked as inactive: settings_agent (instance: settings_agent_1765870630)
2025-12-16 15:42:43,212 - MCP Server - WARNING - Agent marked as inactive: network_agent (instance: network_agent_1765870631)
2025-12-16 15:42:43,212 - MCP Server - WARNING - Agent marked as inactive: app_agent (instance: app_agent_1765870632)
2025-12-16 15:42:43,212 - MCP Server - WARNING - Agent marked as inactive: monitor_agent (instance: monitor_agent_1765870633)
2025-12-16 15:42:43,212 - MCP Server - WARNING - Agent marked as inactive: media_agent (instance: media_agent_1765870634)
2025-12-16 15:42:46,215 - MCP Server - WARNING - Agent marked as inactive: file_agent (instance: file_agent_1765870629)
2025-12-16 15:42:46,216 - MCP Server - WARNING - Agent marked as inactive: settings_agent (instance: settings_agent_1765870630)
2025-12-16 15:42:46,216 - MCP Server - WARNING - Agent marked as inactive: network_agent (instance: network_agent_1765870631)
2025-12-16 15:42:46,216 - MCP Server - WARNING - Agent marked as inactive: app_agent (instance: app_agent_1765870632)
2025-12-16 15:42:46,216 - MCP Server - WARNING - Agent marked as inactive: monitor_agent (instance: monitor_agent_1765870633)
2025-12-16 15:42:46,216 - MCP Server - WARNING - Agent marked as inactive: media_agent (instance: media_agent_1765870634)
2025-12-16 15:42:49,219 - MCP Server - WARNING - Agent marked as inactive: file_agent (instance: file_agent_1765870629)
2025-12-16 15:42:49,220 - MCP Server - WARNING - Agent marked as inactive: settings_agent (instance: settings_agent_1765870630)
2025-12-16 15:42:49,220 - MCP Server - WARNING - Agent marked as inactive: network_agent (instance: network_agent_1765870631)
2025-12-16 15:42:49,220 - MCP Server - WARNING - Agent marked as inactive: app_agent (instance: app_agent_1765870632)
2025-12-16 15:42:49,220 - MCP Server - WARNING - Agent marked as inactive: monitor_agent (instance: monitor_agent_1765870633)
2025-12-16 15:42:49,220 - MCP Server - WARNING - Agent marked as inactive: media_agent (instance: media_agent_1765870634)
2025-12-16 15:42:52,223 - MCP Server - WARNING - Agent marked as inactive: file_agent (instance: file_agent_1765870629)
2025-12-16 15:42:52,223 - MCP Server - WARNING - Agent marked as inactive: settings_agent (instance: settings_agent_1765870630)
2025-12-16 15:42:52,224 - MCP Server - WARNING - Agent marked as inactive: network_agent (instance: network_agent_1765870631)
2025-12-16 15:42:52,224 - MCP Server - WARNING - Agent marked as inactive: app_agent (instance: app_agent_1765870632)
2025-12-16 15:42:52,224 - MCP Server - WARNING - Agent marked as inactive: monitor_agent (instance: monitor_agent_1765870633)
2025-12-16 15:42:52,224 - MCP Server - WARNING - Agent marked as inactive: media_agent (instance: media_agent_1765870634)
2025-12-16 15:42:55,227 - MCP Server - WARNING - Agent marked as inactive: file_agent (instance: file_agent_1765870629)
2025-12-16 15:42:55,227 - MCP Server - WARNING - Agent marked as inactive: settings_agent (instance: settings_agent_1765870630)
2025-12-16 15:42:55,227 - MCP Server - WARNING - Agent marked as inactive: network_agent (instance: network_agent_1765870631)
2025-12-16 15:42:55,227 - MCP Server - WARNING - Agent marked as inactive: app_agent (instance: app_agent_1765870632)
2025-12-16 15:42:55,227 - MCP Server - WARNING - Agent marked as inactive: monitor_agent (instance: monitor_agent_1765870633)
2025-12-16 15:42:55,227 - MCP Server - WARNING - Agent marked as inactive: media_agent (instance: media_agent_1765870634)
2025-12-16 15:42:58,231 - MCP Server - WARNING - Agent marked as inactive: file_agent (instance: file_agent_1765870629)
2025-12-16 15:42:58,231 - MCP Server - WARNING - Agent marked as inactive: settings_agent (instance: settings_agent_1765870630)
2025-12-16 15:42:58,231 - MCP Server - WARNING - Agent marked as inactive: network_agent (instance: network_agent_1765870631)
2025-12-16 15:42:58,231 - MCP Server - WARNING - Agent marked as inactive: app_agent (instance: app_agent_1765870632)
2025-12-16 15:42:58,231 - MCP Server - WARNING - Agent marked as inactive: monitor_agent (instance: monitor_agent_1765870633)
2025-12-16 15:42:58,231 - MCP Server - WARNING - Agent marked as inactive: media_agent (instance: media_agent_1765870634)
2025-12-16 15:43:01,234 - MCP Server - WARNING - Agent marked as inactive: file_agent (instance: file_agent_1765870629)
2025-12-16 15:43:01,235 - MCP Server - WARNING - Agent marked as inactive: settings_agent (instance: settings_agent_1765870630)
2025-12-16 15:43:01,235 - MCP Server - WARNING - Agent marked as inactive: network_agent (instance: network_agent_1765870631)
2025-12-16 15:43:01,235 - MCP Server - WARNING - Agent marked as inactive: app_agent (instance: app_agent_1765870632)
2025-12-16 15:43:01,235 - MCP Server - WARNING - Agent marked as inactive: monitor_agent (instance: monitor_agent_1765870633)
2025-12-16 15:43:01,235 - MCP Server - WARNING - Agent marked as inactive: media_agent (instance: media_agent_1765870634)
2025-12-16 15:43:04,238 - MCP Server - WARNING - Agent marked as inactive: file_agent (instance: file_agent_1765870629)
2025-12-16 15:43:04,239 - MCP Server - WARNING - Agent marked as inactive: settings_agent (instance: settings_agent_1765870630)
2025-12-16 15:43:04,239 - MCP Server - WARNING - Agent marked as inactive: network_agent (instance: network_agent_1765870631)
2025-12-16 15:43:04,239 - MCP Server - WARNING - Agent marked as inactive: app_agent (instance: app_agent_1765870632)
2025-12-16 15:43:04,239 - MCP Server - WARNING - Agent marked as inactive: monitor_agent (instance: monitor_agent_1765870633)
2025-12-16 15:43:04,239 - MCP Server - WARNING - Agent marked as inactive: media_agent (instance: media_agent_1765870634)
2025-12-16 15:43:07,242 - MCP Server - WARNING - Agent marked as inactive: file_agent (instance: file_agent_1765870629)
2025-12-16 15:43:07,242 - MCP Server - WARNING - Agent marked as inactive: settings_agent (instance: settings_agent_1765870630)
2025-12-16 15:43:07,243 - MCP Server - WARNING - Agent marked as inactive: network_agent (instance: network_agent_1765870631)
2025-12-16 15:43:07,243 - MCP Server - WARNING - Agent marked as inactive: app_agent (instance: app_agent_1765870632)
2025-12-16 15:43:07,243 - MCP Server - WARNING - Agent marked as inactive: monitor_agent (instance: monitor_agent_1765870633)
2025-12-16 15:43:07,243 - MCP Server - WARNING - Agent marked as inactive: media_agent (instance: media_agent_1765870634)
2025-12-16 15:43:10,246 - MCP Server - WARNING - Agent marked as inactive: file_agent (instance: file_agent_1765870629)
2025-12-16 15:43:10,246 - MCP Server - WARNING - Agent marked as inactive: settings_agent (instance: settings_agent_1765870630)
2025-12-16 15:43:10,246 - MCP Server - WARNING - Agent marked as inactive: network_agent (instance: network_agent_1765870631)
2025-12-16 15:43:10,247 - MCP Server - WARNING - Agent marked as inactive: app_agent (instance: app_agent_1765870632)
2025-12-16 15:43:10,247 - MCP Server - WARNING - Agent marked as inactive: monitor_agent (instance: monitor_agent_1765870633)
2025-12-16 15:43:10,247 - MCP Server - WARNING - Agent marked as inactive: media_agent (instance: media_agent_1765870634)
2025-12-16 15:43:13,250 - MCP Server - WARNING - Agent marked as inactive: file_agent (instance: file_agent_1765870629)
2025-12-16 15:43:13,250 - MCP Server - WARNING - Agent marked as inactive: settings_agent (instance: settings_agent_1765870630)
2025-12-16 15:43:13,250 - MCP Server - WARNING - Agent marked as inactive: network_agent (instance: network_agent_1765870631)
2025-12-16 15:43:13,250 - MCP Server - WARNING - Agent marked as inactive: app_agent (instance: app_agent_1765870632)
2025-12-16 15:43:13,250 - MCP Server - WARNING - Agent marked as inactive: monitor_agent (instance: monitor_agent_1765870633)
2025-12-16 15:43:13,250 - MCP Server - WARNING - Agent marked as inactive: media_agent (instance: media_agent_1765870634)
2025-12-16 15:43:16,254 - MCP Server - WARNING - Agent marked as inactive: file_agent (instance: file_agent_1765870629)
2025-12-16 15:43:16,254 - MCP Server - WARNING - Agent marked as inactive: settings_agent (instance: settings_agent_1765870630)
2025-12-16 15:43:16,254 - MCP Server - WARNING - Agent marked as inactive: network_agent (instance: network_agent_1765870631)
2025-12-16 15:43:16,254 - MCP Server - WARNING - Agent marked as inactive: app_agent (instance: app_agent_1765870632)
2025-12-16 15:43:16,254 - MCP Server - WARNING - Agent marked as inactive: monitor_agent (instance: monitor_agent_1765870633)
2025-12-16 15:43:16,254 - MCP Server - WARNING - Agent marked as inactive: media_agent (instance: media_agent_1765870634)
2025-12-16 15:43:19,257 - MCP Server - WARNING - Agent marked as inactive: file_agent (instance: file_agent_1765870629)
2025-12-16 15:43:19,258 - MCP Server - WARNING - Agent marked as inactive: settings_agent (instance: settings_agent_1765870630)
2025-12-16 15:43:19,258 - MCP Server - WARNING - Agent marked as inactive: network_agent (instance: network_agent_1765870631)
2025-12-16 15:43:19,258 - MCP Server - WARNING - Agent marked as inactive: app_agent (instance: app_agent_1765870632)
2025-12-16 15:43:19,258 - MCP Server - WARNING - Agent marked as inactive: monitor_agent (instance: monitor_agent_1765870633)
2025-12-16 15:43:19,258 - MCP Server - WARNING - Agent marked as inactive: media_agent (instance: media_agent_1765870634)
2025-12-16 15:43:22,261 - MCP Server - WARNING - Agent marked as inactive: file_agent (instance: file_agent_1765870629)
2025-12-16 15:43:22,262 - MCP Server - WARNING - Agent marked as inactive: settings_agent (instance: settings_agent_1765870630)
2025-12-16 15:43:22,262 - MCP Server - WARNING - Agent marked as inactive: network_agent (instance: network_agent_1765870631)
2025-12-16 15:43:22,262 - MCP Server - WARNING - Agent marked as inactive: app_agent (instance: app_agent_1765870632)
2025-12-16 15:43:22,262 - MCP Server - WARNING - Agent marked as inactive: monitor_agent (instance: monitor_agent_1765870633)
2025-12-16 15:43:22,262 - MCP Server - WARNING - Agent marked as inactive: media_agent (instance: media_agent_1765870634)
2025-12-16 15:43:25,265 - MCP Server - WARNING - Agent marked as inactive: file_agent (instance: file_agent_1765870629)
2025-12-16 15:43:25,265 - MCP Server - WARNING - Agent marked as inactive: settings_agent (instance: settings_agent_1765870630)
2025-12-16 15:43:25,265 - MCP Server - WARNING - Agent marked as inactive: network_agent (instance: network_agent_1765870631)
2025-12-16 15:43:25,266 - MCP Server - WARNING - Agent marked as inactive: app_agent (instance: app_agent_1765870632)
2025-12-16 15:43:25,266 - MCP Server - WARNING - Agent marked as inactive: monitor_agent (instance: monitor_agent_1765870633)
2025-12-16 15:43:25,266 - MCP Server - WARNING - Agent marked as inactive: media_agent (instance: media_agent_1765870634)
2025-12-16 15:43:28,269 - MCP Server - WARNING - Agent marked as inactive: file_agent (instance: file_agent_1765870629)
2025-12-16 15:43:28,269 - MCP Server - WARNING - Agent marked as inactive: settings_agent (instance: settings_agent_1765870630)
2025-12-16 15:43:28,269 - MCP Server - WARNING - Agent marked as inactive: network_agent (instance: network_agent_1765870631)
2025-12-16 15:43:28,269 - MCP Server - WARNING - Agent marked as inactive: app_agent (instance: app_agent_1765870632)
2025-12-16 15:43:28,269 - MCP Server - WARNING - Agent marked as inactive: monitor_agent (instance: monitor_agent_1765870633)
2025-12-16 15:43:28,269 - MCP Server - WARNING - Agent marked as inactive: media_agent (instance: media_agent_1765870634)
2025-12-16 15:43:31,273 - MCP Server - WARNING - Agent marked as inactive: file_agent (instance: file_agent_1765870629)
2025-12-16 15:43:31,273 - MCP Server - WARNING - Agent marked as inactive: settings_agent (instance: settings_agent_1765870630)
2025-12-16 15:43:31,273 - MCP Server - WARNING - Agent marked as inactive: network_agent (instance: network_agent_1765870631)
2025-12-16 15:43:31,273 - MCP Server - WARNING - Agent marked as inactive: app_agent (instance: app_agent_1765870632)
2025-12-16 15:43:31,273 - MCP Server - WARNING - Agent marked as inactive: monitor_agent (instance: monitor_agent_1765870633)
2025-12-16 15:43:31,273 - MCP Server - WARNING - Agent marked as inactive: media_agent (instance: media_agent_1765870634)
2025-12-16 15:43:34,277 - MCP Server - WARNING - Agent marked as inactive: file_agent (instance: file_agent_1765870629)
2025-12-16 15:43:34,277 - MCP Server - WARNING - Agent marked as inactive: settings_agent (instance: settings_agent_1765870630)
2025-12-16 15:43:34,277 - MCP Server - WARNING - Agent marked as inactive: network_agent (instance: network_agent_1765870631)
2025-12-16 15:43:34,277 - MCP Server - WARNING - Agent marked as inactive: app_agent (instance: app_agent_1765870632)
2025-12-16 15:43:34,277 - MCP Server - WARNING - Agent marked as inactive: monitor_agent (instance: monitor_agent_1765870633)
2025-12-16 15:43:34,277 - MCP Server - WARNING - Agent marked as inactive: media_agent (instance: media_agent_1765870634)
2025-12-16 15:43:37,280 - MCP Server - WARNING - Agent marked as inactive: file_agent (instance: file_agent_1765870629)
2025-12-16 15:43:37,281 - MCP Server - WARNING - Agent marked as inactive: settings_agent (instance: settings_agent_1765870630)
2025-12-16 15:43:37,281 - MCP Server - WARNING - Agent marked as inactive: network_agent (instance: network_agent_1765870631)
2025-12-16 15:43:37,281 - MCP Server - WARNING - Agent marked as inactive: app_agent (instance: app_agent_1765870632)
2025-12-16 15:43:37,281 - MCP Server - WARNING - Agent marked as inactive: monitor_agent (instance: monitor_agent_1765870633)
2025-12-16 15:43:37,281 - MCP Server - WARNING - Agent marked as inactive: media_agent (instance: media_agent_1765870634)
2025-12-16 15:43:40,284 - MCP Server - WARNING - Agent marked as inactive: file_agent (instance: file_agent_1765870629)
2025-12-16 15:43:40,285 - MCP Server - WARNING - Agent marked as inactive: settings_agent (instance: settings_agent_1765870630)
2025-12-16 15:43:40,285 - MCP Server - WARNING - Agent marked as inactive: network_agent (instance: network_agent_1765870631)
2025-12-16 15:43:40,285 - MCP Server - WARNING - Agent marked as inactive: app_agent (instance: app_agent_1765870632)
2025-12-16 15:43:40,285 - MCP Server - WARNING - Agent marked as inactive: monitor_agent (instance: monitor_agent_1765870633)
2025-12-16 15:43:40,285 - MCP Server - WARNING - Agent marked as inactive: media_agent (instance: media_agent_1765870634)
2025-12-16 15:43:40,911 - MCP Server - WARNING - 协作日志模块未找到，日志记录功能不可用
2025-12-16 15:43:40,913 - MCP Server - INFO - MCP Server initialized and registered on DBus
2025-12-16 15:43:40,913 - MCP Server - INFO - Tool added: echo
2025-12-16 15:43:40,913 - MCP Server - INFO - Heartbeat monitor started (3s interval)
2025-12-16 15:43:40,913 - MCP Server - INFO - ============================================================
2025-12-16 15:43:40,913 - MCP Server - INFO - MCP Server started successfully
2025-12-16 15:43:40,913 - MCP Server - INFO - ============================================================
2025-12-16 15:43:40,913 - MCP Server - INFO - Service name: com.kylin.mcp.MasterAgent
2025-12-16 15:43:40,914 - MCP Server - INFO - Object path: /com/kylin/mcp/MasterAgent
2025-12-16 15:43:40,914 - MCP Server - INFO - Interface name: com.kylin.mcp.MasterAgent
2025-12-16 15:43:40,914 - MCP Server - INFO - 
2025-12-16 15:43:40,914 - MCP Server - INFO - 等待子智能体注册...
2025-12-16 15:43:40,914 - MCP Server - INFO - ============================================================
2025-12-16 15:43:43,288 - MCP Server - WARNING - Agent marked as inactive: file_agent (instance: file_agent_1765870629)
2025-12-16 15:43:43,289 - MCP Server - WARNING - Agent marked as inactive: settings_agent (instance: settings_agent_1765870630)
2025-12-16 15:43:43,289 - MCP Server - WARNING - Agent marked as inactive: network_agent (instance: network_agent_1765870631)
2025-12-16 15:43:43,289 - MCP Server - WARNING - Agent marked as inactive: app_agent (instance: app_agent_1765870632)
2025-12-16 15:43:43,289 - MCP Server - WARNING - Agent marked as inactive: monitor_agent (instance: monitor_agent_1765870633)
2025-12-16 15:43:43,289 - MCP Server - WARNING - Agent marked as inactive: media_agent (instance: media_agent_1765870634)
2025-12-16 15:43:43,940 - MCP Server - INFO - Child agent registered: file_agent (instance: file_agent_1765871023)
2025-12-16 15:43:43,941 - MCP Server - INFO -   Tools: ['file_agent.search_file', 'file_agent.move_to_trash', 'file_agent.batch_rename']
2025-12-16 15:43:44,943 - MCP Server - INFO - Child agent registered: settings_agent (instance: settings_agent_1765871024)
2025-12-16 15:43:44,943 - MCP Server - INFO -   Tools: ['settings_agent.change_wallpaper', 'settings_agent.adjust_volume', 'settings_agent.bluetooth_manage']
2025-12-16 15:43:45,947 - MCP Server - INFO - Child agent registered: network_agent (instance: network_agent_1765871025)
2025-12-16 15:43:45,947 - MCP Server - INFO -   Tools: ['network_agent.list_wifi', 'network_agent.connect_wifi', 'network_agent.disconnect_wifi', 'network_agent.get_wifi_status', 'network_agent.set_proxy', 'network_agent.clear_proxy', 'network_agent.get_proxy_status', 'network_agent.speed_test', 'network_agent.get_network_status']
2025-12-16 15:43:46,292 - MCP Server - WARNING - Agent marked as inactive: file_agent (instance: file_agent_1765870629)
2025-12-16 15:43:46,293 - MCP Server - WARNING - Agent marked as inactive: settings_agent (instance: settings_agent_1765870630)
2025-12-16 15:43:46,293 - MCP Server - WARNING - Agent marked as inactive: network_agent (instance: network_agent_1765870631)
2025-12-16 15:43:46,293 - MCP Server - WARNING - Agent marked as inactive: app_agent (instance: app_agent_1765870632)
2025-12-16 15:43:46,293 - MCP Server - WARNING - Agent marked as inactive: monitor_agent (instance: monitor_agent_1765870633)
2025-12-16 15:43:46,293 - MCP Server - WARNING - Agent marked as inactive: media_agent (instance: media_agent_1765870634)
2025-12-16 15:43:46,958 - MCP Server - INFO - Child agent registered: app_agent (instance: app_agent_1765871026)
2025-12-16 15:43:46,959 - MCP Server - INFO -   Tools: ['app_agent.find_app', 'app_agent.launch_app', 'app_agent.close_app', 'app_agent.list_running_apps', 'app_agent.is_app_running', 'app_agent.app_quick_operation']
2025-12-16 15:43:47,961 - MCP Server - INFO - Child agent registered: monitor_agent (instance: monitor_agent_1765871027)
2025-12-16 15:43:47,961 - MCP Server - INFO -   Tools: ['monitor_agent.get_system_status', 'monitor_agent.clean_background_process', 'monitor_agent.monitor_agent_status']
2025-12-16 15:43:48,961 - MCP Server - INFO - Child agent registered: media_agent (instance: media_agent_1765871028)
2025-12-16 15:43:48,961 - MCP Server - INFO -   Tools: ['media_agent.play_media', 'media_agent.media_control', 'media_agent.capture_media_frame']
2025-12-16 15:43:49,296 - MCP Server - WARNING - Agent marked as inactive: file_agent (instance: file_agent_1765870629)
2025-12-16 15:43:49,297 - MCP Server - WARNING - Agent marked as inactive: settings_agent (instance: settings_agent_1765870630)
2025-12-16 15:43:49,297 - MCP Server - WARNING - Agent marked as inactive: network_agent (instance: network_agent_1765870631)
2025-12-16 15:43:49,297 - MCP Server - WARNING - Agent marked as inactive: app_agent (instance: app_agent_1765870632)
2025-12-16 15:43:49,297 - MCP Server - WARNING - Agent marked as inactive: monitor_agent (instance: monitor_agent_1765870633)
2025-12-16 15:43:49,297 - MCP Server - WARNING - Agent marked as inactive: media_agent (instance: media_agent_1765870634)
2025-12-16 15:43:52,300 - MCP Server - WARNING - Agent marked as inactive: file_agent (instance: file_agent_1765870629)
2025-12-16 15:43:52,300 - MCP Server - WARNING - Agent marked as inactive: settings_agent (instance: settings_agent_1765870630)
2025-12-16 15:43:52,301 - MCP Server - WARNING - Agent marked as inactive: network_agent (instance: network_agent_1765870631)
2025-12-16 15:43:52,301 - MCP Server - WARNING - Agent marked as inactive: app_agent (instance: app_agent_1765870632)
2025-12-16 15:43:52,301 - MCP Server - WARNING - Agent marked as inactive: monitor_agent (instance: monitor_agent_1765870633)
2025-12-16 15:43:52,301 - MCP Server - WARNING - Agent marked as inactive: media_agent (instance: media_agent_1765870634)
2025-12-16 15:43:55,304 - MCP Server - WARNING - Agent marked as inactive: file_agent (instance: file_agent_1765870629)
2025-12-16 15:43:55,304 - MCP Server - WARNING - Agent marked as inactive: settings_agent (instance: settings_agent_1765870630)
2025-12-16 15:43:55,305 - MCP Server - WARNING - Agent marked as inactive: network_agent (instance: network_agent_1765870631)
2025-12-16 15:43:55,305 - MCP Server - WARNING - Agent marked as inactive: app_agent (instance: app_agent_1765870632)
2025-12-16 15:43:55,305 - MCP Server - WARNING - Agent marked as inactive: monitor_agent (instance: monitor_agent_1765870633)
2025-12-16 15:43:55,305 - MCP Server - WARNING - Agent marked as inactive: media_agent (instance: media_agent_1765870634)
2025-12-16 15:43:58,308 - MCP Server - WARNING - Agent marked as inactive: file_agent (instance: file_agent_1765870629)
2025-12-16 15:43:58,308 - MCP Server - WARNING - Agent marked as inactive: settings_agent (instance: settings_agent_1765870630)
2025-12-16 15:43:58,308 - MCP Server - WARNING - Agent marked as inactive: network_agent (instance: network_agent_1765870631)
2025-12-16 15:43:58,308 - MCP Server - WARNING - Agent marked as inactive: app_agent (instance: app_agent_1765870632)
2025-12-16 15:43:58,309 - MCP Server - WARNING - Agent marked as inactive: monitor_agent (instance: monitor_agent_1765870633)
2025-12-16 15:43:58,309 - MCP Server - WARNING - Agent marked as inactive: media_agent (instance: media_agent_1765870634)
2025-12-16 15:44:01,312 - MCP Server - WARNING - Agent marked as inactive: file_agent (instance: file_agent_1765870629)
2025-12-16 15:44:01,312 - MCP Server - WARNING - Agent marked as inactive: settings_agent (instance: settings_agent_1765870630)
2025-12-16 15:44:01,312 - MCP Server - WARNING - Agent marked as inactive: network_agent (instance: network_agent_1765870631)
2025-12-16 15:44:01,312 - MCP Server - WARNING - Agent marked as inactive: app_agent (instance: app_agent_1765870632)
2025-12-16 15:44:01,313 - MCP Server - WARNING - Agent marked as inactive: monitor_agent (instance: monitor_agent_1765870633)
2025-12-16 15:44:01,313 - MCP Server - WARNING - Agent marked as inactive: media_agent (instance: media_agent_1765870634)
2025-12-16 15:44:04,316 - MCP Server - WARNING - Agent marked as inactive: file_agent (instance: file_agent_1765870629)
2025-12-16 15:44:04,316 - MCP Server - WARNING - Agent marked as inactive: settings_agent (instance: settings_agent_1765870630)
2025-12-16 15:44:04,316 - MCP Server - WARNING - Agent marked as inactive: network_agent (instance: network_agent_1765870631)
2025-12-16 15:44:04,316 - MCP Server - WARNING - Agent marked as inactive: app_agent (instance: app_agent_1765870632)
2025-12-16 15:44:04,317 - MCP Server - WARNING - Agent marked as inactive: monitor_agent (instance: monitor_agent_1765870633)
2025-12-16 15:44:04,317 - MCP Server - WARNING - Agent marked as inactive: media_agent (instance: media_agent_1765870634)
2025-12-16 15:44:07,320 - MCP Server - WARNING - Agent marked as inactive: file_agent (instance: file_agent_1765870629)
2025-12-16 15:44:07,320 - MCP Server - WARNING - Agent marked as inactive: settings_agent (instance: settings_agent_1765870630)
2025-12-16 15:44:07,320 - MCP Server - WARNING - Agent marked as inactive: network_agent (instance: network_agent_1765870631)
2025-12-16 15:44:07,320 - MCP Server - WARNING - Agent marked as inactive: app_agent (instance: app_agent_1765870632)
2025-12-16 15:44:07,321 - MCP Server - WARNING - Agent marked as inactive: monitor_agent (instance: monitor_agent_1765870633)
2025-12-16 15:44:07,321 - MCP Server - WARNING - Agent marked as inactive: media_agent (instance: media_agent_1765870634)
2025-12-16 15:44:10,324 - MCP Server - WARNING - Agent marked as inactive: file_agent (instance: file_agent_1765870629)
2025-12-16 15:44:10,324 - MCP Server - WARNING - Agent marked as inactive: settings_agent (instance: settings_agent_1765870630)
2025-12-16 15:44:10,324 - MCP Server - WARNING - Agent marked as inactive: network_agent (instance: network_agent_1765870631)
2025-12-16 15:44:10,324 - MCP Server - WARNING - Agent marked as inactive: app_agent (instance: app_agent_1765870632)
2025-12-16 15:44:10,325 - MCP Server - WARNING - Agent marked as inactive: monitor_agent (instance: monitor_agent_1765870633)
2025-12-16 15:44:10,325 - MCP Server - WARNING - Agent marked as inactive: media_agent (instance: media_agent_1765870634)
2025-12-16 15:44:13,328 - MCP Server - WARNING - Agent marked as inactive: file_agent (instance: file_agent_1765870629)
2025-12-16 15:44:13,328 - MCP Server - WARNING - Agent marked as inactive: settings_agent (instance: settings_agent_1765870630)
2025-12-16 15:44:13,328 - MCP Server - WARNING - Agent marked as inactive: network_agent (instance: network_agent_1765870631)
2025-12-16 15:44:13,328 - MCP Server - WARNING - Agent marked as inactive: app_agent (instance: app_agent_1765870632)
2025-12-16 15:44:13,329 - MCP Server - WARNING - Agent marked as inactive: monitor_agent (instance: monitor_agent_1765870633)
2025-12-16 15:44:13,329 - MCP Server - WARNING - Agent marked as inactive: media_agent (instance: media_agent_1765870634)
2025-12-16 15:44:16,332 - MCP Server - WARNING - Agent marked as inactive: file_agent (instance: file_agent_1765870629)
2025-12-16 15:44:16,332 - MCP Server - WARNING - Agent marked as inactive: settings_agent (instance: settings_agent_1765870630)
2025-12-16 15:44:16,332 - MCP Server - WARNING - Agent marked as inactive: network_agent (instance: network_agent_1765870631)
2025-12-16 15:44:16,332 - MCP Server - WARNING - Agent marked as inactive: app_agent (instance: app_agent_1765870632)
2025-12-16 15:44:16,333 - MCP Server - WARNING - Agent marked as inactive: monitor_agent (instance: monitor_agent_1765870633)
2025-12-16 15:44:16,333 - MCP Server - WARNING - Agent marked as inactive: media_agent (instance: media_agent_1765870634)
2025-12-16 15:44:19,336 - MCP Server - WARNING - Agent marked as inactive: file_agent (instance: file_agent_1765870629)
2025-12-16 15:44:19,336 - MCP Server - WARNING - Agent marked as inactive: settings_agent (instance: settings_agent_1765870630)
2025-12-16 15:44:19,336 - MCP Server - WARNING - Agent marked as inactive: network_agent (instance: network_agent_1765870631)
2025-12-16 15:44:19,336 - MCP Server - WARNING - Agent marked as inactive: app_agent (instance: app_agent_1765870632)
2025-12-16 15:44:19,337 - MCP Server - WARNING - Agent marked as inactive: monitor_agent (instance: monitor_agent_1765870633)
2025-12-16 15:44:19,337 - MCP Server - WARNING - Agent marked as inactive: media_agent (instance: media_agent_1765870634)
2025-12-16 15:44:22,340 - MCP Server - WARNING - Agent marked as inactive: file_agent (instance: file_agent_1765870629)
2025-12-16 15:44:22,340 - MCP Server - WARNING - Agent marked as inactive: settings_agent (instance: settings_agent_1765870630)
2025-12-16 15:44:22,340 - MCP Server - WARNING - Agent marked as inactive: network_agent (instance: network_agent_1765870631)
2025-12-16 15:44:22,341 - MCP Server - WARNING - Agent marked as inactive: app_agent (instance: app_agent_1765870632)
2025-12-16 15:44:22,341 - MCP Server - WARNING - Agent marked as inactive: monitor_agent (instance: monitor_agent_1765870633)
2025-12-16 15:44:22,341 - MCP Server - WARNING - Agent marked as inactive: media_agent (instance: media_agent_1765870634)
2025-12-16 15:44:25,344 - MCP Server - WARNING - Agent marked as inactive: file_agent (instance: file_agent_1765870629)
2025-12-16 15:44:25,344 - MCP Server - WARNING - Agent marked as inactive: settings_agent (instance: settings_agent_1765870630)
2025-12-16 15:44:25,344 - MCP Server - WARNING - Agent marked as inactive: network_agent (instance: network_agent_1765870631)
2025-12-16 15:44:25,345 - MCP Server - WARNING - Agent marked as inactive: app_agent (instance: app_agent_1765870632)
2025-12-16 15:44:25,345 - MCP Server - WARNING - Agent marked as inactive: monitor_agent (instance: monitor_agent_1765870633)
2025-12-16 15:44:25,345 - MCP Server - WARNING - Agent marked as inactive: media_agent (instance: media_agent_1765870634)
2025-12-16 15:44:28,348 - MCP Server - WARNING - Agent marked as inactive: file_agent (instance: file_agent_1765870629)
2025-12-16 15:44:28,348 - MCP Server - WARNING - Agent marked as inactive: settings_agent (instance: settings_agent_1765870630)
2025-12-16 15:44:28,348 - MCP Server - WARNING - Agent marked as inactive: network_agent (instance: network_agent_1765870631)
2025-12-16 15:44:28,348 - MCP Server - WARNING - Agent marked as inactive: app_agent (instance: app_agent_1765870632)
2025-12-16 15:44:28,349 - MCP Server - WARNING - Agent marked as inactive: monitor_agent (instance: monitor_agent_1765870633)
2025-12-16 15:44:28,349 - MCP Server - WARNING - Agent marked as inactive: media_agent (instance: media_agent_1765870634)
2025-12-16 15:44:31,349 - MCP Server - WARNING - Agent marked as inactive: file_agent (instance: file_agent_1765870629)
2025-12-16 15:44:31,350 - MCP Server - WARNING - Agent marked as inactive: settings_agent (instance: settings_agent_1765870630)
2025-12-16 15:44:31,350 - MCP Server - WARNING - Agent marked as inactive: network_agent (instance: network_agent_1765870631)
2025-12-16 15:44:31,350 - MCP Server - WARNING - Agent marked as inactive: app_agent (instance: app_agent_1765870632)
2025-12-16 15:44:31,350 - MCP Server - WARNING - Agent marked as inactive: monitor_agent (instance: monitor_agent_1765870633)
2025-12-16 15:44:31,350 - MCP Server - WARNING - Agent marked as inactive: media_agent (instance: media_agent_1765870634)
2025-12-16 15:44:34,353 - MCP Server - WARNING - Agent marked as inactive: file_agent (instance: file_agent_1765870629)
2025-12-16 15:44:34,353 - MCP Server - WARNING - Agent marked as inactive: settings_agent (instance: settings_agent_1765870630)
2025-12-16 15:44:34,354 - MCP Server - WARNING - Agent marked as inactive: network_agent (instance: network_agent_1765870631)
2025-12-16 15:44:34,354 - MCP Server - WARNING - Agent marked as inactive: app_agent (instance: app_agent_1765870632)
2025-12-16 15:44:34,354 - MCP Server - WARNING - Agent marked as inactive: monitor_agent (instance: monitor_agent_1765870633)
2025-12-16 15:44:34,354 - MCP Server - WARNING - Agent marked as inactive: media_agent (instance: media_agent_1765870634)
2025-12-16 15:44:37,357 - MCP Server - WARNING - Agent marked as inactive: file_agent (instance: file_agent_1765870629)
2025-12-16 15:44:37,357 - MCP Server - WARNING - Agent marked as inactive: settings_agent (instance: settings_agent_1765870630)
2025-12-16 15:44:37,358 - MCP Server - WARNING - Agent marked as inactive: network_agent (instance: network_agent_1765870631)
2025-12-16 15:44:37,358 - MCP Server - WARNING - Agent marked as inactive: app_agent (instance: app_agent_1765870632)
2025-12-16 15:44:37,358 - MCP Server - WARNING - Agent marked as inactive: monitor_agent (instance: monitor_agent_1765870633)
2025-12-16 15:44:37,358 - MCP Server - WARNING - Agent marked as inactive: media_agent (instance: media_agent_1765870634)
2025-12-16 15:44:40,361 - MCP Server - WARNING - Agent marked as inactive: file_agent (instance: file_agent_1765870629)
2025-12-16 15:44:40,362 - MCP Server - WARNING - Agent marked as inactive: settings_agent (instance: settings_agent_1765870630)
2025-12-16 15:44:40,362 - MCP Server - WARNING - Agent marked as inactive: network_agent (instance: network_agent_1765870631)
2025-12-16 15:44:40,362 - MCP Server - WARNING - Agent marked as inactive: app_agent (instance: app_agent_1765870632)
2025-12-16 15:44:40,362 - MCP Server - WARNING - Agent marked as inactive: monitor_agent (instance: monitor_agent_1765870633)
2025-12-16 15:44:40,362 - MCP Server - WARNING - Agent marked as inactive: media_agent (instance: media_agent_1765870634)
2025-12-16 15:44:43,365 - MCP Server - WARNING - Agent marked as inactive: file_agent (instance: file_agent_1765870629)
2025-12-16 15:44:43,366 - MCP Server - WARNING - Agent marked as inactive: settings_agent (instance: settings_agent_1765870630)
2025-12-16 15:44:43,366 - MCP Server - WARNING - Agent marked as inactive: network_agent (instance: network_agent_1765870631)
2025-12-16 15:44:43,366 - MCP Server - WARNING - Agent marked as inactive: app_agent (instance: app_agent_1765870632)
2025-12-16 15:44:43,366 - MCP Server - WARNING - Agent marked as inactive: monitor_agent (instance: monitor_agent_1765870633)
2025-12-16 15:44:43,366 - MCP Server - WARNING - Agent marked as inactive: media_agent (instance: media_agent_1765870634)
2025-12-16 15:44:43,976 - MCP Server - INFO - 📡 广播状态: file_agent (file_agent_1765871023) -> offline
2025-12-16 15:44:43,976 - MCP Server - WARNING - Agent marked as inactive: file_agent (instance: file_agent_1765871023)
2025-12-16 15:44:46,369 - MCP Server - WARNING - Agent marked as inactive: file_agent (instance: file_agent_1765870629)
2025-12-16 15:44:46,370 - MCP Server - WARNING - Agent marked as inactive: settings_agent (instance: settings_agent_1765870630)
2025-12-16 15:44:46,370 - MCP Server - WARNING - Agent marked as inactive: network_agent (instance: network_agent_1765870631)
2025-12-16 15:44:46,370 - MCP Server - WARNING - Agent marked as inactive: app_agent (instance: app_agent_1765870632)
2025-12-16 15:44:46,370 - MCP Server - WARNING - Agent marked as inactive: monitor_agent (instance: monitor_agent_1765870633)
2025-12-16 15:44:46,370 - MCP Server - WARNING - Agent marked as inactive: media_agent (instance: media_agent_1765870634)
2025-12-16 15:44:46,979 - MCP Server - WARNING - Agent marked as inactive: file_agent (instance: file_agent_1765871023)
2025-12-16 15:44:46,979 - MCP Server - INFO - 📡 广播状态: settings_agent (settings_agent_1765871024) -> offline
2025-12-16 15:44:46,980 - MCP Server - WARNING - Agent marked as inactive: settings_agent (instance: settings_agent_1765871024)
2025-12-16 15:44:46,980 - MCP Server - INFO - 📡 广播状态: network_agent (network_agent_1765871025) -> offline
2025-12-16 15:44:46,980 - MCP Server - WARNING - Agent marked as inactive: network_agent (instance: network_agent_1765871025)
2025-12-16 15:44:46,980 - MCP Server - INFO - 📡 广播状态: app_agent (app_agent_1765871026) -> offline
2025-12-16 15:44:46,980 - MCP Server - WARNING - Agent marked as inactive: app_agent (instance: app_agent_1765871026)
2025-12-16 15:44:49,373 - MCP Server - WARNING - Agent marked as inactive: file_agent (instance: file_agent_1765870629)
2025-12-16 15:44:49,373 - MCP Server - WARNING - Agent marked as inactive: settings_agent (instance: settings_agent_1765870630)
2025-12-16 15:44:49,374 - MCP Server - WARNING - Agent marked as inactive: network_agent (instance: network_agent_1765870631)
2025-12-16 15:44:49,374 - MCP Server - WARNING - Agent marked as inactive: app_agent (instance: app_agent_1765870632)
2025-12-16 15:44:49,374 - MCP Server - WARNING - Agent marked as inactive: monitor_agent (instance: monitor_agent_1765870633)
2025-12-16 15:44:49,374 - MCP Server - WARNING - Agent marked as inactive: media_agent (instance: media_agent_1765870634)
2025-12-16 15:44:49,983 - MCP Server - WARNING - Agent marked as inactive: file_agent (instance: file_agent_1765871023)
2025-12-16 15:44:49,984 - MCP Server - WARNING - Agent marked as inactive: settings_agent (instance: settings_agent_1765871024)
2025-12-16 15:44:49,984 - MCP Server - WARNING - Agent marked as inactive: network_agent (instance: network_agent_1765871025)
2025-12-16 15:44:49,984 - MCP Server - WARNING - Agent marked as inactive: app_agent (instance: app_agent_1765871026)
2025-12-16 15:44:49,984 - MCP Server - INFO - 📡 广播状态: monitor_agent (monitor_agent_1765871027) -> offline
2025-12-16 15:44:49,984 - MCP Server - WARNING - Agent marked as inactive: monitor_agent (instance: monitor_agent_1765871027)
2025-12-16 15:44:49,984 - MCP Server - INFO - 📡 广播状态: media_agent (media_agent_1765871028) -> offline
2025-12-16 15:44:49,984 - MCP Server - WARNING - Agent marked as inactive: media_agent (instance: media_agent_1765871028)
2025-12-16 15:44:52,377 - MCP Server - WARNING - Agent marked as inactive: file_agent (instance: file_agent_1765870629)
2025-12-16 15:44:52,377 - MCP Server - WARNING - Agent marked as inactive: settings_agent (instance: settings_agent_1765870630)
2025-12-16 15:44:52,378 - MCP Server - WARNING - Agent marked as inactive: network_agent (instance: network_agent_1765870631)
2025-12-16 15:44:52,378 - MCP Server - WARNING - Agent marked as inactive: app_agent (instance: app_agent_1765870632)
2025-12-16 15:44:52,378 - MCP Server - WARNING - Agent marked as inactive: monitor_agent (instance: monitor_agent_1765870633)
2025-12-16 15:44:52,378 - MCP Server - WARNING - Agent marked as inactive: media_agent (instance: media_agent_1765870634)
2025-12-16 15:44:52,987 - MCP Server - WARNING - Agent marked as inactive: file_agent (instance: file_agent_1765871023)
2025-12-16 15:44:52,988 - MCP Server - WARNING - Agent marked as inactive: settings_agent (instance: settings_agent_1765871024)
2025-12-16 15:44:52,988 - MCP Server - WARNING - Agent marked as inactive: network_agent (instance: network_agent_1765871025)
2025-12-16 15:44:52,988 - MCP Server - WARNING - Agent marked as inactive: app_agent (instance: app_agent_1765871026)
2025-12-16 15:44:52,988 - MCP Server - WARNING - Agent marked as inactive: monitor_agent (instance: monitor_agent_1765871027)
2025-12-16 15:44:52,988 - MCP Server - WARNING - Agent marked as inactive: media_agent (instance: media_agent_1765871028)
2025-12-16 15:44:55,379 - MCP Server - WARNING - Agent marked as inactive: file_agent (instance: file_agent_1765870629)
2025-12-16 15:44:55,379 - MCP Server - WARNING - Agent marked as inactive: settings_agent (instance: settings_agent_1765870630)
2025-12-16 15:44:55,379 - MCP Server - WARNING - Agent marked as inactive: network_agent (instance: network_agent_1765870631)
2025-12-16 15:44:55,379 - MCP Server - WARNING - Agent marked as inactive: app_agent (instance: app_agent_1765870632)
2025-12-16 15:44:55,380 - MCP Server - WARNING - Agent marked as inactive: monitor_agent (instance: monitor_agent_1765870633)
2025-12-16 15:44:55,380 - MCP Server - WARNING - Agent marked as inactive: media_agent (instance: media_agent_1765870634)
2025-12-16 15:44:55,991 - MCP Server - WARNING - Agent marked as inactive: file_agent (instance: file_agent_1765871023)
2025-12-16 15:44:55,992 - MCP Server - WARNING - Agent marked as inactive: settings_agent (instance: settings_agent_1765871024)
2025-12-16 15:44:55,992 - MCP Server - WARNING - Agent marked as inactive: network_agent (instance: network_agent_1765871025)
2025-12-16 15:44:55,992 - MCP Server - WARNING - Agent marked as inactive: app_agent (instance: app_agent_1765871026)
2025-12-16 15:44:55,992 - MCP Server - WARNING - Agent marked as inactive: monitor_agent (instance: monitor_agent_1765871027)
2025-12-16 15:44:55,992 - MCP Server - WARNING - Agent marked as inactive: media_agent (instance: media_agent_1765871028)
2025-12-16 15:44:58,383 - MCP Server - WARNING - Agent marked as inactive: file_agent (instance: file_agent_1765870629)
2025-12-16 15:44:58,383 - MCP Server - WARNING - Agent marked as inactive: settings_agent (instance: settings_agent_1765870630)
2025-12-16 15:44:58,383 - MCP Server - WARNING - Agent marked as inactive: network_agent (instance: network_agent_1765870631)
2025-12-16 15:44:58,384 - MCP Server - WARNING - Agent marked as inactive: app_agent (instance: app_agent_1765870632)
2025-12-16 15:44:58,384 - MCP Server - WARNING - Agent marked as inactive: monitor_agent (instance: monitor_agent_1765870633)
2025-12-16 15:44:58,384 - MCP Server - WARNING - Agent marked as inactive: media_agent (instance: media_agent_1765870634)
2025-12-16 15:44:58,995 - MCP Server - WARNING - Agent marked as inactive: file_agent (instance: file_agent_1765871023)
2025-12-16 15:44:58,995 - MCP Server - WARNING - Agent marked as inactive: settings_agent (instance: settings_agent_1765871024)
2025-12-16 15:44:58,996 - MCP Server - WARNING - Agent marked as inactive: network_agent (instance: network_agent_1765871025)
2025-12-16 15:44:58,996 - MCP Server - WARNING - Agent marked as inactive: app_agent (instance: app_agent_1765871026)
2025-12-16 15:44:58,996 - MCP Server - WARNING - Agent marked as inactive: monitor_agent (instance: monitor_agent_1765871027)
2025-12-16 15:44:58,996 - MCP Server - WARNING - Agent marked as inactive: media_agent (instance: media_agent_1765871028)
2025-12-16 15:45:01,387 - MCP Server - WARNING - Agent marked as inactive: file_agent (instance: file_agent_1765870629)
2025-12-16 15:45:01,387 - MCP Server - WARNING - Agent marked as inactive: settings_agent (instance: settings_agent_1765870630)
2025-12-16 15:45:01,387 - MCP Server - WARNING - Agent marked as inactive: network_agent (instance: network_agent_1765870631)
2025-12-16 15:45:01,388 - MCP Server - WARNING - Agent marked as inactive: app_agent (instance: app_agent_1765870632)
2025-12-16 15:45:01,388 - MCP Server - WARNING - Agent marked as inactive: monitor_agent (instance: monitor_agent_1765870633)
2025-12-16 15:45:01,388 - MCP Server - WARNING - Agent marked as inactive: media_agent (instance: media_agent_1765870634)
2025-12-16 15:45:01,999 - MCP Server - WARNING - Agent marked as inactive: file_agent (instance: file_agent_1765871023)
2025-12-16 15:45:01,999 - MCP Server - WARNING - Agent marked as inactive: settings_agent (instance: settings_agent_1765871024)
2025-12-16 15:45:02,000 - MCP Server - WARNING - Agent marked as inactive: network_agent (instance: network_agent_1765871025)
2025-12-16 15:45:02,000 - MCP Server - WARNING - Agent marked as inactive: app_agent (instance: app_agent_1765871026)
2025-12-16 15:45:02,000 - MCP Server - WARNING - Agent marked as inactive: monitor_agent (instance: monitor_agent_1765871027)
2025-12-16 15:45:02,000 - MCP Server - WARNING - Agent marked as inactive: media_agent (instance: media_agent_1765871028)
2025-12-16 15:45:04,391 - MCP Server - WARNING - Agent marked as inactive: file_agent (instance: file_agent_1765870629)
2025-12-16 15:45:04,391 - MCP Server - WARNING - Agent marked as inactive: settings_agent (instance: settings_agent_1765870630)
2025-12-16 15:45:04,391 - MCP Server - WARNING - Agent marked as inactive: network_agent (instance: network_agent_1765870631)
2025-12-16 15:45:04,391 - MCP Server - WARNING - Agent marked as inactive: app_agent (instance: app_agent_1765870632)
2025-12-16 15:45:04,392 - MCP Server - WARNING - Agent marked as inactive: monitor_agent (instance: monitor_agent_1765870633)
2025-12-16 15:45:04,392 - MCP Server - WARNING - Agent marked as inactive: media_agent (instance: media_agent_1765870634)
2025-12-16 15:45:05,003 - MCP Server - WARNING - Agent marked as inactive: file_agent (instance: file_agent_1765871023)
2025-12-16 15:45:05,003 - MCP Server - WARNING - Agent marked as inactive: settings_agent (instance: settings_agent_1765871024)
2025-12-16 15:45:05,003 - MCP Server - WARNING - Agent marked as inactive: network_agent (instance: network_agent_1765871025)
2025-12-16 15:45:05,003 - MCP Server - WARNING - Agent marked as inactive: app_agent (instance: app_agent_1765871026)
2025-12-16 15:45:05,003 - MCP Server - WARNING - Agent marked as inactive: monitor_agent (instance: monitor_agent_1765871027)
2025-12-16 15:45:05,004 - MCP Server - WARNING - Agent marked as inactive: media_agent (instance: media_agent_1765871028)
2025-12-16 15:45:07,395 - MCP Server - WARNING - Agent marked as inactive: file_agent (instance: file_agent_1765870629)
2025-12-16 15:45:07,395 - MCP Server - WARNING - Agent marked as inactive: settings_agent (instance: settings_agent_1765870630)
2025-12-16 15:45:07,395 - MCP Server - WARNING - Agent marked as inactive: network_agent (instance: network_agent_1765870631)
2025-12-16 15:45:07,395 - MCP Server - WARNING - Agent marked as inactive: app_agent (instance: app_agent_1765870632)
2025-12-16 15:45:07,396 - MCP Server - WARNING - Agent marked as inactive: monitor_agent (instance: monitor_agent_1765870633)
2025-12-16 15:45:07,396 - MCP Server - WARNING - Agent marked as inactive: media_agent (instance: media_agent_1765870634)
2025-12-16 15:45:08,007 - MCP Server - WARNING - Agent marked as inactive: file_agent (instance: file_agent_1765871023)
2025-12-16 15:45:08,007 - MCP Server - WARNING - Agent marked as inactive: settings_agent (instance: settings_agent_1765871024)
2025-12-16 15:45:08,007 - MCP Server - WARNING - Agent marked as inactive: network_agent (instance: network_agent_1765871025)
2025-12-16 15:45:08,007 - MCP Server - WARNING - Agent marked as inactive: app_agent (instance: app_agent_1765871026)
2025-12-16 15:45:08,007 - MCP Server - WARNING - Agent marked as inactive: monitor_agent (instance: monitor_agent_1765871027)
2025-12-16 15:45:08,008 - MCP Server - WARNING - Agent marked as inactive: media_agent (instance: media_agent_1765871028)
2025-12-16 15:45:10,399 - MCP Server - WARNING - Agent marked as inactive: file_agent (instance: file_agent_1765870629)
2025-12-16 15:45:10,399 - MCP Server - WARNING - Agent marked as inactive: settings_agent (instance: settings_agent_1765870630)
2025-12-16 15:45:10,399 - MCP Server - WARNING - Agent marked as inactive: network_agent (instance: network_agent_1765870631)
2025-12-16 15:45:10,399 - MCP Server - WARNING - Agent marked as inactive: app_agent (instance: app_agent_1765870632)
2025-12-16 15:45:10,399 - MCP Server - WARNING - Agent marked as inactive: monitor_agent (instance: monitor_agent_1765870633)
2025-12-16 15:45:10,400 - MCP Server - WARNING - Agent marked as inactive: media_agent (instance: media_agent_1765870634)
2025-12-16 15:45:11,011 - MCP Server - WARNING - Agent marked as inactive: file_agent (instance: file_agent_1765871023)
2025-12-16 15:45:11,011 - MCP Server - WARNING - Agent marked as inactive: settings_agent (instance: settings_agent_1765871024)
2025-12-16 15:45:11,011 - MCP Server - WARNING - Agent marked as inactive: network_agent (instance: network_agent_1765871025)
2025-12-16 15:45:11,011 - MCP Server - WARNING - Agent marked as inactive: app_agent (instance: app_agent_1765871026)
2025-12-16 15:45:11,011 - MCP Server - WARNING - Agent marked as inactive: monitor_agent (instance: monitor_agent_1765871027)
2025-12-16 15:45:11,011 - MCP Server - WARNING - Agent marked as inactive: media_agent (instance: media_agent_1765871028)
2025-12-16 15:45:13,403 - MCP Server - WARNING - Agent marked as inactive: file_agent (instance: file_agent_1765870629)
2025-12-16 15:45:13,403 - MCP Server - WARNING - Agent marked as inactive: settings_agent (instance: settings_agent_1765870630)
2025-12-16 15:45:13,403 - MCP Server - WARNING - Agent marked as inactive: network_agent (instance: network_agent_1765870631)
2025-12-16 15:45:13,403 - MCP Server - WARNING - Agent marked as inactive: app_agent (instance: app_agent_1765870632)
2025-12-16 15:45:13,403 - MCP Server - WARNING - Agent marked as inactive: monitor_agent (instance: monitor_agent_1765870633)
2025-12-16 15:45:13,404 - MCP Server - WARNING - Agent marked as inactive: media_agent (instance: media_agent_1765870634)
2025-12-16 15:45:14,014 - MCP Server - WARNING - Agent marked as inactive: file_agent (instance: file_agent_1765871023)
2025-12-16 15:45:14,015 - MCP Server - WARNING - Agent marked as inactive: settings_agent (instance: settings_agent_1765871024)
2025-12-16 15:45:14,015 - MCP Server - WARNING - Agent marked as inactive: network_agent (instance: network_agent_1765871025)
2025-12-16 15:45:14,015 - MCP Server - WARNING - Agent marked as inactive: app_agent (instance: app_agent_1765871026)
2025-12-16 15:45:14,015 - MCP Server - WARNING - Agent marked as inactive: monitor_agent (instance: monitor_agent_1765871027)
2025-12-16 15:45:14,015 - MCP Server - WARNING - Agent marked as inactive: media_agent (instance: media_agent_1765871028)
2025-12-16 15:45:16,407 - MCP Server - WARNING - Agent marked as inactive: file_agent (instance: file_agent_1765870629)
2025-12-16 15:45:16,407 - MCP Server - WARNING - Agent marked as inactive: settings_agent (instance: settings_agent_1765870630)
2025-12-16 15:45:16,407 - MCP Server - WARNING - Agent marked as inactive: network_agent (instance: network_agent_1765870631)
2025-12-16 15:45:16,407 - MCP Server - WARNING - Agent marked as inactive: app_agent (instance: app_agent_1765870632)
2025-12-16 15:45:16,407 - MCP Server - WARNING - Agent marked as inactive: monitor_agent (instance: monitor_agent_1765870633)
2025-12-16 15:45:16,407 - MCP Server - WARNING - Agent marked as inactive: media_agent (instance: media_agent_1765870634)
2025-12-16 15:45:17,018 - MCP Server - WARNING - Agent marked as inactive: file_agent (instance: file_agent_1765871023)
2025-12-16 15:45:17,019 - MCP Server - WARNING - Agent marked as inactive: settings_agent (instance: settings_agent_1765871024)
2025-12-16 15:45:17,019 - MCP Server - WARNING - Agent marked as inactive: network_agent (instance: network_agent_1765871025)
2025-12-16 15:45:17,019 - MCP Server - WARNING - Agent marked as inactive: app_agent (instance: app_agent_1765871026)
2025-12-16 15:45:17,019 - MCP Server - WARNING - Agent marked as inactive: monitor_agent (instance: monitor_agent_1765871027)
2025-12-16 15:45:17,019 - MCP Server - WARNING - Agent marked as inactive: media_agent (instance: media_agent_1765871028)
2025-12-16 15:45:19,411 - MCP Server - WARNING - Agent marked as inactive: file_agent (instance: file_agent_1765870629)
2025-12-16 15:45:19,411 - MCP Server - WARNING - Agent marked as inactive: settings_agent (instance: settings_agent_1765870630)
2025-12-16 15:45:19,411 - MCP Server - WARNING - Agent marked as inactive: network_agent (instance: network_agent_1765870631)
2025-12-16 15:45:19,411 - MCP Server - WARNING - Agent marked as inactive: app_agent (instance: app_agent_1765870632)
2025-12-16 15:45:19,411 - MCP Server - WARNING - Agent marked as inactive: monitor_agent (instance: monitor_agent_1765870633)
2025-12-16 15:45:19,411 - MCP Server - WARNING - Agent marked as inactive: media_agent (instance: media_agent_1765870634)
2025-12-16 15:45:20,022 - MCP Server - WARNING - Agent marked as inactive: file_agent (instance: file_agent_1765871023)
2025-12-16 15:45:20,022 - MCP Server - WARNING - Agent marked as inactive: settings_agent (instance: settings_agent_1765871024)
2025-12-16 15:45:20,022 - MCP Server - WARNING - Agent marked as inactive: network_agent (instance: network_agent_1765871025)
2025-12-16 15:45:20,023 - MCP Server - WARNING - Agent marked as inactive: app_agent (instance: app_agent_1765871026)
2025-12-16 15:45:20,023 - MCP Server - WARNING - Agent marked as inactive: monitor_agent (instance: monitor_agent_1765871027)
2025-12-16 15:45:20,023 - MCP Server - WARNING - Agent marked as inactive: media_agent (instance: media_agent_1765871028)
2025-12-16 15:45:22,414 - MCP Server - WARNING - Agent marked as inactive: file_agent (instance: file_agent_1765870629)
2025-12-16 15:45:22,415 - MCP Server - WARNING - Agent marked as inactive: settings_agent (instance: settings_agent_1765870630)
2025-12-16 15:45:22,415 - MCP Server - WARNING - Agent marked as inactive: network_agent (instance: network_agent_1765870631)
2025-12-16 15:45:22,415 - MCP Server - WARNING - Agent marked as inactive: app_agent (instance: app_agent_1765870632)
2025-12-16 15:45:22,415 - MCP Server - WARNING - Agent marked as inactive: monitor_agent (instance: monitor_agent_1765870633)
2025-12-16 15:45:22,415 - MCP Server - WARNING - Agent marked as inactive: media_agent (instance: media_agent_1765870634)
2025-12-16 15:45:23,026 - MCP Server - WARNING - Agent marked as inactive: file_agent (instance: file_agent_1765871023)
2025-12-16 15:45:23,026 - MCP Server - WARNING - Agent marked as inactive: settings_agent (instance: settings_agent_1765871024)
2025-12-16 15:45:23,026 - MCP Server - WARNING - Agent marked as inactive: network_agent (instance: network_agent_1765871025)
2025-12-16 15:45:23,026 - MCP Server - WARNING - Agent marked as inactive: app_agent (instance: app_agent_1765871026)
2025-12-16 15:45:23,026 - MCP Server - WARNING - Agent marked as inactive: monitor_agent (instance: monitor_agent_1765871027)
2025-12-16 15:45:23,026 - MCP Server - WARNING - Agent marked as inactive: media_agent (instance: media_agent_1765871028)
2025-12-16 15:45:25,418 - MCP Server - WARNING - Agent marked as inactive: file_agent (instance: file_agent_1765870629)
2025-12-16 15:45:25,419 - MCP Server - WARNING - Agent marked as inactive: settings_agent (instance: settings_agent_1765870630)
2025-12-16 15:45:25,419 - MCP Server - WARNING - Agent marked as inactive: network_agent (instance: network_agent_1765870631)
2025-12-16 15:45:25,419 - MCP Server - WARNING - Agent marked as inactive: app_agent (instance: app_agent_1765870632)
2025-12-16 15:45:25,419 - MCP Server - WARNING - Agent marked as inactive: monitor_agent (instance: monitor_agent_1765870633)
2025-12-16 15:45:25,419 - MCP Server - WARNING - Agent marked as inactive: media_agent (instance: media_agent_1765870634)
2025-12-16 15:45:26,030 - MCP Server - WARNING - Agent marked as inactive: file_agent (instance: file_agent_1765871023)
2025-12-16 15:45:26,030 - MCP Server - WARNING - Agent marked as inactive: settings_agent (instance: settings_agent_1765871024)
2025-12-16 15:45:26,030 - MCP Server - WARNING - Agent marked as inactive: network_agent (instance: network_agent_1765871025)
2025-12-16 15:45:26,030 - MCP Server - WARNING - Agent marked as inactive: app_agent (instance: app_agent_1765871026)
2025-12-16 15:45:26,030 - MCP Server - WARNING - Agent marked as inactive: monitor_agent (instance: monitor_agent_1765871027)
2025-12-16 15:45:26,030 - MCP Server - WARNING - Agent marked as inactive: media_agent (instance: media_agent_1765871028)
2025-12-16 15:45:28,422 - MCP Server - WARNING - Agent marked as inactive: file_agent (instance: file_agent_1765870629)
2025-12-16 15:45:28,423 - MCP Server - WARNING - Agent marked as inactive: settings_agent (instance: settings_agent_1765870630)
2025-12-16 15:45:28,423 - MCP Server - WARNING - Agent marked as inactive: network_agent (instance: network_agent_1765870631)
2025-12-16 15:45:28,423 - MCP Server - WARNING - Agent marked as inactive: app_agent (instance: app_agent_1765870632)
2025-12-16 15:45:28,423 - MCP Server - WARNING - Agent marked as inactive: monitor_agent (instance: monitor_agent_1765870633)
2025-12-16 15:45:28,423 - MCP Server - WARNING - Agent marked as inactive: media_agent (instance: media_agent_1765870634)
2025-12-16 15:45:29,033 - MCP Server - WARNING - Agent marked as inactive: file_agent (instance: file_agent_1765871023)
2025-12-16 15:45:29,034 - MCP Server - WARNING - Agent marked as inactive: settings_agent (instance: settings_agent_1765871024)
2025-12-16 15:45:29,034 - MCP Server - WARNING - Agent marked as inactive: network_agent (instance: network_agent_1765871025)
2025-12-16 15:45:29,034 - MCP Server - WARNING - Agent marked as inactive: app_agent (instance: app_agent_1765871026)
2025-12-16 15:45:29,034 - MCP Server - WARNING - Agent marked as inactive: monitor_agent (instance: monitor_agent_1765871027)
2025-12-16 15:45:29,034 - MCP Server - WARNING - Agent marked as inactive: media_agent (instance: media_agent_1765871028)
2025-12-16 15:45:31,426 - MCP Server - WARNING - Agent marked as inactive: file_agent (instance: file_agent_1765870629)
2025-12-16 15:45:31,427 - MCP Server - WARNING - Agent marked as inactive: settings_agent (instance: settings_agent_1765870630)
2025-12-16 15:45:31,427 - MCP Server - WARNING - Agent marked as inactive: network_agent (instance: network_agent_1765870631)
2025-12-16 15:45:31,427 - MCP Server - WARNING - Agent marked as inactive: app_agent (instance: app_agent_1765870632)
2025-12-16 15:45:31,427 - MCP Server - WARNING - Agent marked as inactive: monitor_agent (instance: monitor_agent_1765870633)
2025-12-16 15:45:31,427 - MCP Server - WARNING - Agent marked as inactive: media_agent (instance: media_agent_1765870634)
2025-12-16 15:45:32,037 - MCP Server - WARNING - Agent marked as inactive: file_agent (instance: file_agent_1765871023)
2025-12-16 15:45:32,037 - MCP Server - WARNING - Agent marked as inactive: settings_agent (instance: settings_agent_1765871024)
2025-12-16 15:45:32,037 - MCP Server - WARNING - Agent marked as inactive: network_agent (instance: network_agent_1765871025)
2025-12-16 15:45:32,037 - MCP Server - WARNING - Agent marked as inactive: app_agent (instance: app_agent_1765871026)
2025-12-16 15:45:32,038 - MCP Server - WARNING - Agent marked as inactive: monitor_agent (instance: monitor_agent_1765871027)
2025-12-16 15:45:32,038 - MCP Server - WARNING - Agent marked as inactive: media_agent (instance: media_agent_1765871028)
2025-12-16 15:45:34,430 - MCP Server - WARNING - Agent marked as inactive: file_agent (instance: file_agent_1765870629)
2025-12-16 15:45:34,431 - MCP Server - WARNING - Agent marked as inactive: settings_agent (instance: settings_agent_1765870630)
2025-12-16 15:45:34,431 - MCP Server - WARNING - Agent marked as inactive: network_agent (instance: network_agent_1765870631)
2025-12-16 15:45:34,431 - MCP Server - WARNING - Agent marked as inactive: app_agent (instance: app_agent_1765870632)
2025-12-16 15:45:34,431 - MCP Server - WARNING - Agent marked as inactive: monitor_agent (instance: monitor_agent_1765870633)
2025-12-16 15:45:34,431 - MCP Server - WARNING - Agent marked as inactive: media_agent (instance: media_agent_1765870634)
2025-12-16 15:45:35,041 - MCP Server - WARNING - Agent marked as inactive: file_agent (instance: file_agent_1765871023)
2025-12-16 15:45:35,041 - MCP Server - WARNING - Agent marked as inactive: settings_agent (instance: settings_agent_1765871024)
2025-12-16 15:45:35,041 - MCP Server - WARNING - Agent marked as inactive: network_agent (instance: network_agent_1765871025)
2025-12-16 15:45:35,041 - MCP Server - WARNING - Agent marked as inactive: app_agent (instance: app_agent_1765871026)
2025-12-16 15:45:35,041 - MCP Server - WARNING - Agent marked as inactive: monitor_agent (instance: monitor_agent_1765871027)
2025-12-16 15:45:35,042 - MCP Server - WARNING - Agent marked as inactive: media_agent (instance: media_agent_1765871028)
2025-12-16 15:45:37,434 - MCP Server - WARNING - Agent marked as inactive: file_agent (instance: file_agent_1765870629)
2025-12-16 15:45:37,435 - MCP Server - WARNING - Agent marked as inactive: settings_agent (instance: settings_agent_1765870630)
2025-12-16 15:45:37,435 - MCP Server - WARNING - Agent marked as inactive: network_agent (instance: network_agent_1765870631)
2025-12-16 15:45:37,435 - MCP Server - WARNING - Agent marked as inactive: app_agent (instance: app_agent_1765870632)
2025-12-16 15:45:37,435 - MCP Server - WARNING - Agent marked as inactive: monitor_agent (instance: monitor_agent_1765870633)
2025-12-16 15:45:37,435 - MCP Server - WARNING - Agent marked as inactive: media_agent (instance: media_agent_1765870634)
2025-12-16 15:45:38,045 - MCP Server - WARNING - Agent marked as inactive: file_agent (instance: file_agent_1765871023)
2025-12-16 15:45:38,045 - MCP Server - WARNING - Agent marked as inactive: settings_agent (instance: settings_agent_1765871024)
2025-12-16 15:45:38,045 - MCP Server - WARNING - Agent marked as inactive: network_agent (instance: network_agent_1765871025)
2025-12-16 15:45:38,045 - MCP Server - WARNING - Agent marked as inactive: app_agent (instance: app_agent_1765871026)
2025-12-16 15:45:38,045 - MCP Server - WARNING - Agent marked as inactive: monitor_agent (instance: monitor_agent_1765871027)
2025-12-16 15:45:38,045 - MCP Server - WARNING - Agent marked as inactive: media_agent (instance: media_agent_1765871028)
2025-12-16 15:45:40,438 - MCP Server - WARNING - Agent marked as inactive: file_agent (instance: file_agent_1765870629)
2025-12-16 15:45:40,439 - MCP Server - WARNING - Agent marked as inactive: settings_agent (instance: settings_agent_1765870630)
2025-12-16 15:45:40,439 - MCP Server - WARNING - Agent marked as inactive: network_agent (instance: network_agent_1765870631)
2025-12-16 15:45:40,439 - MCP Server - WARNING - Agent marked as inactive: app_agent (instance: app_agent_1765870632)
2025-12-16 15:45:40,439 - MCP Server - WARNING - Agent marked as inactive: monitor_agent (instance: monitor_agent_1765870633)
2025-12-16 15:45:40,439 - MCP Server - WARNING - Agent marked as inactive: media_agent (instance: media_agent_1765870634)
2025-12-16 15:45:41,049 - MCP Server - WARNING - Agent marked as inactive: file_agent (instance: file_agent_1765871023)
2025-12-16 15:45:41,049 - MCP Server - WARNING - Agent marked as inactive: settings_agent (instance: settings_agent_1765871024)
2025-12-16 15:45:41,049 - MCP Server - WARNING - Agent marked as inactive: network_agent (instance: network_agent_1765871025)
2025-12-16 15:45:41,049 - MCP Server - WARNING - Agent marked as inactive: app_agent (instance: app_agent_1765871026)
2025-12-16 15:45:41,049 - MCP Server - WARNING - Agent marked as inactive: monitor_agent (instance: monitor_agent_1765871027)
2025-12-16 15:45:41,049 - MCP Server - WARNING - Agent marked as inactive: media_agent (instance: media_agent_1765871028)
2025-12-16 15:45:43,442 - MCP Server - WARNING - Agent marked as inactive: file_agent (instance: file_agent_1765870629)
2025-12-16 15:45:43,443 - MCP Server - WARNING - Agent marked as inactive: settings_agent (instance: settings_agent_1765870630)
2025-12-16 15:45:43,443 - MCP Server - WARNING - Agent marked as inactive: network_agent (instance: network_agent_1765870631)
2025-12-16 15:45:43,443 - MCP Server - WARNING - Agent marked as inactive: app_agent (instance: app_agent_1765870632)
2025-12-16 15:45:43,443 - MCP Server - WARNING - Agent marked as inactive: monitor_agent (instance: monitor_agent_1765870633)
2025-12-16 15:45:43,443 - MCP Server - WARNING - Agent marked as inactive: media_agent (instance: media_agent_1765870634)
2025-12-16 15:45:44,052 - MCP Server - WARNING - Agent marked as inactive: file_agent (instance: file_agent_1765871023)
2025-12-16 15:45:44,053 - MCP Server - WARNING - Agent marked as inactive: settings_agent (instance: settings_agent_1765871024)
2025-12-16 15:45:44,053 - MCP Server - WARNING - Agent marked as inactive: network_agent (instance: network_agent_1765871025)
2025-12-16 15:45:44,053 - MCP Server - WARNING - Agent marked as inactive: app_agent (instance: app_agent_1765871026)
2025-12-16 15:45:44,053 - MCP Server - WARNING - Agent marked as inactive: monitor_agent (instance: monitor_agent_1765871027)
2025-12-16 15:45:44,053 - MCP Server - WARNING - Agent marked as inactive: media_agent (instance: media_agent_1765871028)
2025-12-16 15:45:46,446 - MCP Server - WARNING - Agent marked as inactive: file_agent (instance: file_agent_1765870629)
2025-12-16 15:45:46,447 - MCP Server - WARNING - Agent marked as inactive: settings_agent (instance: settings_agent_1765870630)
2025-12-16 15:45:46,447 - MCP Server - WARNING - Agent marked as inactive: network_agent (instance: network_agent_1765870631)
2025-12-16 15:45:46,447 - MCP Server - WARNING - Agent marked as inactive: app_agent (instance: app_agent_1765870632)
2025-12-16 15:45:46,447 - MCP Server - WARNING - Agent marked as inactive: monitor_agent (instance: monitor_agent_1765870633)
2025-12-16 15:45:46,447 - MCP Server - WARNING - Agent marked as inactive: media_agent (instance: media_agent_1765870634)
2025-12-16 15:45:47,056 - MCP Server - WARNING - Agent marked as inactive: file_agent (instance: file_agent_1765871023)
2025-12-16 15:45:47,057 - MCP Server - WARNING - Agent marked as inactive: settings_agent (instance: settings_agent_1765871024)
2025-12-16 15:45:47,057 - MCP Server - WARNING - Agent marked as inactive: network_agent (instance: network_agent_1765871025)
2025-12-16 15:45:47,057 - MCP Server - WARNING - Agent marked as inactive: app_agent (instance: app_agent_1765871026)
2025-12-16 15:45:47,057 - MCP Server - WARNING - Agent marked as inactive: monitor_agent (instance: monitor_agent_1765871027)
2025-12-16 15:45:47,057 - MCP Server - WARNING - Agent marked as inactive: media_agent (instance: media_agent_1765871028)
2025-12-16 15:45:49,450 - MCP Server - WARNING - Agent marked as inactive: file_agent (instance: file_agent_1765870629)
2025-12-16 15:45:49,450 - MCP Server - WARNING - Agent marked as inactive: settings_agent (instance: settings_agent_1765870630)
2025-12-16 15:45:49,451 - MCP Server - WARNING - Agent marked as inactive: network_agent (instance: network_agent_1765870631)
2025-12-16 15:45:49,451 - MCP Server - WARNING - Agent marked as inactive: app_agent (instance: app_agent_1765870632)
2025-12-16 15:45:49,451 - MCP Server - WARNING - Agent marked as inactive: monitor_agent (instance: monitor_agent_1765870633)
2025-12-16 15:45:49,451 - MCP Server - WARNING - Agent marked as inactive: media_agent (instance: media_agent_1765870634)
2025-12-16 15:45:50,060 - MCP Server - WARNING - Agent marked as inactive: file_agent (instance: file_agent_1765871023)
2025-12-16 15:45:50,061 - MCP Server - WARNING - Agent marked as inactive: settings_agent (instance: settings_agent_1765871024)
2025-12-16 15:45:50,061 - MCP Server - WARNING - Agent marked as inactive: network_agent (instance: network_agent_1765871025)
2025-12-16 15:45:50,061 - MCP Server - WARNING - Agent marked as inactive: app_agent (instance: app_agent_1765871026)
2025-12-16 15:45:50,061 - MCP Server - WARNING - Agent marked as inactive: monitor_agent (instance: monitor_agent_1765871027)
2025-12-16 15:45:50,061 - MCP Server - WARNING - Agent marked as inactive: media_agent (instance: media_agent_1765871028)
2025-12-16 15:45:52,454 - MCP Server - WARNING - Agent marked as inactive: file_agent (instance: file_agent_1765870629)
2025-12-16 15:45:52,454 - MCP Server - WARNING - Agent marked as inactive: settings_agent (instance: settings_agent_1765870630)
2025-12-16 15:45:52,455 - MCP Server - WARNING - Agent marked as inactive: network_agent (instance: network_agent_1765870631)
2025-12-16 15:45:52,455 - MCP Server - WARNING - Agent marked as inactive: app_agent (instance: app_agent_1765870632)
2025-12-16 15:45:52,455 - MCP Server - WARNING - Agent marked as inactive: monitor_agent (instance: monitor_agent_1765870633)
2025-12-16 15:45:52,455 - MCP Server - WARNING - Agent marked as inactive: media_agent (instance: media_agent_1765870634)
2025-12-16 15:45:53,064 - MCP Server - WARNING - Agent marked as inactive: file_agent (instance: file_agent_1765871023)
2025-12-16 15:45:53,065 - MCP Server - WARNING - Agent marked as inactive: settings_agent (instance: settings_agent_1765871024)
2025-12-16 15:45:53,065 - MCP Server - WARNING - Agent marked as inactive: network_agent (instance: network_agent_1765871025)
2025-12-16 15:45:53,065 - MCP Server - WARNING - Agent marked as inactive: app_agent (instance: app_agent_1765871026)
2025-12-16 15:45:53,065 - MCP Server - WARNING - Agent marked as inactive: monitor_agent (instance: monitor_agent_1765871027)
2025-12-16 15:45:53,065 - MCP Server - WARNING - Agent marked as inactive: media_agent (instance: media_agent_1765871028)
2025-12-16 15:45:55,458 - MCP Server - WARNING - Agent marked as inactive: file_agent (instance: file_agent_1765870629)
2025-12-16 15:45:55,458 - MCP Server - WARNING - Agent marked as inactive: settings_agent (instance: settings_agent_1765870630)
2025-12-16 15:45:55,459 - MCP Server - WARNING - Agent marked as inactive: network_agent (instance: network_agent_1765870631)
2025-12-16 15:45:55,459 - MCP Server - WARNING - Agent marked as inactive: app_agent (instance: app_agent_1765870632)
2025-12-16 15:45:55,459 - MCP Server - WARNING - Agent marked as inactive: monitor_agent (instance: monitor_agent_1765870633)
2025-12-16 15:45:55,459 - MCP Server - WARNING - Agent marked as inactive: media_agent (instance: media_agent_1765870634)
2025-12-16 15:45:56,068 - MCP Server - WARNING - Agent marked as inactive: file_agent (instance: file_agent_1765871023)
2025-12-16 15:45:56,068 - MCP Server - WARNING - Agent marked as inactive: settings_agent (instance: settings_agent_1765871024)
2025-12-16 15:45:56,069 - MCP Server - WARNING - Agent marked as inactive: network_agent (instance: network_agent_1765871025)
2025-12-16 15:45:56,069 - MCP Server - WARNING - Agent marked as inactive: app_agent (instance: app_agent_1765871026)
2025-12-16 15:45:56,069 - MCP Server - WARNING - Agent marked as inactive: monitor_agent (instance: monitor_agent_1765871027)
2025-12-16 15:45:56,069 - MCP Server - WARNING - Agent marked as inactive: media_agent (instance: media_agent_1765871028)
2025-12-16 15:45:58,462 - MCP Server - WARNING - Agent marked as inactive: file_agent (instance: file_agent_1765870629)
2025-12-16 15:45:58,462 - MCP Server - WARNING - Agent marked as inactive: settings_agent (instance: settings_agent_1765870630)
2025-12-16 15:45:58,463 - MCP Server - WARNING - Agent marked as inactive: network_agent (instance: network_agent_1765870631)
2025-12-16 15:45:58,463 - MCP Server - WARNING - Agent marked as inactive: app_agent (instance: app_agent_1765870632)
2025-12-16 15:45:58,463 - MCP Server - WARNING - Agent marked as inactive: monitor_agent (instance: monitor_agent_1765870633)
2025-12-16 15:45:58,463 - MCP Server - WARNING - Agent marked as inactive: media_agent (instance: media_agent_1765870634)
2025-12-16 15:45:59,072 - MCP Server - WARNING - Agent marked as inactive: file_agent (instance: file_agent_1765871023)
2025-12-16 15:45:59,072 - MCP Server - WARNING - Agent marked as inactive: settings_agent (instance: settings_agent_1765871024)
2025-12-16 15:45:59,072 - MCP Server - WARNING - Agent marked as inactive: network_agent (instance: network_agent_1765871025)
2025-12-16 15:45:59,072 - MCP Server - WARNING - Agent marked as inactive: app_agent (instance: app_agent_1765871026)
2025-12-16 15:45:59,072 - MCP Server - WARNING - Agent marked as inactive: monitor_agent (instance: monitor_agent_1765871027)
2025-12-16 15:45:59,072 - MCP Server - WARNING - Agent marked as inactive: media_agent (instance: media_agent_1765871028)
2025-12-16 15:46:01,466 - MCP Server - WARNING - Agent marked as inactive: file_agent (instance: file_agent_1765870629)
2025-12-16 15:46:01,466 - MCP Server - WARNING - Agent marked as inactive: settings_agent (instance: settings_agent_1765870630)
2025-12-16 15:46:01,467 - MCP Server - WARNING - Agent marked as inactive: network_agent (instance: network_agent_1765870631)
2025-12-16 15:46:01,467 - MCP Server - WARNING - Agent marked as inactive: app_agent (instance: app_agent_1765870632)
2025-12-16 15:46:01,467 - MCP Server - WARNING - Agent marked as inactive: monitor_agent (instance: monitor_agent_1765870633)
2025-12-16 15:46:01,467 - MCP Server - WARNING - Agent marked as inactive: media_agent (instance: media_agent_1765870634)
2025-12-16 15:46:02,075 - MCP Server - WARNING - Agent marked as inactive: file_agent (instance: file_agent_1765871023)
2025-12-16 15:46:02,075 - MCP Server - WARNING - Agent marked as inactive: settings_agent (instance: settings_agent_1765871024)
2025-12-16 15:46:02,076 - MCP Server - WARNING - Agent marked as inactive: network_agent (instance: network_agent_1765871025)
2025-12-16 15:46:02,076 - MCP Server - WARNING - Agent marked as inactive: app_agent (instance: app_agent_1765871026)
2025-12-16 15:46:02,076 - MCP Server - WARNING - Agent marked as inactive: monitor_agent (instance: monitor_agent_1765871027)
2025-12-16 15:46:02,076 - MCP Server - WARNING - Agent marked as inactive: media_agent (instance: media_agent_1765871028)
2025-12-16 15:46:04,470 - MCP Server - WARNING - Agent marked as inactive: file_agent (instance: file_agent_1765870629)
2025-12-16 15:46:04,470 - MCP Server - WARNING - Agent marked as inactive: settings_agent (instance: settings_agent_1765870630)
2025-12-16 15:46:04,471 - MCP Server - WARNING - Agent marked as inactive: network_agent (instance: network_agent_1765870631)
2025-12-16 15:46:04,471 - MCP Server - WARNING - Agent marked as inactive: app_agent (instance: app_agent_1765870632)
2025-12-16 15:46:04,471 - MCP Server - WARNING - Agent marked as inactive: monitor_agent (instance: monitor_agent_1765870633)
2025-12-16 15:46:04,471 - MCP Server - WARNING - Agent marked as inactive: media_agent (instance: media_agent_1765870634)
2025-12-16 15:46:05,079 - MCP Server - WARNING - Agent marked as inactive: file_agent (instance: file_agent_1765871023)
2025-12-16 15:46:05,079 - MCP Server - WARNING - Agent marked as inactive: settings_agent (instance: settings_agent_1765871024)
2025-12-16 15:46:05,079 - MCP Server - WARNING - Agent marked as inactive: network_agent (instance: network_agent_1765871025)
2025-12-16 15:46:05,079 - MCP Server - WARNING - Agent marked as inactive: app_agent (instance: app_agent_1765871026)
2025-12-16 15:46:05,079 - MCP Server - WARNING - Agent marked as inactive: monitor_agent (instance: monitor_agent_1765871027)
2025-12-16 15:46:05,079 - MCP Server - WARNING - Agent marked as inactive: media_agent (instance: media_agent_1765871028)
2025-12-16 15:46:07,474 - MCP Server - WARNING - Agent marked as inactive: file_agent (instance: file_agent_1765870629)
2025-12-16 15:46:07,474 - MCP Server - WARNING - Agent marked as inactive: settings_agent (instance: settings_agent_1765870630)
2025-12-16 15:46:07,475 - MCP Server - WARNING - Agent marked as inactive: network_agent (instance: network_agent_1765870631)
2025-12-16 15:46:07,475 - MCP Server - WARNING - Agent marked as inactive: app_agent (instance: app_agent_1765870632)
2025-12-16 15:46:07,475 - MCP Server - WARNING - Agent marked as inactive: monitor_agent (instance: monitor_agent_1765870633)
2025-12-16 15:46:07,475 - MCP Server - WARNING - Agent marked as inactive: media_agent (instance: media_agent_1765870634)
2025-12-16 15:46:08,082 - MCP Server - WARNING - Agent marked as inactive: file_agent (instance: file_agent_1765871023)
2025-12-16 15:46:08,083 - MCP Server - WARNING - Agent marked as inactive: settings_agent (instance: settings_agent_1765871024)
2025-12-16 15:46:08,083 - MCP Server - WARNING - Agent marked as inactive: network_agent (instance: network_agent_1765871025)
2025-12-16 15:46:08,083 - MCP Server - WARNING - Agent marked as inactive: app_agent (instance: app_agent_1765871026)
2025-12-16 15:46:08,083 - MCP Server - WARNING - Agent marked as inactive: monitor_agent (instance: monitor_agent_1765871027)
2025-12-16 15:46:08,083 - MCP Server - WARNING - Agent marked as inactive: media_agent (instance: media_agent_1765871028)
2025-12-16 15:46:10,478 - MCP Server - WARNING - Agent marked as inactive: file_agent (instance: file_agent_1765870629)
2025-12-16 15:46:10,478 - MCP Server - WARNING - Agent marked as inactive: settings_agent (instance: settings_agent_1765870630)
2025-12-16 15:46:10,479 - MCP Server - WARNING - Agent marked as inactive: network_agent (instance: network_agent_1765870631)
2025-12-16 15:46:10,479 - MCP Server - WARNING - Agent marked as inactive: app_agent (instance: app_agent_1765870632)
2025-12-16 15:46:10,479 - MCP Server - WARNING - Agent marked as inactive: monitor_agent (instance: monitor_agent_1765870633)
2025-12-16 15:46:10,479 - MCP Server - WARNING - Agent marked as inactive: media_agent (instance: media_agent_1765870634)
2025-12-16 15:46:11,086 - MCP Server - WARNING - Agent marked as inactive: file_agent (instance: file_agent_1765871023)
2025-12-16 15:46:11,086 - MCP Server - WARNING - Agent marked as inactive: settings_agent (instance: settings_agent_1765871024)
2025-12-16 15:46:11,087 - MCP Server - WARNING - Agent marked as inactive: network_agent (instance: network_agent_1765871025)
2025-12-16 15:46:11,087 - MCP Server - WARNING - Agent marked as inactive: app_agent (instance: app_agent_1765871026)
2025-12-16 15:46:11,087 - MCP Server - WARNING - Agent marked as inactive: monitor_agent (instance: monitor_agent_1765871027)
2025-12-16 15:46:11,087 - MCP Server - WARNING - Agent marked as inactive: media_agent (instance: media_agent_1765871028)
2025-12-16 15:46:13,482 - MCP Server - WARNING - Agent marked as inactive: file_agent (instance: file_agent_1765870629)
2025-12-16 15:46:13,482 - MCP Server - WARNING - Agent marked as inactive: settings_agent (instance: settings_agent_1765870630)
2025-12-16 15:46:13,483 - MCP Server - WARNING - Agent marked as inactive: network_agent (instance: network_agent_1765870631)
2025-12-16 15:46:13,483 - MCP Server - WARNING - Agent marked as inactive: app_agent (instance: app_agent_1765870632)
2025-12-16 15:46:13,483 - MCP Server - WARNING - Agent marked as inactive: monitor_agent (instance: monitor_agent_1765870633)
2025-12-16 15:46:13,483 - MCP Server - WARNING - Agent marked as inactive: media_agent (instance: media_agent_1765870634)
2025-12-16 15:46:14,090 - MCP Server - WARNING - Agent marked as inactive: file_agent (instance: file_agent_1765871023)
2025-12-16 15:46:14,090 - MCP Server - WARNING - Agent marked as inactive: settings_agent (instance: settings_agent_1765871024)
2025-12-16 15:46:14,090 - MCP Server - WARNING - Agent marked as inactive: network_agent (instance: network_agent_1765871025)
2025-12-16 15:46:14,091 - MCP Server - WARNING - Agent marked as inactive: app_agent (instance: app_agent_1765871026)
2025-12-16 15:46:14,091 - MCP Server - WARNING - Agent marked as inactive: monitor_agent (instance: monitor_agent_1765871027)
2025-12-16 15:46:14,091 - MCP Server - WARNING - Agent marked as inactive: media_agent (instance: media_agent_1765871028)
2025-12-16 15:46:16,486 - MCP Server - WARNING - Agent marked as inactive: file_agent (instance: file_agent_1765870629)
2025-12-16 15:46:16,486 - MCP Server - WARNING - Agent marked as inactive: settings_agent (instance: settings_agent_1765870630)
2025-12-16 15:46:16,486 - MCP Server - WARNING - Agent marked as inactive: network_agent (instance: network_agent_1765870631)
2025-12-16 15:46:16,487 - MCP Server - WARNING - Agent marked as inactive: app_agent (instance: app_agent_1765870632)
2025-12-16 15:46:16,487 - MCP Server - WARNING - Agent marked as inactive: monitor_agent (instance: monitor_agent_1765870633)
2025-12-16 15:46:16,487 - MCP Server - WARNING - Agent marked as inactive: media_agent (instance: media_agent_1765870634)
2025-12-16 15:46:17,094 - MCP Server - WARNING - Agent marked as inactive: file_agent (instance: file_agent_1765871023)
2025-12-16 15:46:17,094 - MCP Server - WARNING - Agent marked as inactive: settings_agent (instance: settings_agent_1765871024)
2025-12-16 15:46:17,094 - MCP Server - WARNING - Agent marked as inactive: network_agent (instance: network_agent_1765871025)
2025-12-16 15:46:17,094 - MCP Server - WARNING - Agent marked as inactive: app_agent (instance: app_agent_1765871026)
2025-12-16 15:46:17,095 - MCP Server - WARNING - Agent marked as inactive: monitor_agent (instance: monitor_agent_1765871027)
2025-12-16 15:46:17,095 - MCP Server - WARNING - Agent marked as inactive: media_agent (instance: media_agent_1765871028)
2025-12-16 15:46:19,490 - MCP Server - WARNING - Agent marked as inactive: file_agent (instance: file_agent_1765870629)
2025-12-16 15:46:19,490 - MCP Server - WARNING - Agent marked as inactive: settings_agent (instance: settings_agent_1765870630)
2025-12-16 15:46:19,490 - MCP Server - WARNING - Agent marked as inactive: network_agent (instance: network_agent_1765870631)
2025-12-16 15:46:19,490 - MCP Server - WARNING - Agent marked as inactive: app_agent (instance: app_agent_1765870632)
2025-12-16 15:46:19,491 - MCP Server - WARNING - Agent marked as inactive: monitor_agent (instance: monitor_agent_1765870633)
2025-12-16 15:46:19,491 - MCP Server - WARNING - Agent marked as inactive: media_agent (instance: media_agent_1765870634)
2025-12-16 15:46:20,098 - MCP Server - WARNING - Agent marked as inactive: file_agent (instance: file_agent_1765871023)
2025-12-16 15:46:20,098 - MCP Server - WARNING - Agent marked as inactive: settings_agent (instance: settings_agent_1765871024)
2025-12-16 15:46:20,098 - MCP Server - WARNING - Agent marked as inactive: network_agent (instance: network_agent_1765871025)
2025-12-16 15:46:20,098 - MCP Server - WARNING - Agent marked as inactive: app_agent (instance: app_agent_1765871026)
2025-12-16 15:46:20,098 - MCP Server - WARNING - Agent marked as inactive: monitor_agent (instance: monitor_agent_1765871027)
2025-12-16 15:46:20,099 - MCP Server - WARNING - Agent marked as inactive: media_agent (instance: media_agent_1765871028)
2025-12-16 15:46:22,494 - MCP Server - WARNING - Agent marked as inactive: file_agent (instance: file_agent_1765870629)
2025-12-16 15:46:22,494 - MCP Server - WARNING - Agent marked as inactive: settings_agent (instance: settings_agent_1765870630)
2025-12-16 15:46:22,494 - MCP Server - WARNING - Agent marked as inactive: network_agent (instance: network_agent_1765870631)
2025-12-16 15:46:22,494 - MCP Server - WARNING - Agent marked as inactive: app_agent (instance: app_agent_1765870632)
2025-12-16 15:46:22,495 - MCP Server - WARNING - Agent marked as inactive: monitor_agent (instance: monitor_agent_1765870633)
2025-12-16 15:46:22,495 - MCP Server - WARNING - Agent marked as inactive: media_agent (instance: media_agent_1765870634)
2025-12-16 15:46:23,102 - MCP Server - WARNING - Agent marked as inactive: file_agent (instance: file_agent_1765871023)
2025-12-16 15:46:23,102 - MCP Server - WARNING - Agent marked as inactive: settings_agent (instance: settings_agent_1765871024)
2025-12-16 15:46:23,102 - MCP Server - WARNING - Agent marked as inactive: network_agent (instance: network_agent_1765871025)
2025-12-16 15:46:23,102 - MCP Server - WARNING - Agent marked as inactive: app_agent (instance: app_agent_1765871026)
2025-12-16 15:46:23,102 - MCP Server - WARNING - Agent marked as inactive: monitor_agent (instance: monitor_agent_1765871027)
2025-12-16 15:46:23,102 - MCP Server - WARNING - Agent marked as inactive: media_agent (instance: media_agent_1765871028)
2025-12-16 15:46:25,498 - MCP Server - WARNING - Agent marked as inactive: file_agent (instance: file_agent_1765870629)
2025-12-16 15:46:25,498 - MCP Server - WARNING - Agent marked as inactive: settings_agent (instance: settings_agent_1765870630)
2025-12-16 15:46:25,498 - MCP Server - WARNING - Agent marked as inactive: network_agent (instance: network_agent_1765870631)
2025-12-16 15:46:25,498 - MCP Server - WARNING - Agent marked as inactive: app_agent (instance: app_agent_1765870632)
2025-12-16 15:46:25,499 - MCP Server - WARNING - Agent marked as inactive: monitor_agent (instance: monitor_agent_1765870633)
2025-12-16 15:46:25,499 - MCP Server - WARNING - Agent marked as inactive: media_agent (instance: media_agent_1765870634)
2025-12-16 15:46:26,106 - MCP Server - WARNING - Agent marked as inactive: file_agent (instance: file_agent_1765871023)
2025-12-16 15:46:26,106 - MCP Server - WARNING - Agent marked as inactive: settings_agent (instance: settings_agent_1765871024)
2025-12-16 15:46:26,106 - MCP Server - WARNING - Agent marked as inactive: network_agent (instance: network_agent_1765871025)
2025-12-16 15:46:26,106 - MCP Server - WARNING - Agent marked as inactive: app_agent (instance: app_agent_1765871026)
2025-12-16 15:46:26,106 - MCP Server - WARNING - Agent marked as inactive: monitor_agent (instance: monitor_agent_1765871027)
2025-12-16 15:46:26,106 - MCP Server - WARNING - Agent marked as inactive: media_agent (instance: media_agent_1765871028)
2025-12-16 15:46:28,502 - MCP Server - WARNING - Agent marked as inactive: file_agent (instance: file_agent_1765870629)
2025-12-16 15:46:28,502 - MCP Server - WARNING - Agent marked as inactive: settings_agent (instance: settings_agent_1765870630)
2025-12-16 15:46:28,502 - MCP Server - WARNING - Agent marked as inactive: network_agent (instance: network_agent_1765870631)
2025-12-16 15:46:28,503 - MCP Server - WARNING - Agent marked as inactive: app_agent (instance: app_agent_1765870632)
2025-12-16 15:46:28,503 - MCP Server - WARNING - Agent marked as inactive: monitor_agent (instance: monitor_agent_1765870633)
2025-12-16 15:46:28,503 - MCP Server - WARNING - Agent marked as inactive: media_agent (instance: media_agent_1765870634)
2025-12-16 15:46:29,110 - MCP Server - WARNING - Agent marked as inactive: file_agent (instance: file_agent_1765871023)
2025-12-16 15:46:29,110 - MCP Server - WARNING - Agent marked as inactive: settings_agent (instance: settings_agent_1765871024)
2025-12-16 15:46:29,110 - MCP Server - WARNING - Agent marked as inactive: network_agent (instance: network_agent_1765871025)
2025-12-16 15:46:29,110 - MCP Server - WARNING - Agent marked as inactive: app_agent (instance: app_agent_1765871026)
2025-12-16 15:46:29,110 - MCP Server - WARNING - Agent marked as inactive: monitor_agent (instance: monitor_agent_1765871027)
2025-12-16 15:46:29,110 - MCP Server - WARNING - Agent marked as inactive: media_agent (instance: media_agent_1765871028)
2025-12-16 15:46:31,506 - MCP Server - WARNING - Agent marked as inactive: file_agent (instance: file_agent_1765870629)
2025-12-16 15:46:31,506 - MCP Server - WARNING - Agent marked as inactive: settings_agent (instance: settings_agent_1765870630)
2025-12-16 15:46:31,506 - MCP Server - WARNING - Agent marked as inactive: network_agent (instance: network_agent_1765870631)
2025-12-16 15:46:31,506 - MCP Server - WARNING - Agent marked as inactive: app_agent (instance: app_agent_1765870632)
2025-12-16 15:46:31,506 - MCP Server - WARNING - Agent marked as inactive: monitor_agent (instance: monitor_agent_1765870633)
2025-12-16 15:46:31,506 - MCP Server - WARNING - Agent marked as inactive: media_agent (instance: media_agent_1765870634)
2025-12-16 15:46:32,113 - MCP Server - WARNING - Agent marked as inactive: file_agent (instance: file_agent_1765871023)
2025-12-16 15:46:32,113 - MCP Server - WARNING - Agent marked as inactive: settings_agent (instance: settings_agent_1765871024)
2025-12-16 15:46:32,113 - MCP Server - WARNING - Agent marked as inactive: network_agent (instance: network_agent_1765871025)
2025-12-16 15:46:32,113 - MCP Server - WARNING - Agent marked as inactive: app_agent (instance: app_agent_1765871026)
2025-12-16 15:46:32,114 - MCP Server - WARNING - Agent marked as inactive: monitor_agent (instance: monitor_agent_1765871027)
2025-12-16 15:46:32,114 - MCP Server - WARNING - Agent marked as inactive: media_agent (instance: media_agent_1765871028)
2025-12-16 15:46:34,509 - MCP Server - WARNING - Agent marked as inactive: file_agent (instance: file_agent_1765870629)
2025-12-16 15:46:34,510 - MCP Server - WARNING - Agent marked as inactive: settings_agent (instance: settings_agent_1765870630)
2025-12-16 15:46:34,510 - MCP Server - WARNING - Agent marked as inactive: network_agent (instance: network_agent_1765870631)
2025-12-16 15:46:34,510 - MCP Server - WARNING - Agent marked as inactive: app_agent (instance: app_agent_1765870632)
2025-12-16 15:46:34,510 - MCP Server - WARNING - Agent marked as inactive: monitor_agent (instance: monitor_agent_1765870633)
2025-12-16 15:46:34,510 - MCP Server - WARNING - Agent marked as inactive: media_agent (instance: media_agent_1765870634)
2025-12-16 15:46:35,117 - MCP Server - WARNING - Agent marked as inactive: file_agent (instance: file_agent_1765871023)
2025-12-16 15:46:35,117 - MCP Server - WARNING - Agent marked as inactive: settings_agent (instance: settings_agent_1765871024)
2025-12-16 15:46:35,117 - MCP Server - WARNING - Agent marked as inactive: network_agent (instance: network_agent_1765871025)
2025-12-16 15:46:35,117 - MCP Server - WARNING - Agent marked as inactive: app_agent (instance: app_agent_1765871026)
2025-12-16 15:46:35,117 - MCP Server - WARNING - Agent marked as inactive: monitor_agent (instance: monitor_agent_1765871027)
2025-12-16 15:46:35,117 - MCP Server - WARNING - Agent marked as inactive: media_agent (instance: media_agent_1765871028)
2025-12-16 15:46:37,513 - MCP Server - WARNING - Agent marked as inactive: file_agent (instance: file_agent_1765870629)
2025-12-16 15:46:37,514 - MCP Server - WARNING - Agent marked as inactive: settings_agent (instance: settings_agent_1765870630)
2025-12-16 15:46:37,514 - MCP Server - WARNING - Agent marked as inactive: network_agent (instance: network_agent_1765870631)
2025-12-16 15:46:37,514 - MCP Server - WARNING - Agent marked as inactive: app_agent (instance: app_agent_1765870632)
2025-12-16 15:46:37,514 - MCP Server - WARNING - Agent marked as inactive: monitor_agent (instance: monitor_agent_1765870633)
2025-12-16 15:46:37,514 - MCP Server - WARNING - Agent marked as inactive: media_agent (instance: media_agent_1765870634)
2025-12-16 15:46:38,119 - MCP Server - WARNING - Agent marked as inactive: file_agent (instance: file_agent_1765871023)
2025-12-16 15:46:38,119 - MCP Server - WARNING - Agent marked as inactive: settings_agent (instance: settings_agent_1765871024)
2025-12-16 15:46:38,119 - MCP Server - WARNING - Agent marked as inactive: network_agent (instance: network_agent_1765871025)
2025-12-16 15:46:38,119 - MCP Server - WARNING - Agent marked as inactive: app_agent (instance: app_agent_1765871026)
2025-12-16 15:46:38,119 - MCP Server - WARNING - Agent marked as inactive: monitor_agent (instance: monitor_agent_1765871027)
2025-12-16 15:46:38,119 - MCP Server - WARNING - Agent marked as inactive: media_agent (instance: media_agent_1765871028)
2025-12-16 15:46:40,517 - MCP Server - WARNING - Agent marked as inactive: file_agent (instance: file_agent_1765870629)
2025-12-16 15:46:40,518 - MCP Server - WARNING - Agent marked as inactive: settings_agent (instance: settings_agent_1765870630)
2025-12-16 15:46:40,518 - MCP Server - WARNING - Agent marked as inactive: network_agent (instance: network_agent_1765870631)
2025-12-16 15:46:40,518 - MCP Server - WARNING - Agent marked as inactive: app_agent (instance: app_agent_1765870632)
2025-12-16 15:46:40,518 - MCP Server - WARNING - Agent marked as inactive: monitor_agent (instance: monitor_agent_1765870633)
2025-12-16 15:46:40,518 - MCP Server - WARNING - Agent marked as inactive: media_agent (instance: media_agent_1765870634)
2025-12-16 15:46:41,123 - MCP Server - WARNING - Agent marked as inactive: file_agent (instance: file_agent_1765871023)
2025-12-16 15:46:41,123 - MCP Server - WARNING - Agent marked as inactive: settings_agent (instance: settings_agent_1765871024)
2025-12-16 15:46:41,123 - MCP Server - WARNING - Agent marked as inactive: network_agent (instance: network_agent_1765871025)
2025-12-16 15:46:41,123 - MCP Server - WARNING - Agent marked as inactive: app_agent (instance: app_agent_1765871026)
2025-12-16 15:46:41,123 - MCP Server - WARNING - Agent marked as inactive: monitor_agent (instance: monitor_agent_1765871027)
2025-12-16 15:46:41,123 - MCP Server - WARNING - Agent marked as inactive: media_agent (instance: media_agent_1765871028)
2025-12-16 15:46:43,521 - MCP Server - WARNING - Agent marked as inactive: file_agent (instance: file_agent_1765870629)
2025-12-16 15:46:43,522 - MCP Server - WARNING - Agent marked as inactive: settings_agent (instance: settings_agent_1765870630)
2025-12-16 15:46:43,522 - MCP Server - WARNING - Agent marked as inactive: network_agent (instance: network_agent_1765870631)
2025-12-16 15:46:43,522 - MCP Server - WARNING - Agent marked as inactive: app_agent (instance: app_agent_1765870632)
2025-12-16 15:46:43,522 - MCP Server - WARNING - Agent marked as inactive: monitor_agent (instance: monitor_agent_1765870633)
2025-12-16 15:46:43,522 - MCP Server - WARNING - Agent marked as inactive: media_agent (instance: media_agent_1765870634)
2025-12-16 15:46:44,126 - MCP Server - WARNING - Agent marked as inactive: file_agent (instance: file_agent_1765871023)
2025-12-16 15:46:44,127 - MCP Server - WARNING - Agent marked as inactive: settings_agent (instance: settings_agent_1765871024)
2025-12-16 15:46:44,127 - MCP Server - WARNING - Agent marked as inactive: network_agent (instance: network_agent_1765871025)
2025-12-16 15:46:44,127 - MCP Server - WARNING - Agent marked as inactive: app_agent (instance: app_agent_1765871026)
2025-12-16 15:46:44,127 - MCP Server - WARNING - Agent marked as inactive: monitor_agent (instance: monitor_agent_1765871027)
2025-12-16 15:46:44,127 - MCP Server - WARNING - Agent marked as inactive: media_agent (instance: media_agent_1765871028)
2025-12-16 15:46:46,525 - MCP Server - WARNING - Agent marked as inactive: file_agent (instance: file_agent_1765870629)
2025-12-16 15:46:46,526 - MCP Server - WARNING - Agent marked as inactive: settings_agent (instance: settings_agent_1765870630)
2025-12-16 15:46:46,526 - MCP Server - WARNING - Agent marked as inactive: network_agent (instance: network_agent_1765870631)
2025-12-16 15:46:46,526 - MCP Server - WARNING - Agent marked as inactive: app_agent (instance: app_agent_1765870632)
2025-12-16 15:46:46,526 - MCP Server - WARNING - Agent marked as inactive: monitor_agent (instance: monitor_agent_1765870633)
2025-12-16 15:46:46,526 - MCP Server - WARNING - Agent marked as inactive: media_agent (instance: media_agent_1765870634)
2025-12-16 15:46:47,130 - MCP Server - WARNING - Agent marked as inactive: file_agent (instance: file_agent_1765871023)
2025-12-16 15:46:47,131 - MCP Server - WARNING - Agent marked as inactive: settings_agent (instance: settings_agent_1765871024)
2025-12-16 15:46:47,131 - MCP Server - WARNING - Agent marked as inactive: network_agent (instance: network_agent_1765871025)
2025-12-16 15:46:47,131 - MCP Server - WARNING - Agent marked as inactive: app_agent (instance: app_agent_1765871026)
2025-12-16 15:46:47,131 - MCP Server - WARNING - Agent marked as inactive: monitor_agent (instance: monitor_agent_1765871027)
2025-12-16 15:46:47,131 - MCP Server - WARNING - Agent marked as inactive: media_agent (instance: media_agent_1765871028)
2025-12-16 15:46:49,529 - MCP Server - WARNING - Agent marked as inactive: file_agent (instance: file_agent_1765870629)
2025-12-16 15:46:49,529 - MCP Server - WARNING - Agent marked as inactive: settings_agent (instance: settings_agent_1765870630)
2025-12-16 15:46:49,530 - MCP Server - WARNING - Agent marked as inactive: network_agent (instance: network_agent_1765870631)
2025-12-16 15:46:49,530 - MCP Server - WARNING - Agent marked as inactive: app_agent (instance: app_agent_1765870632)
2025-12-16 15:46:49,530 - MCP Server - WARNING - Agent marked as inactive: monitor_agent (instance: monitor_agent_1765870633)
2025-12-16 15:46:49,530 - MCP Server - WARNING - Agent marked as inactive: media_agent (instance: media_agent_1765870634)
2025-12-16 15:46:50,131 - MCP Server - WARNING - Agent marked as inactive: file_agent (instance: file_agent_1765871023)
2025-12-16 15:46:50,132 - MCP Server - WARNING - Agent marked as inactive: settings_agent (instance: settings_agent_1765871024)
2025-12-16 15:46:50,132 - MCP Server - WARNING - Agent marked as inactive: network_agent (instance: network_agent_1765871025)
2025-12-16 15:46:50,132 - MCP Server - WARNING - Agent marked as inactive: app_agent (instance: app_agent_1765871026)
2025-12-16 15:46:50,132 - MCP Server - WARNING - Agent marked as inactive: monitor_agent (instance: monitor_agent_1765871027)
2025-12-16 15:46:50,132 - MCP Server - WARNING - Agent marked as inactive: media_agent (instance: media_agent_1765871028)
2025-12-16 15:46:52,533 - MCP Server - WARNING - Agent marked as inactive: file_agent (instance: file_agent_1765870629)
2025-12-16 15:46:52,533 - MCP Server - WARNING - Agent marked as inactive: settings_agent (instance: settings_agent_1765870630)
2025-12-16 15:46:52,533 - MCP Server - WARNING - Agent marked as inactive: network_agent (instance: network_agent_1765870631)
2025-12-16 15:46:52,533 - MCP Server - WARNING - Agent marked as inactive: app_agent (instance: app_agent_1765870632)
2025-12-16 15:46:52,533 - MCP Server - WARNING - Agent marked as inactive: monitor_agent (instance: monitor_agent_1765870633)
2025-12-16 15:46:52,534 - MCP Server - WARNING - Agent marked as inactive: media_agent (instance: media_agent_1765870634)
2025-12-16 15:46:53,135 - MCP Server - WARNING - Agent marked as inactive: file_agent (instance: file_agent_1765871023)
2025-12-16 15:46:53,136 - MCP Server - WARNING - Agent marked as inactive: settings_agent (instance: settings_agent_1765871024)
2025-12-16 15:46:53,136 - MCP Server - WARNING - Agent marked as inactive: network_agent (instance: network_agent_1765871025)
2025-12-16 15:46:53,136 - MCP Server - WARNING - Agent marked as inactive: app_agent (instance: app_agent_1765871026)
2025-12-16 15:46:53,136 - MCP Server - WARNING - Agent marked as inactive: monitor_agent (instance: monitor_agent_1765871027)
2025-12-16 15:46:53,136 - MCP Server - WARNING - Agent marked as inactive: media_agent (instance: media_agent_1765871028)
2025-12-16 15:46:55,537 - MCP Server - WARNING - Agent marked as inactive: file_agent (instance: file_agent_1765870629)
2025-12-16 15:46:55,537 - MCP Server - WARNING - Agent marked as inactive: settings_agent (instance: settings_agent_1765870630)
2025-12-16 15:46:55,537 - MCP Server - WARNING - Agent marked as inactive: network_agent (instance: network_agent_1765870631)
2025-12-16 15:46:55,537 - MCP Server - WARNING - Agent marked as inactive: app_agent (instance: app_agent_1765870632)
2025-12-16 15:46:55,537 - MCP Server - WARNING - Agent marked as inactive: monitor_agent (instance: monitor_agent_1765870633)
2025-12-16 15:46:55,537 - MCP Server - WARNING - Agent marked as inactive: media_agent (instance: media_agent_1765870634)
2025-12-16 15:46:56,139 - MCP Server - WARNING - Agent marked as inactive: file_agent (instance: file_agent_1765871023)
2025-12-16 15:46:56,140 - MCP Server - WARNING - Agent marked as inactive: settings_agent (instance: settings_agent_1765871024)
2025-12-16 15:46:56,140 - MCP Server - WARNING - Agent marked as inactive: network_agent (instance: network_agent_1765871025)
2025-12-16 15:46:56,140 - MCP Server - WARNING - Agent marked as inactive: app_agent (instance: app_agent_1765871026)
2025-12-16 15:46:56,140 - MCP Server - WARNING - Agent marked as inactive: monitor_agent (instance: monitor_agent_1765871027)
2025-12-16 15:46:56,140 - MCP Server - WARNING - Agent marked as inactive: media_agent (instance: media_agent_1765871028)
2025-12-16 15:46:58,540 - MCP Server - WARNING - Agent marked as inactive: file_agent (instance: file_agent_1765870629)
2025-12-16 15:46:58,540 - MCP Server - WARNING - Agent marked as inactive: settings_agent (instance: settings_agent_1765870630)
2025-12-16 15:46:58,541 - MCP Server - WARNING - Agent marked as inactive: network_agent (instance: network_agent_1765870631)
2025-12-16 15:46:58,541 - MCP Server - WARNING - Agent marked as inactive: app_agent (instance: app_agent_1765870632)
2025-12-16 15:46:58,541 - MCP Server - WARNING - Agent marked as inactive: monitor_agent (instance: monitor_agent_1765870633)
2025-12-16 15:46:58,541 - MCP Server - WARNING - Agent marked as inactive: media_agent (instance: media_agent_1765870634)
2025-12-16 15:46:59,143 - MCP Server - WARNING - Agent marked as inactive: file_agent (instance: file_agent_1765871023)
2025-12-16 15:46:59,143 - MCP Server - WARNING - Agent marked as inactive: settings_agent (instance: settings_agent_1765871024)
2025-12-16 15:46:59,144 - MCP Server - WARNING - Agent marked as inactive: network_agent (instance: network_agent_1765871025)
2025-12-16 15:46:59,144 - MCP Server - WARNING - Agent marked as inactive: app_agent (instance: app_agent_1765871026)
2025-12-16 15:46:59,144 - MCP Server - WARNING - Agent marked as inactive: monitor_agent (instance: monitor_agent_1765871027)
2025-12-16 15:46:59,144 - MCP Server - WARNING - Agent marked as inactive: media_agent (instance: media_agent_1765871028)
2025-12-16 15:47:01,544 - MCP Server - WARNING - Agent marked as inactive: file_agent (instance: file_agent_1765870629)
2025-12-16 15:47:01,544 - MCP Server - WARNING - Agent marked as inactive: settings_agent (instance: settings_agent_1765870630)
2025-12-16 15:47:01,545 - MCP Server - WARNING - Agent marked as inactive: network_agent (instance: network_agent_1765870631)
2025-12-16 15:47:01,545 - MCP Server - WARNING - Agent marked as inactive: app_agent (instance: app_agent_1765870632)
2025-12-16 15:47:01,545 - MCP Server - WARNING - Agent marked as inactive: monitor_agent (instance: monitor_agent_1765870633)
2025-12-16 15:47:01,545 - MCP Server - WARNING - Agent marked as inactive: media_agent (instance: media_agent_1765870634)
2025-12-16 15:47:02,147 - MCP Server - WARNING - Agent marked as inactive: file_agent (instance: file_agent_1765871023)
2025-12-16 15:47:02,147 - MCP Server - WARNING - Agent marked as inactive: settings_agent (instance: settings_agent_1765871024)
2025-12-16 15:47:02,147 - MCP Server - WARNING - Agent marked as inactive: network_agent (instance: network_agent_1765871025)
2025-12-16 15:47:02,148 - MCP Server - WARNING - Agent marked as inactive: app_agent (instance: app_agent_1765871026)
2025-12-16 15:47:02,148 - MCP Server - WARNING - Agent marked as inactive: monitor_agent (instance: monitor_agent_1765871027)
2025-12-16 15:47:02,148 - MCP Server - WARNING - Agent marked as inactive: media_agent (instance: media_agent_1765871028)
2025-12-16 15:47:04,548 - MCP Server - WARNING - Agent marked as inactive: file_agent (instance: file_agent_1765870629)
2025-12-16 15:47:04,548 - MCP Server - WARNING - Agent marked as inactive: settings_agent (instance: settings_agent_1765870630)
2025-12-16 15:47:04,549 - MCP Server - WARNING - Agent marked as inactive: network_agent (instance: network_agent_1765870631)
2025-12-16 15:47:04,549 - MCP Server - WARNING - Agent marked as inactive: app_agent (instance: app_agent_1765870632)
2025-12-16 15:47:04,549 - MCP Server - WARNING - Agent marked as inactive: monitor_agent (instance: monitor_agent_1765870633)
2025-12-16 15:47:04,549 - MCP Server - WARNING - Agent marked as inactive: media_agent (instance: media_agent_1765870634)
2025-12-16 15:47:05,151 - MCP Server - WARNING - Agent marked as inactive: file_agent (instance: file_agent_1765871023)
2025-12-16 15:47:05,151 - MCP Server - WARNING - Agent marked as inactive: settings_agent (instance: settings_agent_1765871024)
2025-12-16 15:47:05,151 - MCP Server - WARNING - Agent marked as inactive: network_agent (instance: network_agent_1765871025)
2025-12-16 15:47:05,151 - MCP Server - WARNING - Agent marked as inactive: app_agent (instance: app_agent_1765871026)
2025-12-16 15:47:05,152 - MCP Server - WARNING - Agent marked as inactive: monitor_agent (instance: monitor_agent_1765871027)
2025-12-16 15:47:05,152 - MCP Server - WARNING - Agent marked as inactive: media_agent (instance: media_agent_1765871028)
2025-12-16 15:47:07,552 - MCP Server - WARNING - Agent marked as inactive: file_agent (instance: file_agent_1765870629)
2025-12-16 15:47:07,552 - MCP Server - WARNING - Agent marked as inactive: settings_agent (instance: settings_agent_1765870630)
2025-12-16 15:47:07,553 - MCP Server - WARNING - Agent marked as inactive: network_agent (instance: network_agent_1765870631)
2025-12-16 15:47:07,553 - MCP Server - WARNING - Agent marked as inactive: app_agent (instance: app_agent_1765870632)
2025-12-16 15:47:07,553 - MCP Server - WARNING - Agent marked as inactive: monitor_agent (instance: monitor_agent_1765870633)
2025-12-16 15:47:07,553 - MCP Server - WARNING - Agent marked as inactive: media_agent (instance: media_agent_1765870634)
2025-12-16 15:47:08,155 - MCP Server - WARNING - Agent marked as inactive: file_agent (instance: file_agent_1765871023)
2025-12-16 15:47:08,155 - MCP Server - WARNING - Agent marked as inactive: settings_agent (instance: settings_agent_1765871024)
2025-12-16 15:47:08,155 - MCP Server - WARNING - Agent marked as inactive: network_agent (instance: network_agent_1765871025)
2025-12-16 15:47:08,155 - MCP Server - WARNING - Agent marked as inactive: app_agent (instance: app_agent_1765871026)
2025-12-16 15:47:08,155 - MCP Server - WARNING - Agent marked as inactive: monitor_agent (instance: monitor_agent_1765871027)
2025-12-16 15:47:08,156 - MCP Server - WARNING - Agent marked as inactive: media_agent (instance: media_agent_1765871028)
2025-12-16 15:47:10,556 - MCP Server - WARNING - Agent marked as inactive: file_agent (instance: file_agent_1765870629)
2025-12-16 15:47:10,556 - MCP Server - WARNING - Agent marked as inactive: settings_agent (instance: settings_agent_1765870630)
2025-12-16 15:47:10,556 - MCP Server - WARNING - Agent marked as inactive: network_agent (instance: network_agent_1765870631)
2025-12-16 15:47:10,557 - MCP Server - WARNING - Agent marked as inactive: app_agent (instance: app_agent_1765870632)
2025-12-16 15:47:10,557 - MCP Server - WARNING - Agent marked as inactive: monitor_agent (instance: monitor_agent_1765870633)
2025-12-16 15:47:10,557 - MCP Server - WARNING - Agent marked as inactive: media_agent (instance: media_agent_1765870634)
2025-12-16 15:47:11,159 - MCP Server - WARNING - Agent marked as inactive: file_agent (instance: file_agent_1765871023)
2025-12-16 15:47:11,159 - MCP Server - WARNING - Agent marked as inactive: settings_agent (instance: settings_agent_1765871024)
2025-12-16 15:47:11,159 - MCP Server - WARNING - Agent marked as inactive: network_agent (instance: network_agent_1765871025)
2025-12-16 15:47:11,159 - MCP Server - WARNING - Agent marked as inactive: app_agent (instance: app_agent_1765871026)
2025-12-16 15:47:11,159 - MCP Server - WARNING - Agent marked as inactive: monitor_agent (instance: monitor_agent_1765871027)
2025-12-16 15:47:11,159 - MCP Server - WARNING - Agent marked as inactive: media_agent (instance: media_agent_1765871028)
2025-12-16 15:47:13,560 - MCP Server - WARNING - Agent marked as inactive: file_agent (instance: file_agent_1765870629)
2025-12-16 15:47:13,560 - MCP Server - WARNING - Agent marked as inactive: settings_agent (instance: settings_agent_1765870630)
2025-12-16 15:47:13,560 - MCP Server - WARNING - Agent marked as inactive: network_agent (instance: network_agent_1765870631)
2025-12-16 15:47:13,561 - MCP Server - WARNING - Agent marked as inactive: app_agent (instance: app_agent_1765870632)
2025-12-16 15:47:13,561 - MCP Server - WARNING - Agent marked as inactive: monitor_agent (instance: monitor_agent_1765870633)
2025-12-16 15:47:13,561 - MCP Server - WARNING - Agent marked as inactive: media_agent (instance: media_agent_1765870634)
2025-12-16 15:47:14,162 - MCP Server - WARNING - Agent marked as inactive: file_agent (instance: file_agent_1765871023)
2025-12-16 15:47:14,163 - MCP Server - WARNING - Agent marked as inactive: settings_agent (instance: settings_agent_1765871024)
2025-12-16 15:47:14,163 - MCP Server - WARNING - Agent marked as inactive: network_agent (instance: network_agent_1765871025)
2025-12-16 15:47:14,163 - MCP Server - WARNING - Agent marked as inactive: app_agent (instance: app_agent_1765871026)
2025-12-16 15:47:14,163 - MCP Server - WARNING - Agent marked as inactive: monitor_agent (instance: monitor_agent_1765871027)
2025-12-16 15:47:14,163 - MCP Server - WARNING - Agent marked as inactive: media_agent (instance: media_agent_1765871028)
2025-12-16 15:47:16,564 - MCP Server - WARNING - Agent marked as inactive: file_agent (instance: file_agent_1765870629)
2025-12-16 15:47:16,564 - MCP Server - WARNING - Agent marked as inactive: settings_agent (instance: settings_agent_1765870630)
2025-12-16 15:47:16,564 - MCP Server - WARNING - Agent marked as inactive: network_agent (instance: network_agent_1765870631)
2025-12-16 15:47:16,564 - MCP Server - WARNING - Agent marked as inactive: app_agent (instance: app_agent_1765870632)
2025-12-16 15:47:16,565 - MCP Server - WARNING - Agent marked as inactive: monitor_agent (instance: monitor_agent_1765870633)
2025-12-16 15:47:16,565 - MCP Server - WARNING - Agent marked as inactive: media_agent (instance: media_agent_1765870634)
2025-12-16 15:47:17,166 - MCP Server - WARNING - Agent marked as inactive: file_agent (instance: file_agent_1765871023)
2025-12-16 15:47:17,167 - MCP Server - WARNING - Agent marked as inactive: settings_agent (instance: settings_agent_1765871024)
2025-12-16 15:47:17,167 - MCP Server - WARNING - Agent marked as inactive: network_agent (instance: network_agent_1765871025)
2025-12-16 15:47:17,167 - MCP Server - WARNING - Agent marked as inactive: app_agent (instance: app_agent_1765871026)
2025-12-16 15:47:17,167 - MCP Server - WARNING - Agent marked as inactive: monitor_agent (instance: monitor_agent_1765871027)
2025-12-16 15:47:17,167 - MCP Server - WARNING - Agent marked as inactive: media_agent (instance: media_agent_1765871028)
2025-12-16 15:47:19,568 - MCP Server - WARNING - Agent marked as inactive: file_agent (instance: file_agent_1765870629)
2025-12-16 15:47:19,568 - MCP Server - WARNING - Agent marked as inactive: settings_agent (instance: settings_agent_1765870630)
2025-12-16 15:47:19,568 - MCP Server - WARNING - Agent marked as inactive: network_agent (instance: network_agent_1765870631)
2025-12-16 15:47:19,568 - MCP Server - WARNING - Agent marked as inactive: app_agent (instance: app_agent_1765870632)
2025-12-16 15:47:19,568 - MCP Server - WARNING - Agent marked as inactive: monitor_agent (instance: monitor_agent_1765870633)
2025-12-16 15:47:19,568 - MCP Server - WARNING - Agent marked as inactive: media_agent (instance: media_agent_1765870634)
2025-12-16 15:47:20,170 - MCP Server - WARNING - Agent marked as inactive: file_agent (instance: file_agent_1765871023)
2025-12-16 15:47:20,170 - MCP Server - WARNING - Agent marked as inactive: settings_agent (instance: settings_agent_1765871024)
2025-12-16 15:47:20,171 - MCP Server - WARNING - Agent marked as inactive: network_agent (instance: network_agent_1765871025)
2025-12-16 15:47:20,171 - MCP Server - WARNING - Agent marked as inactive: app_agent (instance: app_agent_1765871026)
2025-12-16 15:47:20,171 - MCP Server - WARNING - Agent marked as inactive: monitor_agent (instance: monitor_agent_1765871027)
2025-12-16 15:47:20,171 - MCP Server - WARNING - Agent marked as inactive: media_agent (instance: media_agent_1765871028)
2025-12-16 15:47:22,572 - MCP Server - WARNING - Agent marked as inactive: file_agent (instance: file_agent_1765870629)
2025-12-16 15:47:22,572 - MCP Server - WARNING - Agent marked as inactive: settings_agent (instance: settings_agent_1765870630)
2025-12-16 15:47:22,572 - MCP Server - WARNING - Agent marked as inactive: network_agent (instance: network_agent_1765870631)
2025-12-16 15:47:22,572 - MCP Server - WARNING - Agent marked as inactive: app_agent (instance: app_agent_1765870632)
2025-12-16 15:47:22,572 - MCP Server - WARNING - Agent marked as inactive: monitor_agent (instance: monitor_agent_1765870633)
2025-12-16 15:47:22,572 - MCP Server - WARNING - Agent marked as inactive: media_agent (instance: media_agent_1765870634)
2025-12-16 15:47:23,174 - MCP Server - WARNING - Agent marked as inactive: file_agent (instance: file_agent_1765871023)
2025-12-16 15:47:23,174 - MCP Server - WARNING - Agent marked as inactive: settings_agent (instance: settings_agent_1765871024)
2025-12-16 15:47:23,174 - MCP Server - WARNING - Agent marked as inactive: network_agent (instance: network_agent_1765871025)
2025-12-16 15:47:23,174 - MCP Server - WARNING - Agent marked as inactive: app_agent (instance: app_agent_1765871026)
2025-12-16 15:47:23,174 - MCP Server - WARNING - Agent marked as inactive: monitor_agent (instance: monitor_agent_1765871027)
2025-12-16 15:47:23,175 - MCP Server - WARNING - Agent marked as inactive: media_agent (instance: media_agent_1765871028)
2025-12-16 15:47:25,576 - MCP Server - WARNING - Agent marked as inactive: file_agent (instance: file_agent_1765870629)
2025-12-16 15:47:25,576 - MCP Server - WARNING - Agent marked as inactive: settings_agent (instance: settings_agent_1765870630)
2025-12-16 15:47:25,576 - MCP Server - WARNING - Agent marked as inactive: network_agent (instance: network_agent_1765870631)
2025-12-16 15:47:25,576 - MCP Server - WARNING - Agent marked as inactive: app_agent (instance: app_agent_1765870632)
2025-12-16 15:47:25,576 - MCP Server - WARNING - Agent marked as inactive: monitor_agent (instance: monitor_agent_1765870633)
2025-12-16 15:47:25,576 - MCP Server - WARNING - Agent marked as inactive: media_agent (instance: media_agent_1765870634)
2025-12-16 15:47:26,178 - MCP Server - WARNING - Agent marked as inactive: file_agent (instance: file_agent_1765871023)
2025-12-16 15:47:26,178 - MCP Server - WARNING - Agent marked as inactive: settings_agent (instance: settings_agent_1765871024)
2025-12-16 15:47:26,178 - MCP Server - WARNING - Agent marked as inactive: network_agent (instance: network_agent_1765871025)
2025-12-16 15:47:26,178 - MCP Server - WARNING - Agent marked as inactive: app_agent (instance: app_agent_1765871026)
2025-12-16 15:47:26,178 - MCP Server - WARNING - Agent marked as inactive: monitor_agent (instance: monitor_agent_1765871027)
2025-12-16 15:47:26,178 - MCP Server - WARNING - Agent marked as inactive: media_agent (instance: media_agent_1765871028)
2025-12-16 15:47:28,580 - MCP Server - WARNING - Agent marked as inactive: file_agent (instance: file_agent_1765870629)
2025-12-16 15:47:28,580 - MCP Server - WARNING - Agent marked as inactive: settings_agent (instance: settings_agent_1765870630)
2025-12-16 15:47:28,580 - MCP Server - WARNING - Agent marked as inactive: network_agent (instance: network_agent_1765870631)
2025-12-16 15:47:28,580 - MCP Server - WARNING - Agent marked as inactive: app_agent (instance: app_agent_1765870632)
2025-12-16 15:47:28,580 - MCP Server - WARNING - Agent marked as inactive: monitor_agent (instance: monitor_agent_1765870633)
2025-12-16 15:47:28,580 - MCP Server - WARNING - Agent marked as inactive: media_agent (instance: media_agent_1765870634)
2025-12-16 15:47:29,182 - MCP Server - WARNING - Agent marked as inactive: file_agent (instance: file_agent_1765871023)
2025-12-16 15:47:29,182 - MCP Server - WARNING - Agent marked as inactive: settings_agent (instance: settings_agent_1765871024)
2025-12-16 15:47:29,182 - MCP Server - WARNING - Agent marked as inactive: network_agent (instance: network_agent_1765871025)
2025-12-16 15:47:29,182 - MCP Server - WARNING - Agent marked as inactive: app_agent (instance: app_agent_1765871026)
2025-12-16 15:47:29,182 - MCP Server - WARNING - Agent marked as inactive: monitor_agent (instance: monitor_agent_1765871027)
2025-12-16 15:47:29,182 - MCP Server - WARNING - Agent marked as inactive: media_agent (instance: media_agent_1765871028)
2025-12-16 15:47:31,584 - MCP Server - WARNING - Agent marked as inactive: file_agent (instance: file_agent_1765870629)
2025-12-16 15:47:31,584 - MCP Server - WARNING - Agent marked as inactive: settings_agent (instance: settings_agent_1765870630)
2025-12-16 15:47:31,584 - MCP Server - WARNING - Agent marked as inactive: network_agent (instance: network_agent_1765870631)
2025-12-16 15:47:31,584 - MCP Server - WARNING - Agent marked as inactive: app_agent (instance: app_agent_1765870632)
2025-12-16 15:47:31,584 - MCP Server - WARNING - Agent marked as inactive: monitor_agent (instance: monitor_agent_1765870633)
2025-12-16 15:47:31,584 - MCP Server - WARNING - Agent marked as inactive: media_agent (instance: media_agent_1765870634)
2025-12-16 15:47:32,185 - MCP Server - WARNING - Agent marked as inactive: file_agent (instance: file_agent_1765871023)
2025-12-16 15:47:32,186 - MCP Server - WARNING - Agent marked as inactive: settings_agent (instance: settings_agent_1765871024)
2025-12-16 15:47:32,186 - MCP Server - WARNING - Agent marked as inactive: network_agent (instance: network_agent_1765871025)
2025-12-16 15:47:32,186 - MCP Server - WARNING - Agent marked as inactive: app_agent (instance: app_agent_1765871026)
2025-12-16 15:47:32,186 - MCP Server - WARNING - Agent marked as inactive: monitor_agent (instance: monitor_agent_1765871027)
2025-12-16 15:47:32,186 - MCP Server - WARNING - Agent marked as inactive: media_agent (instance: media_agent_1765871028)
2025-12-16 15:47:34,588 - MCP Server - WARNING - Agent marked as inactive: file_agent (instance: file_agent_1765870629)
2025-12-16 15:47:34,588 - MCP Server - WARNING - Agent marked as inactive: settings_agent (instance: settings_agent_1765870630)
2025-12-16 15:47:34,588 - MCP Server - WARNING - Agent marked as inactive: network_agent (instance: network_agent_1765870631)
2025-12-16 15:47:34,588 - MCP Server - WARNING - Agent marked as inactive: app_agent (instance: app_agent_1765870632)
2025-12-16 15:47:34,588 - MCP Server - WARNING - Agent marked as inactive: monitor_agent (instance: monitor_agent_1765870633)
2025-12-16 15:47:34,588 - MCP Server - WARNING - Agent marked as inactive: media_agent (instance: media_agent_1765870634)
2025-12-16 15:47:35,189 - MCP Server - WARNING - Agent marked as inactive: file_agent (instance: file_agent_1765871023)
2025-12-16 15:47:35,190 - MCP Server - WARNING - Agent marked as inactive: settings_agent (instance: settings_agent_1765871024)
2025-12-16 15:47:35,190 - MCP Server - WARNING - Agent marked as inactive: network_agent (instance: network_agent_1765871025)
2025-12-16 15:47:35,190 - MCP Server - WARNING - Agent marked as inactive: app_agent (instance: app_agent_1765871026)
2025-12-16 15:47:35,190 - MCP Server - WARNING - Agent marked as inactive: monitor_agent (instance: monitor_agent_1765871027)
2025-12-16 15:47:35,190 - MCP Server - WARNING - Agent marked as inactive: media_agent (instance: media_agent_1765871028)
2025-12-16 15:47:37,592 - MCP Server - WARNING - Agent marked as inactive: file_agent (instance: file_agent_1765870629)
2025-12-16 15:47:37,592 - MCP Server - WARNING - Agent marked as inactive: settings_agent (instance: settings_agent_1765870630)
2025-12-16 15:47:37,592 - MCP Server - WARNING - Agent marked as inactive: network_agent (instance: network_agent_1765870631)
2025-12-16 15:47:37,592 - MCP Server - WARNING - Agent marked as inactive: app_agent (instance: app_agent_1765870632)
2025-12-16 15:47:37,592 - MCP Server - WARNING - Agent marked as inactive: monitor_agent (instance: monitor_agent_1765870633)
2025-12-16 15:47:37,592 - MCP Server - WARNING - Agent marked as inactive: media_agent (instance: media_agent_1765870634)
2025-12-16 15:47:38,193 - MCP Server - WARNING - Agent marked as inactive: file_agent (instance: file_agent_1765871023)
2025-12-16 15:47:38,194 - MCP Server - WARNING - Agent marked as inactive: settings_agent (instance: settings_agent_1765871024)
2025-12-16 15:47:38,194 - MCP Server - WARNING - Agent marked as inactive: network_agent (instance: network_agent_1765871025)
2025-12-16 15:47:38,194 - MCP Server - WARNING - Agent marked as inactive: app_agent (instance: app_agent_1765871026)
2025-12-16 15:47:38,194 - MCP Server - WARNING - Agent marked as inactive: monitor_agent (instance: monitor_agent_1765871027)
2025-12-16 15:47:38,194 - MCP Server - WARNING - Agent marked as inactive: media_agent (instance: media_agent_1765871028)
2025-12-16 15:47:40,595 - MCP Server - WARNING - Agent marked as inactive: file_agent (instance: file_agent_1765870629)
2025-12-16 15:47:40,595 - MCP Server - WARNING - Agent marked as inactive: settings_agent (instance: settings_agent_1765870630)
2025-12-16 15:47:40,595 - MCP Server - WARNING - Agent marked as inactive: network_agent (instance: network_agent_1765870631)
2025-12-16 15:47:40,596 - MCP Server - WARNING - Agent marked as inactive: app_agent (instance: app_agent_1765870632)
2025-12-16 15:47:40,596 - MCP Server - WARNING - Agent marked as inactive: monitor_agent (instance: monitor_agent_1765870633)
2025-12-16 15:47:40,596 - MCP Server - WARNING - Agent marked as inactive: media_agent (instance: media_agent_1765870634)
2025-12-16 15:47:41,197 - MCP Server - WARNING - Agent marked as inactive: file_agent (instance: file_agent_1765871023)
2025-12-16 15:47:41,197 - MCP Server - WARNING - Agent marked as inactive: settings_agent (instance: settings_agent_1765871024)
2025-12-16 15:47:41,198 - MCP Server - WARNING - Agent marked as inactive: network_agent (instance: network_agent_1765871025)
2025-12-16 15:47:41,198 - MCP Server - WARNING - Agent marked as inactive: app_agent (instance: app_agent_1765871026)
2025-12-16 15:47:41,198 - MCP Server - WARNING - Agent marked as inactive: monitor_agent (instance: monitor_agent_1765871027)
2025-12-16 15:47:41,198 - MCP Server - WARNING - Agent marked as inactive: media_agent (instance: media_agent_1765871028)
2025-12-16 15:47:43,599 - MCP Server - WARNING - Agent marked as inactive: file_agent (instance: file_agent_1765870629)
2025-12-16 15:47:43,599 - MCP Server - WARNING - Agent marked as inactive: settings_agent (instance: settings_agent_1765870630)
2025-12-16 15:47:43,599 - MCP Server - WARNING - Agent marked as inactive: network_agent (instance: network_agent_1765870631)
2025-12-16 15:47:43,600 - MCP Server - WARNING - Agent marked as inactive: app_agent (instance: app_agent_1765870632)
2025-12-16 15:47:43,600 - MCP Server - WARNING - Agent marked as inactive: monitor_agent (instance: monitor_agent_1765870633)
2025-12-16 15:47:43,600 - MCP Server - WARNING - Agent marked as inactive: media_agent (instance: media_agent_1765870634)
2025-12-16 15:47:44,201 - MCP Server - WARNING - Agent marked as inactive: file_agent (instance: file_agent_1765871023)
2025-12-16 15:47:44,201 - MCP Server - WARNING - Agent marked as inactive: settings_agent (instance: settings_agent_1765871024)
2025-12-16 15:47:44,201 - MCP Server - WARNING - Agent marked as inactive: network_agent (instance: network_agent_1765871025)
2025-12-16 15:47:44,202 - MCP Server - WARNING - Agent marked as inactive: app_agent (instance: app_agent_1765871026)
2025-12-16 15:47:44,202 - MCP Server - WARNING - Agent marked as inactive: monitor_agent (instance: monitor_agent_1765871027)
2025-12-16 15:47:44,202 - MCP Server - WARNING - Agent marked as inactive: media_agent (instance: media_agent_1765871028)
2025-12-16 15:47:46,603 - MCP Server - WARNING - Agent marked as inactive: file_agent (instance: file_agent_1765870629)
2025-12-16 15:47:46,603 - MCP Server - WARNING - Agent marked as inactive: settings_agent (instance: settings_agent_1765870630)
2025-12-16 15:47:46,603 - MCP Server - WARNING - Agent marked as inactive: network_agent (instance: network_agent_1765870631)
2025-12-16 15:47:46,604 - MCP Server - WARNING - Agent marked as inactive: app_agent (instance: app_agent_1765870632)
2025-12-16 15:47:46,604 - MCP Server - WARNING - Agent marked as inactive: monitor_agent (instance: monitor_agent_1765870633)
2025-12-16 15:47:46,604 - MCP Server - WARNING - Agent marked as inactive: media_agent (instance: media_agent_1765870634)
2025-12-16 15:47:47,205 - MCP Server - WARNING - Agent marked as inactive: file_agent (instance: file_agent_1765871023)
2025-12-16 15:47:47,205 - MCP Server - WARNING - Agent marked as inactive: settings_agent (instance: settings_agent_1765871024)
2025-12-16 15:47:47,205 - MCP Server - WARNING - Agent marked as inactive: network_agent (instance: network_agent_1765871025)
2025-12-16 15:47:47,206 - MCP Server - WARNING - Agent marked as inactive: app_agent (instance: app_agent_1765871026)
2025-12-16 15:47:47,206 - MCP Server - WARNING - Agent marked as inactive: monitor_agent (instance: monitor_agent_1765871027)
2025-12-16 15:47:47,206 - MCP Server - WARNING - Agent marked as inactive: media_agent (instance: media_agent_1765871028)
2025-12-16 15:47:49,607 - MCP Server - WARNING - Agent marked as inactive: file_agent (instance: file_agent_1765870629)
2025-12-16 15:47:49,607 - MCP Server - WARNING - Agent marked as inactive: settings_agent (instance: settings_agent_1765870630)
2025-12-16 15:47:49,607 - MCP Server - WARNING - Agent marked as inactive: network_agent (instance: network_agent_1765870631)
2025-12-16 15:47:49,607 - MCP Server - WARNING - Agent marked as inactive: app_agent (instance: app_agent_1765870632)
2025-12-16 15:47:49,608 - MCP Server - WARNING - Agent marked as inactive: monitor_agent (instance: monitor_agent_1765870633)
2025-12-16 15:47:49,608 - MCP Server - WARNING - Agent marked as inactive: media_agent (instance: media_agent_1765870634)
2025-12-16 15:47:50,209 - MCP Server - WARNING - Agent marked as inactive: file_agent (instance: file_agent_1765871023)
2025-12-16 15:47:50,209 - MCP Server - WARNING - Agent marked as inactive: settings_agent (instance: settings_agent_1765871024)
2025-12-16 15:47:50,209 - MCP Server - WARNING - Agent marked as inactive: network_agent (instance: network_agent_1765871025)
2025-12-16 15:47:50,209 - MCP Server - WARNING - Agent marked as inactive: app_agent (instance: app_agent_1765871026)
2025-12-16 15:47:50,210 - MCP Server - WARNING - Agent marked as inactive: monitor_agent (instance: monitor_agent_1765871027)
2025-12-16 15:47:50,210 - MCP Server - WARNING - Agent marked as inactive: media_agent (instance: media_agent_1765871028)
2025-12-16 15:47:52,611 - MCP Server - WARNING - Agent marked as inactive: file_agent (instance: file_agent_1765870629)
2025-12-16 15:47:52,611 - MCP Server - WARNING - Agent marked as inactive: settings_agent (instance: settings_agent_1765870630)
2025-12-16 15:47:52,611 - MCP Server - WARNING - Agent marked as inactive: network_agent (instance: network_agent_1765870631)
2025-12-16 15:47:52,611 - MCP Server - WARNING - Agent marked as inactive: app_agent (instance: app_agent_1765870632)
2025-12-16 15:47:52,612 - MCP Server - WARNING - Agent marked as inactive: monitor_agent (instance: monitor_agent_1765870633)
2025-12-16 15:47:52,612 - MCP Server - WARNING - Agent marked as inactive: media_agent (instance: media_agent_1765870634)
2025-12-16 15:47:53,213 - MCP Server - WARNING - Agent marked as inactive: file_agent (instance: file_agent_1765871023)
2025-12-16 15:47:53,213 - MCP Server - WARNING - Agent marked as inactive: settings_agent (instance: settings_agent_1765871024)
2025-12-16 15:47:53,213 - MCP Server - WARNING - Agent marked as inactive: network_agent (instance: network_agent_1765871025)
2025-12-16 15:47:53,213 - MCP Server - WARNING - Agent marked as inactive: app_agent (instance: app_agent_1765871026)
2025-12-16 15:47:53,213 - MCP Server - WARNING - Agent marked as inactive: monitor_agent (instance: monitor_agent_1765871027)
2025-12-16 15:47:53,214 - MCP Server - WARNING - Agent marked as inactive: media_agent (instance: media_agent_1765871028)
2025-12-16 15:47:55,615 - MCP Server - WARNING - Agent marked as inactive: file_agent (instance: file_agent_1765870629)
2025-12-16 15:47:55,615 - MCP Server - WARNING - Agent marked as inactive: settings_agent (instance: settings_agent_1765870630)
2025-12-16 15:47:55,615 - MCP Server - WARNING - Agent marked as inactive: network_agent (instance: network_agent_1765870631)
2025-12-16 15:47:55,615 - MCP Server - WARNING - Agent marked as inactive: app_agent (instance: app_agent_1765870632)
2025-12-16 15:47:55,615 - MCP Server - WARNING - Agent marked as inactive: monitor_agent (instance: monitor_agent_1765870633)
2025-12-16 15:47:55,616 - MCP Server - WARNING - Agent marked as inactive: media_agent (instance: media_agent_1765870634)
2025-12-16 15:47:56,217 - MCP Server - WARNING - Agent marked as inactive: file_agent (instance: file_agent_1765871023)
2025-12-16 15:47:56,217 - MCP Server - WARNING - Agent marked as inactive: settings_agent (instance: settings_agent_1765871024)
2025-12-16 15:47:56,217 - MCP Server - WARNING - Agent marked as inactive: network_agent (instance: network_agent_1765871025)
2025-12-16 15:47:56,217 - MCP Server - WARNING - Agent marked as inactive: app_agent (instance: app_agent_1765871026)
2025-12-16 15:47:56,217 - MCP Server - WARNING - Agent marked as inactive: monitor_agent (instance: monitor_agent_1765871027)
2025-12-16 15:47:56,217 - MCP Server - WARNING - Agent marked as inactive: media_agent (instance: media_agent_1765871028)
2025-12-16 15:47:58,619 - MCP Server - WARNING - Agent marked as inactive: file_agent (instance: file_agent_1765870629)
2025-12-16 15:47:58,619 - MCP Server - WARNING - Agent marked as inactive: settings_agent (instance: settings_agent_1765870630)
2025-12-16 15:47:58,619 - MCP Server - WARNING - Agent marked as inactive: network_agent (instance: network_agent_1765870631)
2025-12-16 15:47:58,619 - MCP Server - WARNING - Agent marked as inactive: app_agent (instance: app_agent_1765870632)
2025-12-16 15:47:58,619 - MCP Server - WARNING - Agent marked as inactive: monitor_agent (instance: monitor_agent_1765870633)
2025-12-16 15:47:58,619 - MCP Server - WARNING - Agent marked as inactive: media_agent (instance: media_agent_1765870634)
2025-12-16 15:47:59,221 - MCP Server - WARNING - Agent marked as inactive: file_agent (instance: file_agent_1765871023)
2025-12-16 15:47:59,221 - MCP Server - WARNING - Agent marked as inactive: settings_agent (instance: settings_agent_1765871024)
2025-12-16 15:47:59,221 - MCP Server - WARNING - Agent marked as inactive: network_agent (instance: network_agent_1765871025)
2025-12-16 15:47:59,221 - MCP Server - WARNING - Agent marked as inactive: app_agent (instance: app_agent_1765871026)
2025-12-16 15:47:59,221 - MCP Server - WARNING - Agent marked as inactive: monitor_agent (instance: monitor_agent_1765871027)
2025-12-16 15:47:59,221 - MCP Server - WARNING - Agent marked as inactive: media_agent (instance: media_agent_1765871028)
2025-12-16 15:48:01,623 - MCP Server - WARNING - Agent marked as inactive: file_agent (instance: file_agent_1765870629)
2025-12-16 15:48:01,623 - MCP Server - WARNING - Agent marked as inactive: settings_agent (instance: settings_agent_1765870630)
2025-12-16 15:48:01,623 - MCP Server - WARNING - Agent marked as inactive: network_agent (instance: network_agent_1765870631)
2025-12-16 15:48:01,623 - MCP Server - WARNING - Agent marked as inactive: app_agent (instance: app_agent_1765870632)
2025-12-16 15:48:01,623 - MCP Server - WARNING - Agent marked as inactive: monitor_agent (instance: monitor_agent_1765870633)
2025-12-16 15:48:01,623 - MCP Server - WARNING - Agent marked as inactive: media_agent (instance: media_agent_1765870634)
2025-12-16 15:48:02,225 - MCP Server - WARNING - Agent marked as inactive: file_agent (instance: file_agent_1765871023)
2025-12-16 15:48:02,225 - MCP Server - WARNING - Agent marked as inactive: settings_agent (instance: settings_agent_1765871024)
2025-12-16 15:48:02,225 - MCP Server - WARNING - Agent marked as inactive: network_agent (instance: network_agent_1765871025)
2025-12-16 15:48:02,225 - MCP Server - WARNING - Agent marked as inactive: app_agent (instance: app_agent_1765871026)
2025-12-16 15:48:02,225 - MCP Server - WARNING - Agent marked as inactive: monitor_agent (instance: monitor_agent_1765871027)
2025-12-16 15:48:02,225 - MCP Server - WARNING - Agent marked as inactive: media_agent (instance: media_agent_1765871028)
2025-12-16 15:48:04,627 - MCP Server - WARNING - Agent marked as inactive: file_agent (instance: file_agent_1765870629)
2025-12-16 15:48:04,627 - MCP Server - WARNING - Agent marked as inactive: settings_agent (instance: settings_agent_1765870630)
2025-12-16 15:48:04,627 - MCP Server - WARNING - Agent marked as inactive: network_agent (instance: network_agent_1765870631)
2025-12-16 15:48:04,627 - MCP Server - WARNING - Agent marked as inactive: app_agent (instance: app_agent_1765870632)
2025-12-16 15:48:04,627 - MCP Server - WARNING - Agent marked as inactive: monitor_agent (instance: monitor_agent_1765870633)
2025-12-16 15:48:04,627 - MCP Server - WARNING - Agent marked as inactive: media_agent (instance: media_agent_1765870634)
2025-12-16 15:48:05,229 - MCP Server - WARNING - Agent marked as inactive: file_agent (instance: file_agent_1765871023)
2025-12-16 15:48:05,229 - MCP Server - WARNING - Agent marked as inactive: settings_agent (instance: settings_agent_1765871024)
2025-12-16 15:48:05,229 - MCP Server - WARNING - Agent marked as inactive: network_agent (instance: network_agent_1765871025)
2025-12-16 15:48:05,229 - MCP Server - WARNING - Agent marked as inactive: app_agent (instance: app_agent_1765871026)
2025-12-16 15:48:05,229 - MCP Server - WARNING - Agent marked as inactive: monitor_agent (instance: monitor_agent_1765871027)
2025-12-16 15:48:05,229 - MCP Server - WARNING - Agent marked as inactive: media_agent (instance: media_agent_1765871028)
2025-12-16 15:48:07,270 - MCP Server - WARNING - 协作日志模块未找到，日志记录功能不可用
2025-12-16 15:48:07,271 - MCP Server - INFO - MCP Server initialized and registered on DBus
2025-12-16 15:48:07,271 - MCP Server - INFO - Tool added: echo
2025-12-16 15:48:07,272 - MCP Server - INFO - Heartbeat monitor started (3s interval)
2025-12-16 15:48:07,272 - MCP Server - INFO - ============================================================
2025-12-16 15:48:07,272 - MCP Server - INFO - MCP Server started successfully
2025-12-16 15:48:07,272 - MCP Server - INFO - ============================================================
2025-12-16 15:48:07,272 - MCP Server - INFO - Service name: com.kylin.mcp.MasterAgent
2025-12-16 15:48:07,272 - MCP Server - INFO - Object path: /com/kylin/mcp/MasterAgent
2025-12-16 15:48:07,272 - MCP Server - INFO - Interface name: com.kylin.mcp.MasterAgent
2025-12-16 15:48:07,272 - MCP Server - INFO - 
2025-12-16 15:48:07,272 - MCP Server - INFO - 等待子智能体注册...
2025-12-16 15:48:07,272 - MCP Server - INFO - ============================================================
2025-12-16 15:48:08,233 - MCP Server - WARNING - Agent marked as inactive: file_agent (instance: file_agent_1765871023)
2025-12-16 15:48:08,233 - MCP Server - WARNING - Agent marked as inactive: settings_agent (instance: settings_agent_1765871024)
2025-12-16 15:48:08,233 - MCP Server - WARNING - Agent marked as inactive: network_agent (instance: network_agent_1765871025)
2025-12-16 15:48:08,233 - MCP Server - WARNING - Agent marked as inactive: app_agent (instance: app_agent_1765871026)
2025-12-16 15:48:08,233 - MCP Server - WARNING - Agent marked as inactive: monitor_agent (instance: monitor_agent_1765871027)
2025-12-16 15:48:08,233 - MCP Server - WARNING - Agent marked as inactive: media_agent (instance: media_agent_1765871028)
2025-12-16 15:48:10,304 - MCP Server - INFO - Child agent registered: file_agent (instance: file_agent_1765871290)
2025-12-16 15:48:10,305 - MCP Server - INFO -   Tools: ['file_agent.search_file', 'file_agent.move_to_trash', 'file_agent.batch_rename']
2025-12-16 15:48:11,237 - MCP Server - WARNING - Agent marked as inactive: file_agent (instance: file_agent_1765871023)
2025-12-16 15:48:11,237 - MCP Server - WARNING - Agent marked as inactive: settings_agent (instance: settings_agent_1765871024)
2025-12-16 15:48:11,237 - MCP Server - WARNING - Agent marked as inactive: network_agent (instance: network_agent_1765871025)
2025-12-16 15:48:11,237 - MCP Server - WARNING - Agent marked as inactive: app_agent (instance: app_agent_1765871026)
2025-12-16 15:48:11,237 - MCP Server - WARNING - Agent marked as inactive: monitor_agent (instance: monitor_agent_1765871027)
2025-12-16 15:48:11,237 - MCP Server - WARNING - Agent marked as inactive: media_agent (instance: media_agent_1765871028)
2025-12-16 15:48:11,304 - MCP Server - INFO - Child agent registered: settings_agent (instance: settings_agent_1765871291)
2025-12-16 15:48:11,304 - MCP Server - INFO -   Tools: ['settings_agent.change_wallpaper', 'settings_agent.adjust_volume', 'settings_agent.bluetooth_manage']
2025-12-16 15:48:12,309 - MCP Server - INFO - Child agent registered: network_agent (instance: network_agent_1765871292)
2025-12-16 15:48:12,309 - MCP Server - INFO -   Tools: ['network_agent.list_wifi', 'network_agent.connect_wifi', 'network_agent.disconnect_wifi', 'network_agent.get_wifi_status', 'network_agent.set_proxy', 'network_agent.clear_proxy', 'network_agent.get_proxy_status', 'network_agent.speed_test', 'network_agent.get_network_status']
2025-12-16 15:48:13,320 - MCP Server - INFO - Child agent registered: app_agent (instance: app_agent_1765871293)
2025-12-16 15:48:13,320 - MCP Server - INFO -   Tools: ['app_agent.find_app', 'app_agent.launch_app', 'app_agent.close_app', 'app_agent.list_running_apps', 'app_agent.is_app_running', 'app_agent.app_quick_operation']
2025-12-16 15:48:14,241 - MCP Server - WARNING - Agent marked as inactive: file_agent (instance: file_agent_1765871023)
2025-12-16 15:48:14,241 - MCP Server - WARNING - Agent marked as inactive: settings_agent (instance: settings_agent_1765871024)
2025-12-16 15:48:14,241 - MCP Server - WARNING - Agent marked as inactive: network_agent (instance: network_agent_1765871025)
2025-12-16 15:48:14,241 - MCP Server - WARNING - Agent marked as inactive: app_agent (instance: app_agent_1765871026)
2025-12-16 15:48:14,241 - MCP Server - WARNING - Agent marked as inactive: monitor_agent (instance: monitor_agent_1765871027)
2025-12-16 15:48:14,241 - MCP Server - WARNING - Agent marked as inactive: media_agent (instance: media_agent_1765871028)
2025-12-16 15:48:14,324 - MCP Server - INFO - Child agent registered: monitor_agent (instance: monitor_agent_1765871294)
2025-12-16 15:48:14,324 - MCP Server - INFO -   Tools: ['monitor_agent.get_system_status', 'monitor_agent.clean_background_process', 'monitor_agent.monitor_agent_status']
2025-12-16 15:48:15,321 - MCP Server - INFO - Child agent registered: media_agent (instance: media_agent_1765871295)
2025-12-16 15:48:15,321 - MCP Server - INFO -   Tools: ['media_agent.play_media', 'media_agent.media_control', 'media_agent.capture_media_frame']
2025-12-16 15:48:17,244 - MCP Server - WARNING - Agent marked as inactive: file_agent (instance: file_agent_1765871023)
2025-12-16 15:48:17,245 - MCP Server - WARNING - Agent marked as inactive: settings_agent (instance: settings_agent_1765871024)
2025-12-16 15:48:17,245 - MCP Server - WARNING - Agent marked as inactive: network_agent (instance: network_agent_1765871025)
2025-12-16 15:48:17,245 - MCP Server - WARNING - Agent marked as inactive: app_agent (instance: app_agent_1765871026)
2025-12-16 15:48:17,245 - MCP Server - WARNING - Agent marked as inactive: monitor_agent (instance: monitor_agent_1765871027)
2025-12-16 15:48:17,245 - MCP Server - WARNING - Agent marked as inactive: media_agent (instance: media_agent_1765871028)
2025-12-16 15:48:20,248 - MCP Server - WARNING - Agent marked as inactive: file_agent (instance: file_agent_1765871023)
2025-12-16 15:48:20,249 - MCP Server - WARNING - Agent marked as inactive: settings_agent (instance: settings_agent_1765871024)
2025-12-16 15:48:20,249 - MCP Server - WARNING - Agent marked as inactive: network_agent (instance: network_agent_1765871025)
2025-12-16 15:48:20,249 - MCP Server - WARNING - Agent marked as inactive: app_agent (instance: app_agent_1765871026)
2025-12-16 15:48:20,249 - MCP Server - WARNING - Agent marked as inactive: monitor_agent (instance: monitor_agent_1765871027)
2025-12-16 15:48:20,249 - MCP Server - WARNING - Agent marked as inactive: media_agent (instance: media_agent_1765871028)
2025-12-16 15:48:23,252 - MCP Server - WARNING - Agent marked as inactive: file_agent (instance: file_agent_1765871023)
2025-12-16 15:48:23,252 - MCP Server - WARNING - Agent marked as inactive: settings_agent (instance: settings_agent_1765871024)
2025-12-16 15:48:23,253 - MCP Server - WARNING - Agent marked as inactive: network_agent (instance: network_agent_1765871025)
2025-12-16 15:48:23,253 - MCP Server - WARNING - Agent marked as inactive: app_agent (instance: app_agent_1765871026)
2025-12-16 15:48:23,253 - MCP Server - WARNING - Agent marked as inactive: monitor_agent (instance: monitor_agent_1765871027)
2025-12-16 15:48:23,253 - MCP Server - WARNING - Agent marked as inactive: media_agent (instance: media_agent_1765871028)
2025-12-16 15:48:26,256 - MCP Server - WARNING - Agent marked as inactive: file_agent (instance: file_agent_1765871023)
2025-12-16 15:48:26,256 - MCP Server - WARNING - Agent marked as inactive: settings_agent (instance: settings_agent_1765871024)
2025-12-16 15:48:26,256 - MCP Server - WARNING - Agent marked as inactive: network_agent (instance: network_agent_1765871025)
2025-12-16 15:48:26,257 - MCP Server - WARNING - Agent marked as inactive: app_agent (instance: app_agent_1765871026)
2025-12-16 15:48:26,257 - MCP Server - WARNING - Agent marked as inactive: monitor_agent (instance: monitor_agent_1765871027)
2025-12-16 15:48:26,257 - MCP Server - WARNING - Agent marked as inactive: media_agent (instance: media_agent_1765871028)
2025-12-16 15:48:29,260 - MCP Server - WARNING - Agent marked as inactive: file_agent (instance: file_agent_1765871023)
2025-12-16 15:48:29,260 - MCP Server - WARNING - Agent marked as inactive: settings_agent (instance: settings_agent_1765871024)
2025-12-16 15:48:29,260 - MCP Server - WARNING - Agent marked as inactive: network_agent (instance: network_agent_1765871025)
2025-12-16 15:48:29,260 - MCP Server - WARNING - Agent marked as inactive: app_agent (instance: app_agent_1765871026)
2025-12-16 15:48:29,260 - MCP Server - WARNING - Agent marked as inactive: monitor_agent (instance: monitor_agent_1765871027)
2025-12-16 15:48:29,261 - MCP Server - WARNING - Agent marked as inactive: media_agent (instance: media_agent_1765871028)
2025-12-16 15:48:32,264 - MCP Server - WARNING - Agent marked as inactive: file_agent (instance: file_agent_1765871023)
2025-12-16 15:48:32,264 - MCP Server - WARNING - Agent marked as inactive: settings_agent (instance: settings_agent_1765871024)
2025-12-16 15:48:32,264 - MCP Server - WARNING - Agent marked as inactive: network_agent (instance: network_agent_1765871025)
2025-12-16 15:48:32,264 - MCP Server - WARNING - Agent marked as inactive: app_agent (instance: app_agent_1765871026)
2025-12-16 15:48:32,264 - MCP Server - WARNING - Agent marked as inactive: monitor_agent (instance: monitor_agent_1765871027)
2025-12-16 15:48:32,264 - MCP Server - WARNING - Agent marked as inactive: media_agent (instance: media_agent_1765871028)
2025-12-16 15:48:35,268 - MCP Server - WARNING - Agent marked as inactive: file_agent (instance: file_agent_1765871023)
2025-12-16 15:48:35,268 - MCP Server - WARNING - Agent marked as inactive: settings_agent (instance: settings_agent_1765871024)
2025-12-16 15:48:35,268 - MCP Server - WARNING - Agent marked as inactive: network_agent (instance: network_agent_1765871025)
2025-12-16 15:48:35,268 - MCP Server - WARNING - Agent marked as inactive: app_agent (instance: app_agent_1765871026)
2025-12-16 15:48:35,268 - MCP Server - WARNING - Agent marked as inactive: monitor_agent (instance: monitor_agent_1765871027)
2025-12-16 15:48:35,268 - MCP Server - WARNING - Agent marked as inactive: media_agent (instance: media_agent_1765871028)
2025-12-16 15:48:38,272 - MCP Server - WARNING - Agent marked as inactive: file_agent (instance: file_agent_1765871023)
2025-12-16 15:48:38,272 - MCP Server - WARNING - Agent marked as inactive: settings_agent (instance: settings_agent_1765871024)
2025-12-16 15:48:38,272 - MCP Server - WARNING - Agent marked as inactive: network_agent (instance: network_agent_1765871025)
2025-12-16 15:48:38,272 - MCP Server - WARNING - Agent marked as inactive: app_agent (instance: app_agent_1765871026)
2025-12-16 15:48:38,272 - MCP Server - WARNING - Agent marked as inactive: monitor_agent (instance: monitor_agent_1765871027)
2025-12-16 15:48:38,272 - MCP Server - WARNING - Agent marked as inactive: media_agent (instance: media_agent_1765871028)
2025-12-16 15:48:41,275 - MCP Server - WARNING - Agent marked as inactive: file_agent (instance: file_agent_1765871023)
2025-12-16 15:48:41,276 - MCP Server - WARNING - Agent marked as inactive: settings_agent (instance: settings_agent_1765871024)
2025-12-16 15:48:41,276 - MCP Server - WARNING - Agent marked as inactive: network_agent (instance: network_agent_1765871025)
2025-12-16 15:48:41,276 - MCP Server - WARNING - Agent marked as inactive: app_agent (instance: app_agent_1765871026)
2025-12-16 15:48:41,276 - MCP Server - WARNING - Agent marked as inactive: monitor_agent (instance: monitor_agent_1765871027)
2025-12-16 15:48:41,276 - MCP Server - WARNING - Agent marked as inactive: media_agent (instance: media_agent_1765871028)
2025-12-16 15:48:44,279 - MCP Server - WARNING - Agent marked as inactive: file_agent (instance: file_agent_1765871023)
2025-12-16 15:48:44,279 - MCP Server - WARNING - Agent marked as inactive: settings_agent (instance: settings_agent_1765871024)
2025-12-16 15:48:44,280 - MCP Server - WARNING - Agent marked as inactive: network_agent (instance: network_agent_1765871025)
2025-12-16 15:48:44,280 - MCP Server - WARNING - Agent marked as inactive: app_agent (instance: app_agent_1765871026)
2025-12-16 15:48:44,280 - MCP Server - WARNING - Agent marked as inactive: monitor_agent (instance: monitor_agent_1765871027)
2025-12-16 15:48:44,280 - MCP Server - WARNING - Agent marked as inactive: media_agent (instance: media_agent_1765871028)
2025-12-16 15:48:47,283 - MCP Server - WARNING - Agent marked as inactive: file_agent (instance: file_agent_1765871023)
2025-12-16 15:48:47,283 - MCP Server - WARNING - Agent marked as inactive: settings_agent (instance: settings_agent_1765871024)
2025-12-16 15:48:47,284 - MCP Server - WARNING - Agent marked as inactive: network_agent (instance: network_agent_1765871025)
2025-12-16 15:48:47,284 - MCP Server - WARNING - Agent marked as inactive: app_agent (instance: app_agent_1765871026)
2025-12-16 15:48:47,284 - MCP Server - WARNING - Agent marked as inactive: monitor_agent (instance: monitor_agent_1765871027)
2025-12-16 15:48:47,284 - MCP Server - WARNING - Agent marked as inactive: media_agent (instance: media_agent_1765871028)
2025-12-16 15:48:50,287 - MCP Server - WARNING - Agent marked as inactive: file_agent (instance: file_agent_1765871023)
2025-12-16 15:48:50,287 - MCP Server - WARNING - Agent marked as inactive: settings_agent (instance: settings_agent_1765871024)
2025-12-16 15:48:50,287 - MCP Server - WARNING - Agent marked as inactive: network_agent (instance: network_agent_1765871025)
2025-12-16 15:48:50,287 - MCP Server - WARNING - Agent marked as inactive: app_agent (instance: app_agent_1765871026)
2025-12-16 15:48:50,287 - MCP Server - WARNING - Agent marked as inactive: monitor_agent (instance: monitor_agent_1765871027)
2025-12-16 15:48:50,288 - MCP Server - WARNING - Agent marked as inactive: media_agent (instance: media_agent_1765871028)
2025-12-16 15:48:53,291 - MCP Server - WARNING - Agent marked as inactive: file_agent (instance: file_agent_1765871023)
2025-12-16 15:48:53,291 - MCP Server - WARNING - Agent marked as inactive: settings_agent (instance: settings_agent_1765871024)
2025-12-16 15:48:53,291 - MCP Server - WARNING - Agent marked as inactive: network_agent (instance: network_agent_1765871025)
2025-12-16 15:48:53,291 - MCP Server - WARNING - Agent marked as inactive: app_agent (instance: app_agent_1765871026)
2025-12-16 15:48:53,291 - MCP Server - WARNING - Agent marked as inactive: monitor_agent (instance: monitor_agent_1765871027)
2025-12-16 15:48:53,291 - MCP Server - WARNING - Agent marked as inactive: media_agent (instance: media_agent_1765871028)
2025-12-16 15:48:56,294 - MCP Server - WARNING - Agent marked as inactive: file_agent (instance: file_agent_1765871023)
2025-12-16 15:48:56,294 - MCP Server - WARNING - Agent marked as inactive: settings_agent (instance: settings_agent_1765871024)
2025-12-16 15:48:56,294 - MCP Server - WARNING - Agent marked as inactive: network_agent (instance: network_agent_1765871025)
2025-12-16 15:48:56,295 - MCP Server - WARNING - Agent marked as inactive: app_agent (instance: app_agent_1765871026)
2025-12-16 15:48:56,295 - MCP Server - WARNING - Agent marked as inactive: monitor_agent (instance: monitor_agent_1765871027)
2025-12-16 15:48:56,295 - MCP Server - WARNING - Agent marked as inactive: media_agent (instance: media_agent_1765871028)
2025-12-16 15:48:59,298 - MCP Server - WARNING - Agent marked as inactive: file_agent (instance: file_agent_1765871023)
2025-12-16 15:48:59,298 - MCP Server - WARNING - Agent marked as inactive: settings_agent (instance: settings_agent_1765871024)
2025-12-16 15:48:59,298 - MCP Server - WARNING - Agent marked as inactive: network_agent (instance: network_agent_1765871025)
2025-12-16 15:48:59,298 - MCP Server - WARNING - Agent marked as inactive: app_agent (instance: app_agent_1765871026)
2025-12-16 15:48:59,298 - MCP Server - WARNING - Agent marked as inactive: monitor_agent (instance: monitor_agent_1765871027)
2025-12-16 15:48:59,298 - MCP Server - WARNING - Agent marked as inactive: media_agent (instance: media_agent_1765871028)
2025-12-16 15:49:02,302 - MCP Server - WARNING - Agent marked as inactive: file_agent (instance: file_agent_1765871023)
2025-12-16 15:49:02,302 - MCP Server - WARNING - Agent marked as inactive: settings_agent (instance: settings_agent_1765871024)
2025-12-16 15:49:02,302 - MCP Server - WARNING - Agent marked as inactive: network_agent (instance: network_agent_1765871025)
2025-12-16 15:49:02,302 - MCP Server - WARNING - Agent marked as inactive: app_agent (instance: app_agent_1765871026)
2025-12-16 15:49:02,302 - MCP Server - WARNING - Agent marked as inactive: monitor_agent (instance: monitor_agent_1765871027)
2025-12-16 15:49:02,302 - MCP Server - WARNING - Agent marked as inactive: media_agent (instance: media_agent_1765871028)
2025-12-16 15:49:05,305 - MCP Server - WARNING - Agent marked as inactive: file_agent (instance: file_agent_1765871023)
2025-12-16 15:49:05,306 - MCP Server - WARNING - Agent marked as inactive: settings_agent (instance: settings_agent_1765871024)
2025-12-16 15:49:05,306 - MCP Server - WARNING - Agent marked as inactive: network_agent (instance: network_agent_1765871025)
2025-12-16 15:49:05,306 - MCP Server - WARNING - Agent marked as inactive: app_agent (instance: app_agent_1765871026)
2025-12-16 15:49:05,306 - MCP Server - WARNING - Agent marked as inactive: monitor_agent (instance: monitor_agent_1765871027)
2025-12-16 15:49:05,306 - MCP Server - WARNING - Agent marked as inactive: media_agent (instance: media_agent_1765871028)
2025-12-16 15:49:08,309 - MCP Server - WARNING - Agent marked as inactive: file_agent (instance: file_agent_1765871023)
2025-12-16 15:49:08,309 - MCP Server - WARNING - Agent marked as inactive: settings_agent (instance: settings_agent_1765871024)
2025-12-16 15:49:08,309 - MCP Server - WARNING - Agent marked as inactive: network_agent (instance: network_agent_1765871025)
2025-12-16 15:49:08,309 - MCP Server - WARNING - Agent marked as inactive: app_agent (instance: app_agent_1765871026)
2025-12-16 15:49:08,309 - MCP Server - WARNING - Agent marked as inactive: monitor_agent (instance: monitor_agent_1765871027)
2025-12-16 15:49:08,309 - MCP Server - WARNING - Agent marked as inactive: media_agent (instance: media_agent_1765871028)
2025-12-16 15:49:10,332 - MCP Server - INFO - 📡 广播状态: file_agent (file_agent_1765871290) -> offline
2025-12-16 15:49:10,333 - MCP Server - WARNING - Agent marked as inactive: file_agent (instance: file_agent_1765871290)
2025-12-16 15:49:11,312 - MCP Server - WARNING - Agent marked as inactive: file_agent (instance: file_agent_1765871023)
2025-12-16 15:49:11,312 - MCP Server - WARNING - Agent marked as inactive: settings_agent (instance: settings_agent_1765871024)
2025-12-16 15:49:11,312 - MCP Server - WARNING - Agent marked as inactive: network_agent (instance: network_agent_1765871025)
2025-12-16 15:49:11,312 - MCP Server - WARNING - Agent marked as inactive: app_agent (instance: app_agent_1765871026)
2025-12-16 15:49:11,313 - MCP Server - WARNING - Agent marked as inactive: monitor_agent (instance: monitor_agent_1765871027)
2025-12-16 15:49:11,313 - MCP Server - WARNING - Agent marked as inactive: media_agent (instance: media_agent_1765871028)
2025-12-16 15:49:13,336 - MCP Server - WARNING - Agent marked as inactive: file_agent (instance: file_agent_1765871290)
2025-12-16 15:49:13,337 - MCP Server - INFO - 📡 广播状态: settings_agent (settings_agent_1765871291) -> offline
2025-12-16 15:49:13,337 - MCP Server - WARNING - Agent marked as inactive: settings_agent (instance: settings_agent_1765871291)
2025-12-16 15:49:13,337 - MCP Server - INFO - 📡 广播状态: network_agent (network_agent_1765871292) -> offline
2025-12-16 15:49:13,337 - MCP Server - WARNING - Agent marked as inactive: network_agent (instance: network_agent_1765871292)
2025-12-16 15:49:13,337 - MCP Server - INFO - 📡 广播状态: app_agent (app_agent_1765871293) -> offline
2025-12-16 15:49:13,337 - MCP Server - WARNING - Agent marked as inactive: app_agent (instance: app_agent_1765871293)
2025-12-16 15:49:14,316 - MCP Server - WARNING - Agent marked as inactive: file_agent (instance: file_agent_1765871023)
2025-12-16 15:49:14,316 - MCP Server - WARNING - Agent marked as inactive: settings_agent (instance: settings_agent_1765871024)
2025-12-16 15:49:14,316 - MCP Server - WARNING - Agent marked as inactive: network_agent (instance: network_agent_1765871025)
2025-12-16 15:49:14,316 - MCP Server - WARNING - Agent marked as inactive: app_agent (instance: app_agent_1765871026)
2025-12-16 15:49:14,317 - MCP Server - WARNING - Agent marked as inactive: monitor_agent (instance: monitor_agent_1765871027)
2025-12-16 15:49:14,317 - MCP Server - WARNING - Agent marked as inactive: media_agent (instance: media_agent_1765871028)
2025-12-16 15:49:16,340 - MCP Server - WARNING - Agent marked as inactive: file_agent (instance: file_agent_1765871290)
2025-12-16 15:49:16,341 - MCP Server - WARNING - Agent marked as inactive: settings_agent (instance: settings_agent_1765871291)
2025-12-16 15:49:16,341 - MCP Server - WARNING - Agent marked as inactive: network_agent (instance: network_agent_1765871292)
2025-12-16 15:49:16,341 - MCP Server - WARNING - Agent marked as inactive: app_agent (instance: app_agent_1765871293)
2025-12-16 15:49:16,341 - MCP Server - INFO - 📡 广播状态: monitor_agent (monitor_agent_1765871294) -> offline
2025-12-16 15:49:16,341 - MCP Server - WARNING - Agent marked as inactive: monitor_agent (instance: monitor_agent_1765871294)
2025-12-16 15:49:16,341 - MCP Server - INFO - 📡 广播状态: media_agent (media_agent_1765871295) -> offline
2025-12-16 15:49:16,341 - MCP Server - WARNING - Agent marked as inactive: media_agent (instance: media_agent_1765871295)
2025-12-16 15:49:17,320 - MCP Server - WARNING - Agent marked as inactive: file_agent (instance: file_agent_1765871023)
2025-12-16 15:49:17,320 - MCP Server - WARNING - Agent marked as inactive: settings_agent (instance: settings_agent_1765871024)
2025-12-16 15:49:17,320 - MCP Server - WARNING - Agent marked as inactive: network_agent (instance: network_agent_1765871025)
2025-12-16 15:49:17,320 - MCP Server - WARNING - Agent marked as inactive: app_agent (instance: app_agent_1765871026)
2025-12-16 15:49:17,320 - MCP Server - WARNING - Agent marked as inactive: monitor_agent (instance: monitor_agent_1765871027)
2025-12-16 15:49:17,320 - MCP Server - WARNING - Agent marked as inactive: media_agent (instance: media_agent_1765871028)
2025-12-16 15:49:19,345 - MCP Server - WARNING - Agent marked as inactive: file_agent (instance: file_agent_1765871290)
2025-12-16 15:49:19,345 - MCP Server - WARNING - Agent marked as inactive: settings_agent (instance: settings_agent_1765871291)
2025-12-16 15:49:19,345 - MCP Server - WARNING - Agent marked as inactive: network_agent (instance: network_agent_1765871292)
2025-12-16 15:49:19,345 - MCP Server - WARNING - Agent marked as inactive: app_agent (instance: app_agent_1765871293)
2025-12-16 15:49:19,345 - MCP Server - WARNING - Agent marked as inactive: monitor_agent (instance: monitor_agent_1765871294)
2025-12-16 15:49:19,345 - MCP Server - WARNING - Agent marked as inactive: media_agent (instance: media_agent_1765871295)
2025-12-16 15:49:20,324 - MCP Server - WARNING - Agent marked as inactive: file_agent (instance: file_agent_1765871023)
2025-12-16 15:49:20,324 - MCP Server - WARNING - Agent marked as inactive: settings_agent (instance: settings_agent_1765871024)
2025-12-16 15:49:20,324 - MCP Server - WARNING - Agent marked as inactive: network_agent (instance: network_agent_1765871025)
2025-12-16 15:49:20,324 - MCP Server - WARNING - Agent marked as inactive: app_agent (instance: app_agent_1765871026)
2025-12-16 15:49:20,324 - MCP Server - WARNING - Agent marked as inactive: monitor_agent (instance: monitor_agent_1765871027)
2025-12-16 15:49:20,324 - MCP Server - WARNING - Agent marked as inactive: media_agent (instance: media_agent_1765871028)
2025-12-16 15:49:22,348 - MCP Server - WARNING - Agent marked as inactive: file_agent (instance: file_agent_1765871290)
2025-12-16 15:49:22,349 - MCP Server - WARNING - Agent marked as inactive: settings_agent (instance: settings_agent_1765871291)
2025-12-16 15:49:22,349 - MCP Server - WARNING - Agent marked as inactive: network_agent (instance: network_agent_1765871292)
2025-12-16 15:49:22,349 - MCP Server - WARNING - Agent marked as inactive: app_agent (instance: app_agent_1765871293)
2025-12-16 15:49:22,349 - MCP Server - WARNING - Agent marked as inactive: monitor_agent (instance: monitor_agent_1765871294)
2025-12-16 15:49:22,349 - MCP Server - WARNING - Agent marked as inactive: media_agent (instance: media_agent_1765871295)
2025-12-16 15:49:23,328 - MCP Server - WARNING - Agent marked as inactive: file_agent (instance: file_agent_1765871023)
2025-12-16 15:49:23,328 - MCP Server - WARNING - Agent marked as inactive: settings_agent (instance: settings_agent_1765871024)
2025-12-16 15:49:23,328 - MCP Server - WARNING - Agent marked as inactive: network_agent (instance: network_agent_1765871025)
2025-12-16 15:49:23,328 - MCP Server - WARNING - Agent marked as inactive: app_agent (instance: app_agent_1765871026)
2025-12-16 15:49:23,328 - MCP Server - WARNING - Agent marked as inactive: monitor_agent (instance: monitor_agent_1765871027)
2025-12-16 15:49:23,328 - MCP Server - WARNING - Agent marked as inactive: media_agent (instance: media_agent_1765871028)
2025-12-16 15:49:25,352 - MCP Server - WARNING - Agent marked as inactive: file_agent (instance: file_agent_1765871290)
2025-12-16 15:49:25,353 - MCP Server - WARNING - Agent marked as inactive: settings_agent (instance: settings_agent_1765871291)
2025-12-16 15:49:25,353 - MCP Server - WARNING - Agent marked as inactive: network_agent (instance: network_agent_1765871292)
2025-12-16 15:49:25,353 - MCP Server - WARNING - Agent marked as inactive: app_agent (instance: app_agent_1765871293)
2025-12-16 15:49:25,353 - MCP Server - WARNING - Agent marked as inactive: monitor_agent (instance: monitor_agent_1765871294)
2025-12-16 15:49:25,353 - MCP Server - WARNING - Agent marked as inactive: media_agent (instance: media_agent_1765871295)
2025-12-16 15:49:26,331 - MCP Server - WARNING - Agent marked as inactive: file_agent (instance: file_agent_1765871023)
2025-12-16 15:49:26,332 - MCP Server - WARNING - Agent marked as inactive: settings_agent (instance: settings_agent_1765871024)
2025-12-16 15:49:26,332 - MCP Server - WARNING - Agent marked as inactive: network_agent (instance: network_agent_1765871025)
2025-12-16 15:49:26,332 - MCP Server - WARNING - Agent marked as inactive: app_agent (instance: app_agent_1765871026)
2025-12-16 15:49:26,332 - MCP Server - WARNING - Agent marked as inactive: monitor_agent (instance: monitor_agent_1765871027)
2025-12-16 15:49:26,332 - MCP Server - WARNING - Agent marked as inactive: media_agent (instance: media_agent_1765871028)
2025-12-16 15:49:28,355 - MCP Server - WARNING - Agent marked as inactive: file_agent (instance: file_agent_1765871290)
2025-12-16 15:49:28,355 - MCP Server - WARNING - Agent marked as inactive: settings_agent (instance: settings_agent_1765871291)
2025-12-16 15:49:28,355 - MCP Server - WARNING - Agent marked as inactive: network_agent (instance: network_agent_1765871292)
2025-12-16 15:49:28,356 - MCP Server - WARNING - Agent marked as inactive: app_agent (instance: app_agent_1765871293)
2025-12-16 15:49:28,356 - MCP Server - WARNING - Agent marked as inactive: monitor_agent (instance: monitor_agent_1765871294)
2025-12-16 15:49:28,356 - MCP Server - WARNING - Agent marked as inactive: media_agent (instance: media_agent_1765871295)
2025-12-16 15:49:29,335 - MCP Server - WARNING - Agent marked as inactive: file_agent (instance: file_agent_1765871023)
2025-12-16 15:49:29,335 - MCP Server - WARNING - Agent marked as inactive: settings_agent (instance: settings_agent_1765871024)
2025-12-16 15:49:29,335 - MCP Server - WARNING - Agent marked as inactive: network_agent (instance: network_agent_1765871025)
2025-12-16 15:49:29,335 - MCP Server - WARNING - Agent marked as inactive: app_agent (instance: app_agent_1765871026)
2025-12-16 15:49:29,336 - MCP Server - WARNING - Agent marked as inactive: monitor_agent (instance: monitor_agent_1765871027)
2025-12-16 15:49:29,336 - MCP Server - WARNING - Agent marked as inactive: media_agent (instance: media_agent_1765871028)
2025-12-16 15:49:31,359 - MCP Server - WARNING - Agent marked as inactive: file_agent (instance: file_agent_1765871290)
2025-12-16 15:49:31,359 - MCP Server - WARNING - Agent marked as inactive: settings_agent (instance: settings_agent_1765871291)
2025-12-16 15:49:31,359 - MCP Server - WARNING - Agent marked as inactive: network_agent (instance: network_agent_1765871292)
2025-12-16 15:49:31,359 - MCP Server - WARNING - Agent marked as inactive: app_agent (instance: app_agent_1765871293)
2025-12-16 15:49:31,359 - MCP Server - WARNING - Agent marked as inactive: monitor_agent (instance: monitor_agent_1765871294)
2025-12-16 15:49:31,359 - MCP Server - WARNING - Agent marked as inactive: media_agent (instance: media_agent_1765871295)
2025-12-16 15:49:32,339 - MCP Server - WARNING - Agent marked as inactive: file_agent (instance: file_agent_1765871023)
2025-12-16 15:49:32,339 - MCP Server - WARNING - Agent marked as inactive: settings_agent (instance: settings_agent_1765871024)
2025-12-16 15:49:32,339 - MCP Server - WARNING - Agent marked as inactive: network_agent (instance: network_agent_1765871025)
2025-12-16 15:49:32,339 - MCP Server - WARNING - Agent marked as inactive: app_agent (instance: app_agent_1765871026)
2025-12-16 15:49:32,339 - MCP Server - WARNING - Agent marked as inactive: monitor_agent (instance: monitor_agent_1765871027)
2025-12-16 15:49:32,339 - MCP Server - WARNING - Agent marked as inactive: media_agent (instance: media_agent_1765871028)
2025-12-16 15:49:34,362 - MCP Server - WARNING - Agent marked as inactive: file_agent (instance: file_agent_1765871290)
2025-12-16 15:49:34,363 - MCP Server - WARNING - Agent marked as inactive: settings_agent (instance: settings_agent_1765871291)
2025-12-16 15:49:34,363 - MCP Server - WARNING - Agent marked as inactive: network_agent (instance: network_agent_1765871292)
2025-12-16 15:49:34,363 - MCP Server - WARNING - Agent marked as inactive: app_agent (instance: app_agent_1765871293)
2025-12-16 15:49:34,363 - MCP Server - WARNING - Agent marked as inactive: monitor_agent (instance: monitor_agent_1765871294)
2025-12-16 15:49:34,363 - MCP Server - WARNING - Agent marked as inactive: media_agent (instance: media_agent_1765871295)
2025-12-16 15:49:35,342 - MCP Server - WARNING - Agent marked as inactive: file_agent (instance: file_agent_1765871023)
2025-12-16 15:49:35,342 - MCP Server - WARNING - Agent marked as inactive: settings_agent (instance: settings_agent_1765871024)
2025-12-16 15:49:35,342 - MCP Server - WARNING - Agent marked as inactive: network_agent (instance: network_agent_1765871025)
2025-12-16 15:49:35,342 - MCP Server - WARNING - Agent marked as inactive: app_agent (instance: app_agent_1765871026)
2025-12-16 15:49:35,343 - MCP Server - WARNING - Agent marked as inactive: monitor_agent (instance: monitor_agent_1765871027)
2025-12-16 15:49:35,343 - MCP Server - WARNING - Agent marked as inactive: media_agent (instance: media_agent_1765871028)
2025-12-16 15:49:37,366 - MCP Server - WARNING - Agent marked as inactive: file_agent (instance: file_agent_1765871290)
2025-12-16 15:49:37,366 - MCP Server - WARNING - Agent marked as inactive: settings_agent (instance: settings_agent_1765871291)
2025-12-16 15:49:37,366 - MCP Server - WARNING - Agent marked as inactive: network_agent (instance: network_agent_1765871292)
2025-12-16 15:49:37,366 - MCP Server - WARNING - Agent marked as inactive: app_agent (instance: app_agent_1765871293)
2025-12-16 15:49:37,366 - MCP Server - WARNING - Agent marked as inactive: monitor_agent (instance: monitor_agent_1765871294)
2025-12-16 15:49:37,366 - MCP Server - WARNING - Agent marked as inactive: media_agent (instance: media_agent_1765871295)
2025-12-16 15:49:38,346 - MCP Server - WARNING - Agent marked as inactive: file_agent (instance: file_agent_1765871023)
2025-12-16 15:49:38,346 - MCP Server - WARNING - Agent marked as inactive: settings_agent (instance: settings_agent_1765871024)
2025-12-16 15:49:38,346 - MCP Server - WARNING - Agent marked as inactive: network_agent (instance: network_agent_1765871025)
2025-12-16 15:49:38,346 - MCP Server - WARNING - Agent marked as inactive: app_agent (instance: app_agent_1765871026)
2025-12-16 15:49:38,346 - MCP Server - WARNING - Agent marked as inactive: monitor_agent (instance: monitor_agent_1765871027)
2025-12-16 15:49:38,346 - MCP Server - WARNING - Agent marked as inactive: media_agent (instance: media_agent_1765871028)
2025-12-16 15:49:40,369 - MCP Server - WARNING - Agent marked as inactive: file_agent (instance: file_agent_1765871290)
2025-12-16 15:49:40,370 - MCP Server - WARNING - Agent marked as inactive: settings_agent (instance: settings_agent_1765871291)
2025-12-16 15:49:40,370 - MCP Server - WARNING - Agent marked as inactive: network_agent (instance: network_agent_1765871292)
2025-12-16 15:49:40,370 - MCP Server - WARNING - Agent marked as inactive: app_agent (instance: app_agent_1765871293)
2025-12-16 15:49:40,370 - MCP Server - WARNING - Agent marked as inactive: monitor_agent (instance: monitor_agent_1765871294)
2025-12-16 15:49:40,370 - MCP Server - WARNING - Agent marked as inactive: media_agent (instance: media_agent_1765871295)
2025-12-16 15:49:41,349 - MCP Server - WARNING - Agent marked as inactive: file_agent (instance: file_agent_1765871023)
2025-12-16 15:49:41,349 - MCP Server - WARNING - Agent marked as inactive: settings_agent (instance: settings_agent_1765871024)
2025-12-16 15:49:41,349 - MCP Server - WARNING - Agent marked as inactive: network_agent (instance: network_agent_1765871025)
2025-12-16 15:49:41,349 - MCP Server - WARNING - Agent marked as inactive: app_agent (instance: app_agent_1765871026)
2025-12-16 15:49:41,349 - MCP Server - WARNING - Agent marked as inactive: monitor_agent (instance: monitor_agent_1765871027)
2025-12-16 15:49:41,349 - MCP Server - WARNING - Agent marked as inactive: media_agent (instance: media_agent_1765871028)
2025-12-16 15:49:43,373 - MCP Server - WARNING - Agent marked as inactive: file_agent (instance: file_agent_1765871290)
2025-12-16 15:49:43,373 - MCP Server - WARNING - Agent marked as inactive: settings_agent (instance: settings_agent_1765871291)
2025-12-16 15:49:43,373 - MCP Server - WARNING - Agent marked as inactive: network_agent (instance: network_agent_1765871292)
2025-12-16 15:49:43,374 - MCP Server - WARNING - Agent marked as inactive: app_agent (instance: app_agent_1765871293)
2025-12-16 15:49:43,374 - MCP Server - WARNING - Agent marked as inactive: monitor_agent (instance: monitor_agent_1765871294)
2025-12-16 15:49:43,374 - MCP Server - WARNING - Agent marked as inactive: media_agent (instance: media_agent_1765871295)
2025-12-16 15:49:44,353 - MCP Server - WARNING - Agent marked as inactive: file_agent (instance: file_agent_1765871023)
2025-12-16 15:49:44,353 - MCP Server - WARNING - Agent marked as inactive: settings_agent (instance: settings_agent_1765871024)
2025-12-16 15:49:44,353 - MCP Server - WARNING - Agent marked as inactive: network_agent (instance: network_agent_1765871025)
2025-12-16 15:49:44,353 - MCP Server - WARNING - Agent marked as inactive: app_agent (instance: app_agent_1765871026)
2025-12-16 15:49:44,353 - MCP Server - WARNING - Agent marked as inactive: monitor_agent (instance: monitor_agent_1765871027)
2025-12-16 15:49:44,353 - MCP Server - WARNING - Agent marked as inactive: media_agent (instance: media_agent_1765871028)
2025-12-16 15:49:46,377 - MCP Server - WARNING - Agent marked as inactive: file_agent (instance: file_agent_1765871290)
2025-12-16 15:49:46,377 - MCP Server - WARNING - Agent marked as inactive: settings_agent (instance: settings_agent_1765871291)
2025-12-16 15:49:46,377 - MCP Server - WARNING - Agent marked as inactive: network_agent (instance: network_agent_1765871292)
2025-12-16 15:49:46,378 - MCP Server - WARNING - Agent marked as inactive: app_agent (instance: app_agent_1765871293)
2025-12-16 15:49:46,378 - MCP Server - WARNING - Agent marked as inactive: monitor_agent (instance: monitor_agent_1765871294)
2025-12-16 15:49:46,378 - MCP Server - WARNING - Agent marked as inactive: media_agent (instance: media_agent_1765871295)
2025-12-16 15:49:47,357 - MCP Server - WARNING - Agent marked as inactive: file_agent (instance: file_agent_1765871023)
2025-12-16 15:49:47,357 - MCP Server - WARNING - Agent marked as inactive: settings_agent (instance: settings_agent_1765871024)
2025-12-16 15:49:47,357 - MCP Server - WARNING - Agent marked as inactive: network_agent (instance: network_agent_1765871025)
2025-12-16 15:49:47,357 - MCP Server - WARNING - Agent marked as inactive: app_agent (instance: app_agent_1765871026)
2025-12-16 15:49:47,357 - MCP Server - WARNING - Agent marked as inactive: monitor_agent (instance: monitor_agent_1765871027)
2025-12-16 15:49:47,357 - MCP Server - WARNING - Agent marked as inactive: media_agent (instance: media_agent_1765871028)
2025-12-16 15:49:49,381 - MCP Server - WARNING - Agent marked as inactive: file_agent (instance: file_agent_1765871290)
2025-12-16 15:49:49,381 - MCP Server - WARNING - Agent marked as inactive: settings_agent (instance: settings_agent_1765871291)
2025-12-16 15:49:49,381 - MCP Server - WARNING - Agent marked as inactive: network_agent (instance: network_agent_1765871292)
2025-12-16 15:49:49,381 - MCP Server - WARNING - Agent marked as inactive: app_agent (instance: app_agent_1765871293)
2025-12-16 15:49:49,382 - MCP Server - WARNING - Agent marked as inactive: monitor_agent (instance: monitor_agent_1765871294)
2025-12-16 15:49:49,382 - MCP Server - WARNING - Agent marked as inactive: media_agent (instance: media_agent_1765871295)
2025-12-16 15:49:50,360 - MCP Server - WARNING - Agent marked as inactive: file_agent (instance: file_agent_1765871023)
2025-12-16 15:49:50,361 - MCP Server - WARNING - Agent marked as inactive: settings_agent (instance: settings_agent_1765871024)
2025-12-16 15:49:50,361 - MCP Server - WARNING - Agent marked as inactive: network_agent (instance: network_agent_1765871025)
2025-12-16 15:49:50,361 - MCP Server - WARNING - Agent marked as inactive: app_agent (instance: app_agent_1765871026)
2025-12-16 15:49:50,361 - MCP Server - WARNING - Agent marked as inactive: monitor_agent (instance: monitor_agent_1765871027)
2025-12-16 15:49:50,361 - MCP Server - WARNING - Agent marked as inactive: media_agent (instance: media_agent_1765871028)
2025-12-16 15:49:52,385 - MCP Server - WARNING - Agent marked as inactive: file_agent (instance: file_agent_1765871290)
2025-12-16 15:49:52,385 - MCP Server - WARNING - Agent marked as inactive: settings_agent (instance: settings_agent_1765871291)
2025-12-16 15:49:52,385 - MCP Server - WARNING - Agent marked as inactive: network_agent (instance: network_agent_1765871292)
2025-12-16 15:49:52,385 - MCP Server - WARNING - Agent marked as inactive: app_agent (instance: app_agent_1765871293)
2025-12-16 15:49:52,385 - MCP Server - WARNING - Agent marked as inactive: monitor_agent (instance: monitor_agent_1765871294)
2025-12-16 15:49:52,386 - MCP Server - WARNING - Agent marked as inactive: media_agent (instance: media_agent_1765871295)
2025-12-16 15:49:53,364 - MCP Server - WARNING - Agent marked as inactive: file_agent (instance: file_agent_1765871023)
2025-12-16 15:49:53,365 - MCP Server - WARNING - Agent marked as inactive: settings_agent (instance: settings_agent_1765871024)
2025-12-16 15:49:53,365 - MCP Server - WARNING - Agent marked as inactive: network_agent (instance: network_agent_1765871025)
2025-12-16 15:49:53,365 - MCP Server - WARNING - Agent marked as inactive: app_agent (instance: app_agent_1765871026)
2025-12-16 15:49:53,365 - MCP Server - WARNING - Agent marked as inactive: monitor_agent (instance: monitor_agent_1765871027)
2025-12-16 15:49:53,365 - MCP Server - WARNING - Agent marked as inactive: media_agent (instance: media_agent_1765871028)
2025-12-16 15:49:55,389 - MCP Server - WARNING - Agent marked as inactive: file_agent (instance: file_agent_1765871290)
2025-12-16 15:49:55,389 - MCP Server - WARNING - Agent marked as inactive: settings_agent (instance: settings_agent_1765871291)
2025-12-16 15:49:55,389 - MCP Server - WARNING - Agent marked as inactive: network_agent (instance: network_agent_1765871292)
2025-12-16 15:49:55,389 - MCP Server - WARNING - Agent marked as inactive: app_agent (instance: app_agent_1765871293)
2025-12-16 15:49:55,389 - MCP Server - WARNING - Agent marked as inactive: monitor_agent (instance: monitor_agent_1765871294)
2025-12-16 15:49:55,389 - MCP Server - WARNING - Agent marked as inactive: media_agent (instance: media_agent_1765871295)
2025-12-16 15:49:56,368 - MCP Server - WARNING - Agent marked as inactive: file_agent (instance: file_agent_1765871023)
2025-12-16 15:49:56,368 - MCP Server - WARNING - Agent marked as inactive: settings_agent (instance: settings_agent_1765871024)
2025-12-16 15:49:56,368 - MCP Server - WARNING - Agent marked as inactive: network_agent (instance: network_agent_1765871025)
2025-12-16 15:49:56,369 - MCP Server - WARNING - Agent marked as inactive: app_agent (instance: app_agent_1765871026)
2025-12-16 15:49:56,369 - MCP Server - WARNING - Agent marked as inactive: monitor_agent (instance: monitor_agent_1765871027)
2025-12-16 15:49:56,369 - MCP Server - WARNING - Agent marked as inactive: media_agent (instance: media_agent_1765871028)
2025-12-16 15:49:58,393 - MCP Server - WARNING - Agent marked as inactive: file_agent (instance: file_agent_1765871290)
2025-12-16 15:49:58,393 - MCP Server - WARNING - Agent marked as inactive: settings_agent (instance: settings_agent_1765871291)
2025-12-16 15:49:58,393 - MCP Server - WARNING - Agent marked as inactive: network_agent (instance: network_agent_1765871292)
2025-12-16 15:49:58,393 - MCP Server - WARNING - Agent marked as inactive: app_agent (instance: app_agent_1765871293)
2025-12-16 15:49:58,393 - MCP Server - WARNING - Agent marked as inactive: monitor_agent (instance: monitor_agent_1765871294)
2025-12-16 15:49:58,393 - MCP Server - WARNING - Agent marked as inactive: media_agent (instance: media_agent_1765871295)
2025-12-16 15:49:59,372 - MCP Server - WARNING - Agent marked as inactive: file_agent (instance: file_agent_1765871023)
2025-12-16 15:49:59,372 - MCP Server - WARNING - Agent marked as inactive: settings_agent (instance: settings_agent_1765871024)
2025-12-16 15:49:59,372 - MCP Server - WARNING - Agent marked as inactive: network_agent (instance: network_agent_1765871025)
2025-12-16 15:49:59,372 - MCP Server - WARNING - Agent marked as inactive: app_agent (instance: app_agent_1765871026)
2025-12-16 15:49:59,372 - MCP Server - WARNING - Agent marked as inactive: monitor_agent (instance: monitor_agent_1765871027)
2025-12-16 15:49:59,372 - MCP Server - WARNING - Agent marked as inactive: media_agent (instance: media_agent_1765871028)
2025-12-16 15:50:01,396 - MCP Server - WARNING - Agent marked as inactive: file_agent (instance: file_agent_1765871290)
2025-12-16 15:50:01,396 - MCP Server - WARNING - Agent marked as inactive: settings_agent (instance: settings_agent_1765871291)
2025-12-16 15:50:01,396 - MCP Server - WARNING - Agent marked as inactive: network_agent (instance: network_agent_1765871292)
2025-12-16 15:50:01,397 - MCP Server - WARNING - Agent marked as inactive: app_agent (instance: app_agent_1765871293)
2025-12-16 15:50:01,397 - MCP Server - WARNING - Agent marked as inactive: monitor_agent (instance: monitor_agent_1765871294)
2025-12-16 15:50:01,397 - MCP Server - WARNING - Agent marked as inactive: media_agent (instance: media_agent_1765871295)
2025-12-16 15:50:02,375 - MCP Server - WARNING - Agent marked as inactive: file_agent (instance: file_agent_1765871023)
2025-12-16 15:50:02,376 - MCP Server - WARNING - Agent marked as inactive: settings_agent (instance: settings_agent_1765871024)
2025-12-16 15:50:02,376 - MCP Server - WARNING - Agent marked as inactive: network_agent (instance: network_agent_1765871025)
2025-12-16 15:50:02,376 - MCP Server - WARNING - Agent marked as inactive: app_agent (instance: app_agent_1765871026)
2025-12-16 15:50:02,376 - MCP Server - WARNING - Agent marked as inactive: monitor_agent (instance: monitor_agent_1765871027)
2025-12-16 15:50:02,376 - MCP Server - WARNING - Agent marked as inactive: media_agent (instance: media_agent_1765871028)
2025-12-16 15:50:04,400 - MCP Server - WARNING - Agent marked as inactive: file_agent (instance: file_agent_1765871290)
2025-12-16 15:50:04,400 - MCP Server - WARNING - Agent marked as inactive: settings_agent (instance: settings_agent_1765871291)
2025-12-16 15:50:04,400 - MCP Server - WARNING - Agent marked as inactive: network_agent (instance: network_agent_1765871292)
2025-12-16 15:50:04,400 - MCP Server - WARNING - Agent marked as inactive: app_agent (instance: app_agent_1765871293)
2025-12-16 15:50:04,401 - MCP Server - WARNING - Agent marked as inactive: monitor_agent (instance: monitor_agent_1765871294)
2025-12-16 15:50:04,401 - MCP Server - WARNING - Agent marked as inactive: media_agent (instance: media_agent_1765871295)
2025-12-16 15:50:05,379 - MCP Server - WARNING - Agent marked as inactive: file_agent (instance: file_agent_1765871023)
2025-12-16 15:50:05,379 - MCP Server - WARNING - Agent marked as inactive: settings_agent (instance: settings_agent_1765871024)
2025-12-16 15:50:05,379 - MCP Server - WARNING - Agent marked as inactive: network_agent (instance: network_agent_1765871025)
2025-12-16 15:50:05,379 - MCP Server - WARNING - Agent marked as inactive: app_agent (instance: app_agent_1765871026)
2025-12-16 15:50:05,379 - MCP Server - WARNING - Agent marked as inactive: monitor_agent (instance: monitor_agent_1765871027)
2025-12-16 15:50:05,380 - MCP Server - WARNING - Agent marked as inactive: media_agent (instance: media_agent_1765871028)
2025-12-16 15:50:07,403 - MCP Server - WARNING - Agent marked as inactive: file_agent (instance: file_agent_1765871290)
2025-12-16 15:50:07,403 - MCP Server - WARNING - Agent marked as inactive: settings_agent (instance: settings_agent_1765871291)
2025-12-16 15:50:07,403 - MCP Server - WARNING - Agent marked as inactive: network_agent (instance: network_agent_1765871292)
2025-12-16 15:50:07,403 - MCP Server - WARNING - Agent marked as inactive: app_agent (instance: app_agent_1765871293)
2025-12-16 15:50:07,403 - MCP Server - WARNING - Agent marked as inactive: monitor_agent (instance: monitor_agent_1765871294)
2025-12-16 15:50:07,403 - MCP Server - WARNING - Agent marked as inactive: media_agent (instance: media_agent_1765871295)
2025-12-16 15:50:08,383 - MCP Server - WARNING - Agent marked as inactive: file_agent (instance: file_agent_1765871023)
2025-12-16 15:50:08,383 - MCP Server - WARNING - Agent marked as inactive: settings_agent (instance: settings_agent_1765871024)
2025-12-16 15:50:08,383 - MCP Server - WARNING - Agent marked as inactive: network_agent (instance: network_agent_1765871025)
2025-12-16 15:50:08,383 - MCP Server - WARNING - Agent marked as inactive: app_agent (instance: app_agent_1765871026)
2025-12-16 15:50:08,383 - MCP Server - WARNING - Agent marked as inactive: monitor_agent (instance: monitor_agent_1765871027)
2025-12-16 15:50:08,383 - MCP Server - WARNING - Agent marked as inactive: media_agent (instance: media_agent_1765871028)
2025-12-16 15:50:10,406 - MCP Server - WARNING - Agent marked as inactive: file_agent (instance: file_agent_1765871290)
2025-12-16 15:50:10,407 - MCP Server - WARNING - Agent marked as inactive: settings_agent (instance: settings_agent_1765871291)
2025-12-16 15:50:10,407 - MCP Server - WARNING - Agent marked as inactive: network_agent (instance: network_agent_1765871292)
2025-12-16 15:50:10,407 - MCP Server - WARNING - Agent marked as inactive: app_agent (instance: app_agent_1765871293)
2025-12-16 15:50:10,407 - MCP Server - WARNING - Agent marked as inactive: monitor_agent (instance: monitor_agent_1765871294)
2025-12-16 15:50:10,407 - MCP Server - WARNING - Agent marked as inactive: media_agent (instance: media_agent_1765871295)
2025-12-16 15:50:11,386 - MCP Server - WARNING - Agent marked as inactive: file_agent (instance: file_agent_1765871023)
2025-12-16 15:50:11,386 - MCP Server - WARNING - Agent marked as inactive: settings_agent (instance: settings_agent_1765871024)
2025-12-16 15:50:11,387 - MCP Server - WARNING - Agent marked as inactive: network_agent (instance: network_agent_1765871025)
2025-12-16 15:50:11,387 - MCP Server - WARNING - Agent marked as inactive: app_agent (instance: app_agent_1765871026)
2025-12-16 15:50:11,387 - MCP Server - WARNING - Agent marked as inactive: monitor_agent (instance: monitor_agent_1765871027)
2025-12-16 15:50:11,387 - MCP Server - WARNING - Agent marked as inactive: media_agent (instance: media_agent_1765871028)
2025-12-16 15:50:13,410 - MCP Server - WARNING - Agent marked as inactive: file_agent (instance: file_agent_1765871290)
2025-12-16 15:50:13,411 - MCP Server - WARNING - Agent marked as inactive: settings_agent (instance: settings_agent_1765871291)
2025-12-16 15:50:13,411 - MCP Server - WARNING - Agent marked as inactive: network_agent (instance: network_agent_1765871292)
2025-12-16 15:50:13,411 - MCP Server - WARNING - Agent marked as inactive: app_agent (instance: app_agent_1765871293)
2025-12-16 15:50:13,411 - MCP Server - WARNING - Agent marked as inactive: monitor_agent (instance: monitor_agent_1765871294)
2025-12-16 15:50:13,411 - MCP Server - WARNING - Agent marked as inactive: media_agent (instance: media_agent_1765871295)
2025-12-16 15:50:14,390 - MCP Server - WARNING - Agent marked as inactive: file_agent (instance: file_agent_1765871023)
2025-12-16 15:50:14,390 - MCP Server - WARNING - Agent marked as inactive: settings_agent (instance: settings_agent_1765871024)
2025-12-16 15:50:14,390 - MCP Server - WARNING - Agent marked as inactive: network_agent (instance: network_agent_1765871025)
2025-12-16 15:50:14,390 - MCP Server - WARNING - Agent marked as inactive: app_agent (instance: app_agent_1765871026)
2025-12-16 15:50:14,390 - MCP Server - WARNING - Agent marked as inactive: monitor_agent (instance: monitor_agent_1765871027)
2025-12-16 15:50:14,390 - MCP Server - WARNING - Agent marked as inactive: media_agent (instance: media_agent_1765871028)
2025-12-16 15:50:16,414 - MCP Server - WARNING - Agent marked as inactive: file_agent (instance: file_agent_1765871290)
2025-12-16 15:50:16,414 - MCP Server - WARNING - Agent marked as inactive: settings_agent (instance: settings_agent_1765871291)
2025-12-16 15:50:16,415 - MCP Server - WARNING - Agent marked as inactive: network_agent (instance: network_agent_1765871292)
2025-12-16 15:50:16,415 - MCP Server - WARNING - Agent marked as inactive: app_agent (instance: app_agent_1765871293)
2025-12-16 15:50:16,415 - MCP Server - WARNING - Agent marked as inactive: monitor_agent (instance: monitor_agent_1765871294)
2025-12-16 15:50:16,415 - MCP Server - WARNING - Agent marked as inactive: media_agent (instance: media_agent_1765871295)
2025-12-16 15:50:17,394 - MCP Server - WARNING - Agent marked as inactive: file_agent (instance: file_agent_1765871023)
2025-12-16 15:50:17,394 - MCP Server - WARNING - Agent marked as inactive: settings_agent (instance: settings_agent_1765871024)
2025-12-16 15:50:17,394 - MCP Server - WARNING - Agent marked as inactive: network_agent (instance: network_agent_1765871025)
2025-12-16 15:50:17,394 - MCP Server - WARNING - Agent marked as inactive: app_agent (instance: app_agent_1765871026)
2025-12-16 15:50:17,394 - MCP Server - WARNING - Agent marked as inactive: monitor_agent (instance: monitor_agent_1765871027)
2025-12-16 15:50:17,394 - MCP Server - WARNING - Agent marked as inactive: media_agent (instance: media_agent_1765871028)
2025-12-16 15:50:19,418 - MCP Server - WARNING - Agent marked as inactive: file_agent (instance: file_agent_1765871290)
2025-12-16 15:50:19,418 - MCP Server - WARNING - Agent marked as inactive: settings_agent (instance: settings_agent_1765871291)
2025-12-16 15:50:19,418 - MCP Server - WARNING - Agent marked as inactive: network_agent (instance: network_agent_1765871292)
2025-12-16 15:50:19,419 - MCP Server - WARNING - Agent marked as inactive: app_agent (instance: app_agent_1765871293)
2025-12-16 15:50:19,419 - MCP Server - WARNING - Agent marked as inactive: monitor_agent (instance: monitor_agent_1765871294)
2025-12-16 15:50:19,419 - MCP Server - WARNING - Agent marked as inactive: media_agent (instance: media_agent_1765871295)
2025-12-16 15:50:20,397 - MCP Server - WARNING - Agent marked as inactive: file_agent (instance: file_agent_1765871023)
2025-12-16 15:50:20,398 - MCP Server - WARNING - Agent marked as inactive: settings_agent (instance: settings_agent_1765871024)
2025-12-16 15:50:20,398 - MCP Server - WARNING - Agent marked as inactive: network_agent (instance: network_agent_1765871025)
2025-12-16 15:50:20,398 - MCP Server - WARNING - Agent marked as inactive: app_agent (instance: app_agent_1765871026)
2025-12-16 15:50:20,398 - MCP Server - WARNING - Agent marked as inactive: monitor_agent (instance: monitor_agent_1765871027)
2025-12-16 15:50:20,398 - MCP Server - WARNING - Agent marked as inactive: media_agent (instance: media_agent_1765871028)
2025-12-16 15:50:22,422 - MCP Server - WARNING - Agent marked as inactive: file_agent (instance: file_agent_1765871290)
2025-12-16 15:50:22,422 - MCP Server - WARNING - Agent marked as inactive: settings_agent (instance: settings_agent_1765871291)
2025-12-16 15:50:22,423 - MCP Server - WARNING - Agent marked as inactive: network_agent (instance: network_agent_1765871292)
2025-12-16 15:50:22,423 - MCP Server - WARNING - Agent marked as inactive: app_agent (instance: app_agent_1765871293)
2025-12-16 15:50:22,423 - MCP Server - WARNING - Agent marked as inactive: monitor_agent (instance: monitor_agent_1765871294)
2025-12-16 15:50:22,423 - MCP Server - WARNING - Agent marked as inactive: media_agent (instance: media_agent_1765871295)
2025-12-16 15:50:23,401 - MCP Server - WARNING - Agent marked as inactive: file_agent (instance: file_agent_1765871023)
2025-12-16 15:50:23,401 - MCP Server - WARNING - Agent marked as inactive: settings_agent (instance: settings_agent_1765871024)
2025-12-16 15:50:23,401 - MCP Server - WARNING - Agent marked as inactive: network_agent (instance: network_agent_1765871025)
2025-12-16 15:50:23,401 - MCP Server - WARNING - Agent marked as inactive: app_agent (instance: app_agent_1765871026)
2025-12-16 15:50:23,402 - MCP Server - WARNING - Agent marked as inactive: monitor_agent (instance: monitor_agent_1765871027)
2025-12-16 15:50:23,402 - MCP Server - WARNING - Agent marked as inactive: media_agent (instance: media_agent_1765871028)
2025-12-16 15:50:25,426 - MCP Server - WARNING - Agent marked as inactive: file_agent (instance: file_agent_1765871290)
2025-12-16 15:50:25,426 - MCP Server - WARNING - Agent marked as inactive: settings_agent (instance: settings_agent_1765871291)
2025-12-16 15:50:25,426 - MCP Server - WARNING - Agent marked as inactive: network_agent (instance: network_agent_1765871292)
2025-12-16 15:50:25,427 - MCP Server - WARNING - Agent marked as inactive: app_agent (instance: app_agent_1765871293)
2025-12-16 15:50:25,427 - MCP Server - WARNING - Agent marked as inactive: monitor_agent (instance: monitor_agent_1765871294)
2025-12-16 15:50:25,427 - MCP Server - WARNING - Agent marked as inactive: media_agent (instance: media_agent_1765871295)
2025-12-16 15:50:26,405 - MCP Server - WARNING - Agent marked as inactive: file_agent (instance: file_agent_1765871023)
2025-12-16 15:50:26,405 - MCP Server - WARNING - Agent marked as inactive: settings_agent (instance: settings_agent_1765871024)
2025-12-16 15:50:26,405 - MCP Server - WARNING - Agent marked as inactive: network_agent (instance: network_agent_1765871025)
2025-12-16 15:50:26,405 - MCP Server - WARNING - Agent marked as inactive: app_agent (instance: app_agent_1765871026)
2025-12-16 15:50:26,405 - MCP Server - WARNING - Agent marked as inactive: monitor_agent (instance: monitor_agent_1765871027)
2025-12-16 15:50:26,405 - MCP Server - WARNING - Agent marked as inactive: media_agent (instance: media_agent_1765871028)
2025-12-16 15:50:28,429 - MCP Server - WARNING - Agent marked as inactive: file_agent (instance: file_agent_1765871290)
2025-12-16 15:50:28,429 - MCP Server - WARNING - Agent marked as inactive: settings_agent (instance: settings_agent_1765871291)
2025-12-16 15:50:28,429 - MCP Server - WARNING - Agent marked as inactive: network_agent (instance: network_agent_1765871292)
2025-12-16 15:50:28,429 - MCP Server - WARNING - Agent marked as inactive: app_agent (instance: app_agent_1765871293)
2025-12-16 15:50:28,430 - MCP Server - WARNING - Agent marked as inactive: monitor_agent (instance: monitor_agent_1765871294)
2025-12-16 15:50:28,430 - MCP Server - WARNING - Agent marked as inactive: media_agent (instance: media_agent_1765871295)
2025-12-16 15:50:29,408 - MCP Server - WARNING - Agent marked as inactive: file_agent (instance: file_agent_1765871023)
2025-12-16 15:50:29,409 - MCP Server - WARNING - Agent marked as inactive: settings_agent (instance: settings_agent_1765871024)
2025-12-16 15:50:29,409 - MCP Server - WARNING - Agent marked as inactive: network_agent (instance: network_agent_1765871025)
2025-12-16 15:50:29,409 - MCP Server - WARNING - Agent marked as inactive: app_agent (instance: app_agent_1765871026)
2025-12-16 15:50:29,409 - MCP Server - WARNING - Agent marked as inactive: monitor_agent (instance: monitor_agent_1765871027)
2025-12-16 15:50:29,409 - MCP Server - WARNING - Agent marked as inactive: media_agent (instance: media_agent_1765871028)
2025-12-16 15:50:31,432 - MCP Server - WARNING - Agent marked as inactive: file_agent (instance: file_agent_1765871290)
2025-12-16 15:50:31,432 - MCP Server - WARNING - Agent marked as inactive: settings_agent (instance: settings_agent_1765871291)
2025-12-16 15:50:31,432 - MCP Server - WARNING - Agent marked as inactive: network_agent (instance: network_agent_1765871292)
2025-12-16 15:50:31,432 - MCP Server - WARNING - Agent marked as inactive: app_agent (instance: app_agent_1765871293)
2025-12-16 15:50:31,432 - MCP Server - WARNING - Agent marked as inactive: monitor_agent (instance: monitor_agent_1765871294)
2025-12-16 15:50:31,432 - MCP Server - WARNING - Agent marked as inactive: media_agent (instance: media_agent_1765871295)
2025-12-16 15:50:32,412 - MCP Server - WARNING - Agent marked as inactive: file_agent (instance: file_agent_1765871023)
2025-12-16 15:50:32,412 - MCP Server - WARNING - Agent marked as inactive: settings_agent (instance: settings_agent_1765871024)
2025-12-16 15:50:32,413 - MCP Server - WARNING - Agent marked as inactive: network_agent (instance: network_agent_1765871025)
2025-12-16 15:50:32,413 - MCP Server - WARNING - Agent marked as inactive: app_agent (instance: app_agent_1765871026)
2025-12-16 15:50:32,413 - MCP Server - WARNING - Agent marked as inactive: monitor_agent (instance: monitor_agent_1765871027)
2025-12-16 15:50:32,413 - MCP Server - WARNING - Agent marked as inactive: media_agent (instance: media_agent_1765871028)
2025-12-16 15:50:34,436 - MCP Server - WARNING - Agent marked as inactive: file_agent (instance: file_agent_1765871290)
2025-12-16 15:50:34,436 - MCP Server - WARNING - Agent marked as inactive: settings_agent (instance: settings_agent_1765871291)
2025-12-16 15:50:34,436 - MCP Server - WARNING - Agent marked as inactive: network_agent (instance: network_agent_1765871292)
2025-12-16 15:50:34,436 - MCP Server - WARNING - Agent marked as inactive: app_agent (instance: app_agent_1765871293)
2025-12-16 15:50:34,436 - MCP Server - WARNING - Agent marked as inactive: monitor_agent (instance: monitor_agent_1765871294)
2025-12-16 15:50:34,436 - MCP Server - WARNING - Agent marked as inactive: media_agent (instance: media_agent_1765871295)
2025-12-16 15:50:35,416 - MCP Server - WARNING - Agent marked as inactive: file_agent (instance: file_agent_1765871023)
2025-12-16 15:50:35,416 - MCP Server - WARNING - Agent marked as inactive: settings_agent (instance: settings_agent_1765871024)
2025-12-16 15:50:35,416 - MCP Server - WARNING - Agent marked as inactive: network_agent (instance: network_agent_1765871025)
2025-12-16 15:50:35,416 - MCP Server - WARNING - Agent marked as inactive: app_agent (instance: app_agent_1765871026)
2025-12-16 15:50:35,416 - MCP Server - WARNING - Agent marked as inactive: monitor_agent (instance: monitor_agent_1765871027)
2025-12-16 15:50:35,416 - MCP Server - WARNING - Agent marked as inactive: media_agent (instance: media_agent_1765871028)
2025-12-16 15:50:37,440 - MCP Server - WARNING - Agent marked as inactive: file_agent (instance: file_agent_1765871290)
2025-12-16 15:50:37,440 - MCP Server - WARNING - Agent marked as inactive: settings_agent (instance: settings_agent_1765871291)
2025-12-16 15:50:37,440 - MCP Server - WARNING - Agent marked as inactive: network_agent (instance: network_agent_1765871292)
2025-12-16 15:50:37,440 - MCP Server - WARNING - Agent marked as inactive: app_agent (instance: app_agent_1765871293)
2025-12-16 15:50:37,440 - MCP Server - WARNING - Agent marked as inactive: monitor_agent (instance: monitor_agent_1765871294)
2025-12-16 15:50:37,440 - MCP Server - WARNING - Agent marked as inactive: media_agent (instance: media_agent_1765871295)
2025-12-16 15:50:38,420 - MCP Server - WARNING - Agent marked as inactive: file_agent (instance: file_agent_1765871023)
2025-12-16 15:50:38,420 - MCP Server - WARNING - Agent marked as inactive: settings_agent (instance: settings_agent_1765871024)
2025-12-16 15:50:38,420 - MCP Server - WARNING - Agent marked as inactive: network_agent (instance: network_agent_1765871025)
2025-12-16 15:50:38,420 - MCP Server - WARNING - Agent marked as inactive: app_agent (instance: app_agent_1765871026)
2025-12-16 15:50:38,420 - MCP Server - WARNING - Agent marked as inactive: monitor_agent (instance: monitor_agent_1765871027)
2025-12-16 15:50:38,420 - MCP Server - WARNING - Agent marked as inactive: media_agent (instance: media_agent_1765871028)
2025-12-16 15:50:40,444 - MCP Server - WARNING - Agent marked as inactive: file_agent (instance: file_agent_1765871290)
2025-12-16 15:50:40,444 - MCP Server - WARNING - Agent marked as inactive: settings_agent (instance: settings_agent_1765871291)
2025-12-16 15:50:40,444 - MCP Server - WARNING - Agent marked as inactive: network_agent (instance: network_agent_1765871292)
2025-12-16 15:50:40,444 - MCP Server - WARNING - Agent marked as inactive: app_agent (instance: app_agent_1765871293)
2025-12-16 15:50:40,444 - MCP Server - WARNING - Agent marked as inactive: monitor_agent (instance: monitor_agent_1765871294)
2025-12-16 15:50:40,444 - MCP Server - WARNING - Agent marked as inactive: media_agent (instance: media_agent_1765871295)
2025-12-16 15:50:41,423 - MCP Server - WARNING - Agent marked as inactive: file_agent (instance: file_agent_1765871023)
2025-12-16 15:50:41,424 - MCP Server - WARNING - Agent marked as inactive: settings_agent (instance: settings_agent_1765871024)
2025-12-16 15:50:41,424 - MCP Server - WARNING - Agent marked as inactive: network_agent (instance: network_agent_1765871025)
2025-12-16 15:50:41,424 - MCP Server - WARNING - Agent marked as inactive: app_agent (instance: app_agent_1765871026)
2025-12-16 15:50:41,424 - MCP Server - WARNING - Agent marked as inactive: monitor_agent (instance: monitor_agent_1765871027)
2025-12-16 15:50:41,424 - MCP Server - WARNING - Agent marked as inactive: media_agent (instance: media_agent_1765871028)
2025-12-16 15:50:43,447 - MCP Server - WARNING - Agent marked as inactive: file_agent (instance: file_agent_1765871290)
2025-12-16 15:50:43,448 - MCP Server - WARNING - Agent marked as inactive: settings_agent (instance: settings_agent_1765871291)
2025-12-16 15:50:43,448 - MCP Server - WARNING - Agent marked as inactive: network_agent (instance: network_agent_1765871292)
2025-12-16 15:50:43,448 - MCP Server - WARNING - Agent marked as inactive: app_agent (instance: app_agent_1765871293)
2025-12-16 15:50:43,448 - MCP Server - WARNING - Agent marked as inactive: monitor_agent (instance: monitor_agent_1765871294)
2025-12-16 15:50:43,448 - MCP Server - WARNING - Agent marked as inactive: media_agent (instance: media_agent_1765871295)
2025-12-16 15:50:44,427 - MCP Server - WARNING - Agent marked as inactive: file_agent (instance: file_agent_1765871023)
2025-12-16 15:50:44,427 - MCP Server - WARNING - Agent marked as inactive: settings_agent (instance: settings_agent_1765871024)
2025-12-16 15:50:44,428 - MCP Server - WARNING - Agent marked as inactive: network_agent (instance: network_agent_1765871025)
2025-12-16 15:50:44,428 - MCP Server - WARNING - Agent marked as inactive: app_agent (instance: app_agent_1765871026)
2025-12-16 15:50:44,428 - MCP Server - WARNING - Agent marked as inactive: monitor_agent (instance: monitor_agent_1765871027)
2025-12-16 15:50:44,428 - MCP Server - WARNING - Agent marked as inactive: media_agent (instance: media_agent_1765871028)
2025-12-16 15:50:46,451 - MCP Server - WARNING - Agent marked as inactive: file_agent (instance: file_agent_1765871290)
2025-12-16 15:50:46,452 - MCP Server - WARNING - Agent marked as inactive: settings_agent (instance: settings_agent_1765871291)
2025-12-16 15:50:46,452 - MCP Server - WARNING - Agent marked as inactive: network_agent (instance: network_agent_1765871292)
2025-12-16 15:50:46,452 - MCP Server - WARNING - Agent marked as inactive: app_agent (instance: app_agent_1765871293)
2025-12-16 15:50:46,452 - MCP Server - WARNING - Agent marked as inactive: monitor_agent (instance: monitor_agent_1765871294)
2025-12-16 15:50:46,452 - MCP Server - WARNING - Agent marked as inactive: media_agent (instance: media_agent_1765871295)
2025-12-16 15:50:47,431 - MCP Server - WARNING - Agent marked as inactive: file_agent (instance: file_agent_1765871023)
2025-12-16 15:50:47,431 - MCP Server - WARNING - Agent marked as inactive: settings_agent (instance: settings_agent_1765871024)
2025-12-16 15:50:47,432 - MCP Server - WARNING - Agent marked as inactive: network_agent (instance: network_agent_1765871025)
2025-12-16 15:50:47,432 - MCP Server - WARNING - Agent marked as inactive: app_agent (instance: app_agent_1765871026)
2025-12-16 15:50:47,432 - MCP Server - WARNING - Agent marked as inactive: monitor_agent (instance: monitor_agent_1765871027)
2025-12-16 15:50:47,432 - MCP Server - WARNING - Agent marked as inactive: media_agent (instance: media_agent_1765871028)
2025-12-16 15:50:49,455 - MCP Server - WARNING - Agent marked as inactive: file_agent (instance: file_agent_1765871290)
2025-12-16 15:50:49,455 - MCP Server - WARNING - Agent marked as inactive: settings_agent (instance: settings_agent_1765871291)
2025-12-16 15:50:49,455 - MCP Server - WARNING - Agent marked as inactive: network_agent (instance: network_agent_1765871292)
2025-12-16 15:50:49,456 - MCP Server - WARNING - Agent marked as inactive: app_agent (instance: app_agent_1765871293)
2025-12-16 15:50:49,456 - MCP Server - WARNING - Agent marked as inactive: monitor_agent (instance: monitor_agent_1765871294)
2025-12-16 15:50:49,456 - MCP Server - WARNING - Agent marked as inactive: media_agent (instance: media_agent_1765871295)
2025-12-16 15:50:50,435 - MCP Server - WARNING - Agent marked as inactive: file_agent (instance: file_agent_1765871023)
2025-12-16 15:50:50,435 - MCP Server - WARNING - Agent marked as inactive: settings_agent (instance: settings_agent_1765871024)
2025-12-16 15:50:50,436 - MCP Server - WARNING - Agent marked as inactive: network_agent (instance: network_agent_1765871025)
2025-12-16 15:50:50,436 - MCP Server - WARNING - Agent marked as inactive: app_agent (instance: app_agent_1765871026)
2025-12-16 15:50:50,436 - MCP Server - WARNING - Agent marked as inactive: monitor_agent (instance: monitor_agent_1765871027)
2025-12-16 15:50:50,436 - MCP Server - WARNING - Agent marked as inactive: media_agent (instance: media_agent_1765871028)
2025-12-16 15:50:52,459 - MCP Server - WARNING - Agent marked as inactive: file_agent (instance: file_agent_1765871290)
2025-12-16 15:50:52,459 - MCP Server - WARNING - Agent marked as inactive: settings_agent (instance: settings_agent_1765871291)
2025-12-16 15:50:52,459 - MCP Server - WARNING - Agent marked as inactive: network_agent (instance: network_agent_1765871292)
2025-12-16 15:50:52,459 - MCP Server - WARNING - Agent marked as inactive: app_agent (instance: app_agent_1765871293)
2025-12-16 15:50:52,460 - MCP Server - WARNING - Agent marked as inactive: monitor_agent (instance: monitor_agent_1765871294)
2025-12-16 15:50:52,460 - MCP Server - WARNING - Agent marked as inactive: media_agent (instance: media_agent_1765871295)
2025-12-16 15:50:53,439 - MCP Server - WARNING - Agent marked as inactive: file_agent (instance: file_agent_1765871023)
2025-12-16 15:50:53,439 - MCP Server - WARNING - Agent marked as inactive: settings_agent (instance: settings_agent_1765871024)
2025-12-16 15:50:53,439 - MCP Server - WARNING - Agent marked as inactive: network_agent (instance: network_agent_1765871025)
2025-12-16 15:50:53,439 - MCP Server - WARNING - Agent marked as inactive: app_agent (instance: app_agent_1765871026)
2025-12-16 15:50:53,439 - MCP Server - WARNING - Agent marked as inactive: monitor_agent (instance: monitor_agent_1765871027)
2025-12-16 15:50:53,439 - MCP Server - WARNING - Agent marked as inactive: media_agent (instance: media_agent_1765871028)
2025-12-16 15:50:55,463 - MCP Server - WARNING - Agent marked as inactive: file_agent (instance: file_agent_1765871290)
2025-12-16 15:50:55,463 - MCP Server - WARNING - Agent marked as inactive: settings_agent (instance: settings_agent_1765871291)
2025-12-16 15:50:55,463 - MCP Server - WARNING - Agent marked as inactive: network_agent (instance: network_agent_1765871292)
2025-12-16 15:50:55,463 - MCP Server - WARNING - Agent marked as inactive: app_agent (instance: app_agent_1765871293)
2025-12-16 15:50:55,464 - MCP Server - WARNING - Agent marked as inactive: monitor_agent (instance: monitor_agent_1765871294)
2025-12-16 15:50:55,464 - MCP Server - WARNING - Agent marked as inactive: media_agent (instance: media_agent_1765871295)
2025-12-16 15:50:56,443 - MCP Server - WARNING - Agent marked as inactive: file_agent (instance: file_agent_1765871023)
2025-12-16 15:50:56,443 - MCP Server - WARNING - Agent marked as inactive: settings_agent (instance: settings_agent_1765871024)
2025-12-16 15:50:56,443 - MCP Server - WARNING - Agent marked as inactive: network_agent (instance: network_agent_1765871025)
2025-12-16 15:50:56,443 - MCP Server - WARNING - Agent marked as inactive: app_agent (instance: app_agent_1765871026)
2025-12-16 15:50:56,443 - MCP Server - WARNING - Agent marked as inactive: monitor_agent (instance: monitor_agent_1765871027)
2025-12-16 15:50:56,443 - MCP Server - WARNING - Agent marked as inactive: media_agent (instance: media_agent_1765871028)
2025-12-16 15:50:58,467 - MCP Server - WARNING - Agent marked as inactive: file_agent (instance: file_agent_1765871290)
2025-12-16 15:50:58,467 - MCP Server - WARNING - Agent marked as inactive: settings_agent (instance: settings_agent_1765871291)
2025-12-16 15:50:58,467 - MCP Server - WARNING - Agent marked as inactive: network_agent (instance: network_agent_1765871292)
2025-12-16 15:50:58,467 - MCP Server - WARNING - Agent marked as inactive: app_agent (instance: app_agent_1765871293)
2025-12-16 15:50:58,467 - MCP Server - WARNING - Agent marked as inactive: monitor_agent (instance: monitor_agent_1765871294)
2025-12-16 15:50:58,468 - MCP Server - WARNING - Agent marked as inactive: media_agent (instance: media_agent_1765871295)
2025-12-16 15:50:59,446 - MCP Server - WARNING - Agent marked as inactive: file_agent (instance: file_agent_1765871023)
2025-12-16 15:50:59,446 - MCP Server - WARNING - Agent marked as inactive: settings_agent (instance: settings_agent_1765871024)
2025-12-16 15:50:59,446 - MCP Server - WARNING - Agent marked as inactive: network_agent (instance: network_agent_1765871025)
2025-12-16 15:50:59,447 - MCP Server - WARNING - Agent marked as inactive: app_agent (instance: app_agent_1765871026)
2025-12-16 15:50:59,447 - MCP Server - WARNING - Agent marked as inactive: monitor_agent (instance: monitor_agent_1765871027)
2025-12-16 15:50:59,447 - MCP Server - WARNING - Agent marked as inactive: media_agent (instance: media_agent_1765871028)
2025-12-16 15:51:01,470 - MCP Server - WARNING - Agent marked as inactive: file_agent (instance: file_agent_1765871290)
2025-12-16 15:51:01,470 - MCP Server - WARNING - Agent marked as inactive: settings_agent (instance: settings_agent_1765871291)
2025-12-16 15:51:01,470 - MCP Server - WARNING - Agent marked as inactive: network_agent (instance: network_agent_1765871292)
2025-12-16 15:51:01,471 - MCP Server - WARNING - Agent marked as inactive: app_agent (instance: app_agent_1765871293)
2025-12-16 15:51:01,471 - MCP Server - WARNING - Agent marked as inactive: monitor_agent (instance: monitor_agent_1765871294)
2025-12-16 15:51:01,471 - MCP Server - WARNING - Agent marked as inactive: media_agent (instance: media_agent_1765871295)
2025-12-16 15:51:02,450 - MCP Server - WARNING - Agent marked as inactive: file_agent (instance: file_agent_1765871023)
2025-12-16 15:51:02,450 - MCP Server - WARNING - Agent marked as inactive: settings_agent (instance: settings_agent_1765871024)
2025-12-16 15:51:02,450 - MCP Server - WARNING - Agent marked as inactive: network_agent (instance: network_agent_1765871025)
2025-12-16 15:51:02,450 - MCP Server - WARNING - Agent marked as inactive: app_agent (instance: app_agent_1765871026)
2025-12-16 15:51:02,450 - MCP Server - WARNING - Agent marked as inactive: monitor_agent (instance: monitor_agent_1765871027)
2025-12-16 15:51:02,450 - MCP Server - WARNING - Agent marked as inactive: media_agent (instance: media_agent_1765871028)
2025-12-16 15:51:04,474 - MCP Server - WARNING - Agent marked as inactive: file_agent (instance: file_agent_1765871290)
2025-12-16 15:51:04,474 - MCP Server - WARNING - Agent marked as inactive: settings_agent (instance: settings_agent_1765871291)
2025-12-16 15:51:04,474 - MCP Server - WARNING - Agent marked as inactive: network_agent (instance: network_agent_1765871292)
2025-12-16 15:51:04,474 - MCP Server - WARNING - Agent marked as inactive: app_agent (instance: app_agent_1765871293)
2025-12-16 15:51:04,475 - MCP Server - WARNING - Agent marked as inactive: monitor_agent (instance: monitor_agent_1765871294)
2025-12-16 15:51:04,475 - MCP Server - WARNING - Agent marked as inactive: media_agent (instance: media_agent_1765871295)
2025-12-16 15:51:05,453 - MCP Server - WARNING - Agent marked as inactive: file_agent (instance: file_agent_1765871023)
2025-12-16 15:51:05,454 - MCP Server - WARNING - Agent marked as inactive: settings_agent (instance: settings_agent_1765871024)
2025-12-16 15:51:05,454 - MCP Server - WARNING - Agent marked as inactive: network_agent (instance: network_agent_1765871025)
2025-12-16 15:51:05,454 - MCP Server - WARNING - Agent marked as inactive: app_agent (instance: app_agent_1765871026)
2025-12-16 15:51:05,454 - MCP Server - WARNING - Agent marked as inactive: monitor_agent (instance: monitor_agent_1765871027)
2025-12-16 15:51:05,454 - MCP Server - WARNING - Agent marked as inactive: media_agent (instance: media_agent_1765871028)
2025-12-16 15:51:07,478 - MCP Server - WARNING - Agent marked as inactive: file_agent (instance: file_agent_1765871290)
2025-12-16 15:51:07,478 - MCP Server - WARNING - Agent marked as inactive: settings_agent (instance: settings_agent_1765871291)
2025-12-16 15:51:07,478 - MCP Server - WARNING - Agent marked as inactive: network_agent (instance: network_agent_1765871292)
2025-12-16 15:51:07,478 - MCP Server - WARNING - Agent marked as inactive: app_agent (instance: app_agent_1765871293)
2025-12-16 15:51:07,479 - MCP Server - WARNING - Agent marked as inactive: monitor_agent (instance: monitor_agent_1765871294)
2025-12-16 15:51:07,479 - MCP Server - WARNING - Agent marked as inactive: media_agent (instance: media_agent_1765871295)
2025-12-16 15:51:08,457 - MCP Server - WARNING - Agent marked as inactive: file_agent (instance: file_agent_1765871023)
2025-12-16 15:51:08,457 - MCP Server - WARNING - Agent marked as inactive: settings_agent (instance: settings_agent_1765871024)
2025-12-16 15:51:08,457 - MCP Server - WARNING - Agent marked as inactive: network_agent (instance: network_agent_1765871025)
2025-12-16 15:51:08,457 - MCP Server - WARNING - Agent marked as inactive: app_agent (instance: app_agent_1765871026)
2025-12-16 15:51:08,457 - MCP Server - WARNING - Agent marked as inactive: monitor_agent (instance: monitor_agent_1765871027)
2025-12-16 15:51:08,457 - MCP Server - WARNING - Agent marked as inactive: media_agent (instance: media_agent_1765871028)
2025-12-16 15:51:10,482 - MCP Server - WARNING - Agent marked as inactive: file_agent (instance: file_agent_1765871290)
2025-12-16 15:51:10,482 - MCP Server - WARNING - Agent marked as inactive: settings_agent (instance: settings_agent_1765871291)
2025-12-16 15:51:10,482 - MCP Server - WARNING - Agent marked as inactive: network_agent (instance: network_agent_1765871292)
2025-12-16 15:51:10,482 - MCP Server - WARNING - Agent marked as inactive: app_agent (instance: app_agent_1765871293)
2025-12-16 15:51:10,483 - MCP Server - WARNING - Agent marked as inactive: monitor_agent (instance: monitor_agent_1765871294)
2025-12-16 15:51:10,483 - MCP Server - WARNING - Agent marked as inactive: media_agent (instance: media_agent_1765871295)
2025-12-16 15:51:11,461 - MCP Server - WARNING - Agent marked as inactive: file_agent (instance: file_agent_1765871023)
2025-12-16 15:51:11,461 - MCP Server - WARNING - Agent marked as inactive: settings_agent (instance: settings_agent_1765871024)
2025-12-16 15:51:11,461 - MCP Server - WARNING - Agent marked as inactive: network_agent (instance: network_agent_1765871025)
2025-12-16 15:51:11,461 - MCP Server - WARNING - Agent marked as inactive: app_agent (instance: app_agent_1765871026)
2025-12-16 15:51:11,461 - MCP Server - WARNING - Agent marked as inactive: monitor_agent (instance: monitor_agent_1765871027)
2025-12-16 15:51:11,461 - MCP Server - WARNING - Agent marked as inactive: media_agent (instance: media_agent_1765871028)
2025-12-16 15:51:13,486 - MCP Server - WARNING - Agent marked as inactive: file_agent (instance: file_agent_1765871290)
2025-12-16 15:51:13,486 - MCP Server - WARNING - Agent marked as inactive: settings_agent (instance: settings_agent_1765871291)
2025-12-16 15:51:13,486 - MCP Server - WARNING - Agent marked as inactive: network_agent (instance: network_agent_1765871292)
2025-12-16 15:51:13,486 - MCP Server - WARNING - Agent marked as inactive: app_agent (instance: app_agent_1765871293)
2025-12-16 15:51:13,487 - MCP Server - WARNING - Agent marked as inactive: monitor_agent (instance: monitor_agent_1765871294)
2025-12-16 15:51:13,487 - MCP Server - WARNING - Agent marked as inactive: media_agent (instance: media_agent_1765871295)
2025-12-16 15:51:14,464 - MCP Server - WARNING - Agent marked as inactive: file_agent (instance: file_agent_1765871023)
2025-12-16 15:51:14,464 - MCP Server - WARNING - Agent marked as inactive: settings_agent (instance: settings_agent_1765871024)
2025-12-16 15:51:14,464 - MCP Server - WARNING - Agent marked as inactive: network_agent (instance: network_agent_1765871025)
2025-12-16 15:51:14,464 - MCP Server - WARNING - Agent marked as inactive: app_agent (instance: app_agent_1765871026)
2025-12-16 15:51:14,464 - MCP Server - WARNING - Agent marked as inactive: monitor_agent (instance: monitor_agent_1765871027)
2025-12-16 15:51:14,465 - MCP Server - WARNING - Agent marked as inactive: media_agent (instance: media_agent_1765871028)
2025-12-16 15:51:16,490 - MCP Server - WARNING - Agent marked as inactive: file_agent (instance: file_agent_1765871290)
2025-12-16 15:51:16,490 - MCP Server - WARNING - Agent marked as inactive: settings_agent (instance: settings_agent_1765871291)
2025-12-16 15:51:16,490 - MCP Server - WARNING - Agent marked as inactive: network_agent (instance: network_agent_1765871292)
2025-12-16 15:51:16,490 - MCP Server - WARNING - Agent marked as inactive: app_agent (instance: app_agent_1765871293)
2025-12-16 15:51:16,490 - MCP Server - WARNING - Agent marked as inactive: monitor_agent (instance: monitor_agent_1765871294)
2025-12-16 15:51:16,491 - MCP Server - WARNING - Agent marked as inactive: media_agent (instance: media_agent_1765871295)
2025-12-16 15:51:17,468 - MCP Server - WARNING - Agent marked as inactive: file_agent (instance: file_agent_1765871023)
2025-12-16 15:51:17,468 - MCP Server - WARNING - Agent marked as inactive: settings_agent (instance: settings_agent_1765871024)
2025-12-16 15:51:17,468 - MCP Server - WARNING - Agent marked as inactive: network_agent (instance: network_agent_1765871025)
2025-12-16 15:51:17,468 - MCP Server - WARNING - Agent marked as inactive: app_agent (instance: app_agent_1765871026)
2025-12-16 15:51:17,468 - MCP Server - WARNING - Agent marked as inactive: monitor_agent (instance: monitor_agent_1765871027)
2025-12-16 15:51:17,468 - MCP Server - WARNING - Agent marked as inactive: media_agent (instance: media_agent_1765871028)
2025-12-16 15:51:19,494 - MCP Server - WARNING - Agent marked as inactive: file_agent (instance: file_agent_1765871290)
2025-12-16 15:51:19,494 - MCP Server - WARNING - Agent marked as inactive: settings_agent (instance: settings_agent_1765871291)
2025-12-16 15:51:19,494 - MCP Server - WARNING - Agent marked as inactive: network_agent (instance: network_agent_1765871292)
2025-12-16 15:51:19,494 - MCP Server - WARNING - Agent marked as inactive: app_agent (instance: app_agent_1765871293)
2025-12-16 15:51:19,494 - MCP Server - WARNING - Agent marked as inactive: monitor_agent (instance: monitor_agent_1765871294)
2025-12-16 15:51:19,494 - MCP Server - WARNING - Agent marked as inactive: media_agent (instance: media_agent_1765871295)
2025-12-16 15:51:20,471 - MCP Server - WARNING - Agent marked as inactive: file_agent (instance: file_agent_1765871023)
2025-12-16 15:51:20,472 - MCP Server - WARNING - Agent marked as inactive: settings_agent (instance: settings_agent_1765871024)
2025-12-16 15:51:20,472 - MCP Server - WARNING - Agent marked as inactive: network_agent (instance: network_agent_1765871025)
2025-12-16 15:51:20,472 - MCP Server - WARNING - Agent marked as inactive: app_agent (instance: app_agent_1765871026)
2025-12-16 15:51:20,472 - MCP Server - WARNING - Agent marked as inactive: monitor_agent (instance: monitor_agent_1765871027)
2025-12-16 15:51:20,472 - MCP Server - WARNING - Agent marked as inactive: media_agent (instance: media_agent_1765871028)
2025-12-16 15:51:22,498 - MCP Server - WARNING - Agent marked as inactive: file_agent (instance: file_agent_1765871290)
2025-12-16 15:51:22,498 - MCP Server - WARNING - Agent marked as inactive: settings_agent (instance: settings_agent_1765871291)
2025-12-16 15:51:22,498 - MCP Server - WARNING - Agent marked as inactive: network_agent (instance: network_agent_1765871292)
2025-12-16 15:51:22,498 - MCP Server - WARNING - Agent marked as inactive: app_agent (instance: app_agent_1765871293)
2025-12-16 15:51:22,498 - MCP Server - WARNING - Agent marked as inactive: monitor_agent (instance: monitor_agent_1765871294)
2025-12-16 15:51:22,498 - MCP Server - WARNING - Agent marked as inactive: media_agent (instance: media_agent_1765871295)
2025-12-16 15:51:23,475 - MCP Server - WARNING - Agent marked as inactive: file_agent (instance: file_agent_1765871023)
2025-12-16 15:51:23,475 - MCP Server - WARNING - Agent marked as inactive: settings_agent (instance: settings_agent_1765871024)
2025-12-16 15:51:23,475 - MCP Server - WARNING - Agent marked as inactive: network_agent (instance: network_agent_1765871025)
2025-12-16 15:51:23,475 - MCP Server - WARNING - Agent marked as inactive: app_agent (instance: app_agent_1765871026)
2025-12-16 15:51:23,475 - MCP Server - WARNING - Agent marked as inactive: monitor_agent (instance: monitor_agent_1765871027)
2025-12-16 15:51:23,475 - MCP Server - WARNING - Agent marked as inactive: media_agent (instance: media_agent_1765871028)
2025-12-16 15:51:26,479 - MCP Server - WARNING - Agent marked as inactive: file_agent (instance: file_agent_1765871023)
2025-12-16 15:51:26,479 - MCP Server - WARNING - Agent marked as inactive: settings_agent (instance: settings_agent_1765871024)
2025-12-16 15:51:26,479 - MCP Server - WARNING - Agent marked as inactive: network_agent (instance: network_agent_1765871025)
2025-12-16 15:51:26,479 - MCP Server - WARNING - Agent marked as inactive: app_agent (instance: app_agent_1765871026)
2025-12-16 15:51:26,479 - MCP Server - WARNING - Agent marked as inactive: monitor_agent (instance: monitor_agent_1765871027)
2025-12-16 15:51:26,479 - MCP Server - WARNING - Agent marked as inactive: media_agent (instance: media_agent_1765871028)
2025-12-16 15:51:29,482 - MCP Server - WARNING - Agent marked as inactive: file_agent (instance: file_agent_1765871023)
2025-12-16 15:51:29,483 - MCP Server - WARNING - Agent marked as inactive: settings_agent (instance: settings_agent_1765871024)
2025-12-16 15:51:29,483 - MCP Server - WARNING - Agent marked as inactive: network_agent (instance: network_agent_1765871025)
2025-12-16 15:51:29,483 - MCP Server - WARNING - Agent marked as inactive: app_agent (instance: app_agent_1765871026)
2025-12-16 15:51:29,483 - MCP Server - WARNING - Agent marked as inactive: monitor_agent (instance: monitor_agent_1765871027)
2025-12-16 15:51:29,483 - MCP Server - WARNING - Agent marked as inactive: media_agent (instance: media_agent_1765871028)
2025-12-16 15:51:32,486 - MCP Server - WARNING - Agent marked as inactive: file_agent (instance: file_agent_1765871023)
2025-12-16 15:51:32,486 - MCP Server - WARNING - Agent marked as inactive: settings_agent (instance: settings_agent_1765871024)
2025-12-16 15:51:32,486 - MCP Server - WARNING - Agent marked as inactive: network_agent (instance: network_agent_1765871025)
2025-12-16 15:51:32,486 - MCP Server - WARNING - Agent marked as inactive: app_agent (instance: app_agent_1765871026)
2025-12-16 15:51:32,486 - MCP Server - WARNING - Agent marked as inactive: monitor_agent (instance: monitor_agent_1765871027)
2025-12-16 15:51:32,487 - MCP Server - WARNING - Agent marked as inactive: media_agent (instance: media_agent_1765871028)
2025-12-16 15:51:35,490 - MCP Server - WARNING - Agent marked as inactive: file_agent (instance: file_agent_1765871023)
2025-12-16 15:51:35,490 - MCP Server - WARNING - Agent marked as inactive: settings_agent (instance: settings_agent_1765871024)
2025-12-16 15:51:35,490 - MCP Server - WARNING - Agent marked as inactive: network_agent (instance: network_agent_1765871025)
2025-12-16 15:51:35,490 - MCP Server - WARNING - Agent marked as inactive: app_agent (instance: app_agent_1765871026)
2025-12-16 15:51:35,490 - MCP Server - WARNING - Agent marked as inactive: monitor_agent (instance: monitor_agent_1765871027)
2025-12-16 15:51:35,490 - MCP Server - WARNING - Agent marked as inactive: media_agent (instance: media_agent_1765871028)
2025-12-16 15:51:38,493 - MCP Server - WARNING - Agent marked as inactive: file_agent (instance: file_agent_1765871023)
2025-12-16 15:51:38,494 - MCP Server - WARNING - Agent marked as inactive: settings_agent (instance: settings_agent_1765871024)
2025-12-16 15:51:38,494 - MCP Server - WARNING - Agent marked as inactive: network_agent (instance: network_agent_1765871025)
2025-12-16 15:51:38,494 - MCP Server - WARNING - Agent marked as inactive: app_agent (instance: app_agent_1765871026)
2025-12-16 15:51:38,494 - MCP Server - WARNING - Agent marked as inactive: monitor_agent (instance: monitor_agent_1765871027)
2025-12-16 15:51:38,494 - MCP Server - WARNING - Agent marked as inactive: media_agent (instance: media_agent_1765871028)
2025-12-16 15:51:41,497 - MCP Server - WARNING - Agent marked as inactive: file_agent (instance: file_agent_1765871023)
2025-12-16 15:51:41,497 - MCP Server - WARNING - Agent marked as inactive: settings_agent (instance: settings_agent_1765871024)
2025-12-16 15:51:41,497 - MCP Server - WARNING - Agent marked as inactive: network_agent (instance: network_agent_1765871025)
2025-12-16 15:51:41,498 - MCP Server - WARNING - Agent marked as inactive: app_agent (instance: app_agent_1765871026)
2025-12-16 15:51:41,498 - MCP Server - WARNING - Agent marked as inactive: monitor_agent (instance: monitor_agent_1765871027)
2025-12-16 15:51:41,498 - MCP Server - WARNING - Agent marked as inactive: media_agent (instance: media_agent_1765871028)
2025-12-16 15:51:44,501 - MCP Server - WARNING - Agent marked as inactive: file_agent (instance: file_agent_1765871023)
2025-12-16 15:51:44,501 - MCP Server - WARNING - Agent marked as inactive: settings_agent (instance: settings_agent_1765871024)
2025-12-16 15:51:44,501 - MCP Server - WARNING - Agent marked as inactive: network_agent (instance: network_agent_1765871025)
2025-12-16 15:51:44,501 - MCP Server - WARNING - Agent marked as inactive: app_agent (instance: app_agent_1765871026)
2025-12-16 15:51:44,501 - MCP Server - WARNING - Agent marked as inactive: monitor_agent (instance: monitor_agent_1765871027)
2025-12-16 15:51:44,501 - MCP Server - WARNING - Agent marked as inactive: media_agent (instance: media_agent_1765871028)
2025-12-16 15:51:46,545 - MCP Server - WARNING - 协作日志模块未找到，日志记录功能不可用
2025-12-16 15:51:46,547 - MCP Server - INFO - MCP Server initialized and registered on DBus
2025-12-16 15:51:46,547 - MCP Server - INFO - Tool added: echo
2025-12-16 15:51:46,548 - MCP Server - INFO - Heartbeat monitor started (3s interval)
2025-12-16 15:51:46,548 - MCP Server - INFO - ============================================================
2025-12-16 15:51:46,548 - MCP Server - INFO - MCP Server started successfully
2025-12-16 15:51:46,548 - MCP Server - INFO - ============================================================
2025-12-16 15:51:46,548 - MCP Server - INFO - Service name: com.kylin.mcp.MasterAgent
2025-12-16 15:51:46,548 - MCP Server - INFO - Object path: /com/kylin/mcp/MasterAgent
2025-12-16 15:51:46,548 - MCP Server - INFO - Interface name: com.kylin.mcp.MasterAgent
2025-12-16 15:51:46,548 - MCP Server - INFO - 
2025-12-16 15:51:46,548 - MCP Server - INFO - 等待子智能体注册...
2025-12-16 15:51:46,548 - MCP Server - INFO - ============================================================
2025-12-16 15:51:47,505 - MCP Server - WARNING - Agent marked as inactive: file_agent (instance: file_agent_1765871023)
2025-12-16 15:51:47,505 - MCP Server - WARNING - Agent marked as inactive: settings_agent (instance: settings_agent_1765871024)
2025-12-16 15:51:47,505 - MCP Server - WARNING - Agent marked as inactive: network_agent (instance: network_agent_1765871025)
2025-12-16 15:51:47,505 - MCP Server - WARNING - Agent marked as inactive: app_agent (instance: app_agent_1765871026)
2025-12-16 15:51:47,505 - MCP Server - WARNING - Agent marked as inactive: monitor_agent (instance: monitor_agent_1765871027)
2025-12-16 15:51:47,505 - MCP Server - WARNING - Agent marked as inactive: media_agent (instance: media_agent_1765871028)
2025-12-16 15:51:49,575 - MCP Server - INFO - Child agent registered: file_agent (instance: file_agent_1765871509)
2025-12-16 15:51:49,575 - MCP Server - INFO -   Tools: ['file_agent.search_file', 'file_agent.move_to_trash', 'file_agent.batch_rename']
2025-12-16 15:51:50,509 - MCP Server - WARNING - Agent marked as inactive: file_agent (instance: file_agent_1765871023)
2025-12-16 15:51:50,509 - MCP Server - WARNING - Agent marked as inactive: settings_agent (instance: settings_agent_1765871024)
2025-12-16 15:51:50,509 - MCP Server - WARNING - Agent marked as inactive: network_agent (instance: network_agent_1765871025)
2025-12-16 15:51:50,509 - MCP Server - WARNING - Agent marked as inactive: app_agent (instance: app_agent_1765871026)
2025-12-16 15:51:50,509 - MCP Server - WARNING - Agent marked as inactive: monitor_agent (instance: monitor_agent_1765871027)
2025-12-16 15:51:50,509 - MCP Server - WARNING - Agent marked as inactive: media_agent (instance: media_agent_1765871028)
2025-12-16 15:51:50,576 - MCP Server - INFO - Child agent registered: settings_agent (instance: settings_agent_1765871510)
2025-12-16 15:51:50,576 - MCP Server - INFO -   Tools: ['settings_agent.change_wallpaper', 'settings_agent.adjust_volume', 'settings_agent.bluetooth_manage']
2025-12-16 15:51:51,580 - MCP Server - INFO - Child agent registered: network_agent (instance: network_agent_1765871511)
2025-12-16 15:51:51,580 - MCP Server - INFO -   Tools: ['network_agent.list_wifi', 'network_agent.connect_wifi', 'network_agent.disconnect_wifi', 'network_agent.get_wifi_status', 'network_agent.set_proxy', 'network_agent.clear_proxy', 'network_agent.get_proxy_status', 'network_agent.speed_test', 'network_agent.get_network_status']
2025-12-16 15:51:52,589 - MCP Server - INFO - Child agent registered: app_agent (instance: app_agent_1765871512)
2025-12-16 15:51:52,589 - MCP Server - INFO -   Tools: ['app_agent.find_app', 'app_agent.launch_app', 'app_agent.close_app', 'app_agent.list_running_apps', 'app_agent.is_app_running', 'app_agent.app_quick_operation']
2025-12-16 15:51:53,513 - MCP Server - WARNING - Agent marked as inactive: file_agent (instance: file_agent_1765871023)
2025-12-16 15:51:53,513 - MCP Server - WARNING - Agent marked as inactive: settings_agent (instance: settings_agent_1765871024)
2025-12-16 15:51:53,513 - MCP Server - WARNING - Agent marked as inactive: network_agent (instance: network_agent_1765871025)
2025-12-16 15:51:53,513 - MCP Server - WARNING - Agent marked as inactive: app_agent (instance: app_agent_1765871026)
2025-12-16 15:51:53,513 - MCP Server - WARNING - Agent marked as inactive: monitor_agent (instance: monitor_agent_1765871027)
2025-12-16 15:51:53,513 - MCP Server - WARNING - Agent marked as inactive: media_agent (instance: media_agent_1765871028)
2025-12-16 15:51:53,592 - MCP Server - INFO - Child agent registered: monitor_agent (instance: monitor_agent_1765871513)
2025-12-16 15:51:53,593 - MCP Server - INFO -   Tools: ['monitor_agent.get_system_status', 'monitor_agent.clean_background_process', 'monitor_agent.monitor_agent_status']
2025-12-16 15:51:54,588 - MCP Server - INFO - Child agent registered: media_agent (instance: media_agent_1765871514)
2025-12-16 15:51:54,589 - MCP Server - INFO -   Tools: ['media_agent.play_media', 'media_agent.media_control', 'media_agent.capture_media_frame']
2025-12-16 15:51:56,517 - MCP Server - WARNING - Agent marked as inactive: file_agent (instance: file_agent_1765871023)
2025-12-16 15:51:56,517 - MCP Server - WARNING - Agent marked as inactive: settings_agent (instance: settings_agent_1765871024)
2025-12-16 15:51:56,517 - MCP Server - WARNING - Agent marked as inactive: network_agent (instance: network_agent_1765871025)
2025-12-16 15:51:56,517 - MCP Server - WARNING - Agent marked as inactive: app_agent (instance: app_agent_1765871026)
2025-12-16 15:51:56,517 - MCP Server - WARNING - Agent marked as inactive: monitor_agent (instance: monitor_agent_1765871027)
2025-12-16 15:51:56,517 - MCP Server - WARNING - Agent marked as inactive: media_agent (instance: media_agent_1765871028)
2025-12-16 15:51:59,520 - MCP Server - WARNING - Agent marked as inactive: file_agent (instance: file_agent_1765871023)
2025-12-16 15:51:59,521 - MCP Server - WARNING - Agent marked as inactive: settings_agent (instance: settings_agent_1765871024)
2025-12-16 15:51:59,521 - MCP Server - WARNING - Agent marked as inactive: network_agent (instance: network_agent_1765871025)
2025-12-16 15:51:59,521 - MCP Server - WARNING - Agent marked as inactive: app_agent (instance: app_agent_1765871026)
2025-12-16 15:51:59,521 - MCP Server - WARNING - Agent marked as inactive: monitor_agent (instance: monitor_agent_1765871027)
2025-12-16 15:51:59,521 - MCP Server - WARNING - Agent marked as inactive: media_agent (instance: media_agent_1765871028)
2025-12-16 15:52:02,524 - MCP Server - WARNING - Agent marked as inactive: file_agent (instance: file_agent_1765871023)
2025-12-16 15:52:02,524 - MCP Server - WARNING - Agent marked as inactive: settings_agent (instance: settings_agent_1765871024)
2025-12-16 15:52:02,524 - MCP Server - WARNING - Agent marked as inactive: network_agent (instance: network_agent_1765871025)
2025-12-16 15:52:02,525 - MCP Server - WARNING - Agent marked as inactive: app_agent (instance: app_agent_1765871026)
2025-12-16 15:52:02,525 - MCP Server - WARNING - Agent marked as inactive: monitor_agent (instance: monitor_agent_1765871027)
2025-12-16 15:52:02,525 - MCP Server - WARNING - Agent marked as inactive: media_agent (instance: media_agent_1765871028)
2025-12-16 15:52:05,528 - MCP Server - WARNING - Agent marked as inactive: file_agent (instance: file_agent_1765871023)
2025-12-16 15:52:05,528 - MCP Server - WARNING - Agent marked as inactive: settings_agent (instance: settings_agent_1765871024)
2025-12-16 15:52:05,528 - MCP Server - WARNING - Agent marked as inactive: network_agent (instance: network_agent_1765871025)
2025-12-16 15:52:05,528 - MCP Server - WARNING - Agent marked as inactive: app_agent (instance: app_agent_1765871026)
2025-12-16 15:52:05,528 - MCP Server - WARNING - Agent marked as inactive: monitor_agent (instance: monitor_agent_1765871027)
2025-12-16 15:52:05,529 - MCP Server - WARNING - Agent marked as inactive: media_agent (instance: media_agent_1765871028)
2025-12-16 15:52:08,532 - MCP Server - WARNING - Agent marked as inactive: file_agent (instance: file_agent_1765871023)
2025-12-16 15:52:08,532 - MCP Server - WARNING - Agent marked as inactive: settings_agent (instance: settings_agent_1765871024)
2025-12-16 15:52:08,532 - MCP Server - WARNING - Agent marked as inactive: network_agent (instance: network_agent_1765871025)
2025-12-16 15:52:08,532 - MCP Server - WARNING - Agent marked as inactive: app_agent (instance: app_agent_1765871026)
2025-12-16 15:52:08,532 - MCP Server - WARNING - Agent marked as inactive: monitor_agent (instance: monitor_agent_1765871027)
2025-12-16 15:52:08,532 - MCP Server - WARNING - Agent marked as inactive: media_agent (instance: media_agent_1765871028)
2025-12-16 15:52:11,536 - MCP Server - WARNING - Agent marked as inactive: file_agent (instance: file_agent_1765871023)
2025-12-16 15:52:11,536 - MCP Server - WARNING - Agent marked as inactive: settings_agent (instance: settings_agent_1765871024)
2025-12-16 15:52:11,536 - MCP Server - WARNING - Agent marked as inactive: network_agent (instance: network_agent_1765871025)
2025-12-16 15:52:11,536 - MCP Server - WARNING - Agent marked as inactive: app_agent (instance: app_agent_1765871026)
2025-12-16 15:52:11,536 - MCP Server - WARNING - Agent marked as inactive: monitor_agent (instance: monitor_agent_1765871027)
2025-12-16 15:52:11,536 - MCP Server - WARNING - Agent marked as inactive: media_agent (instance: media_agent_1765871028)
2025-12-16 15:52:14,539 - MCP Server - WARNING - Agent marked as inactive: file_agent (instance: file_agent_1765871023)
2025-12-16 15:52:14,540 - MCP Server - WARNING - Agent marked as inactive: settings_agent (instance: settings_agent_1765871024)
2025-12-16 15:52:14,540 - MCP Server - WARNING - Agent marked as inactive: network_agent (instance: network_agent_1765871025)
2025-12-16 15:52:14,540 - MCP Server - WARNING - Agent marked as inactive: app_agent (instance: app_agent_1765871026)
2025-12-16 15:52:14,540 - MCP Server - WARNING - Agent marked as inactive: monitor_agent (instance: monitor_agent_1765871027)
2025-12-16 15:52:14,540 - MCP Server - WARNING - Agent marked as inactive: media_agent (instance: media_agent_1765871028)
2025-12-16 15:52:17,543 - MCP Server - WARNING - Agent marked as inactive: file_agent (instance: file_agent_1765871023)
2025-12-16 15:52:17,544 - MCP Server - WARNING - Agent marked as inactive: settings_agent (instance: settings_agent_1765871024)
2025-12-16 15:52:17,544 - MCP Server - WARNING - Agent marked as inactive: network_agent (instance: network_agent_1765871025)
2025-12-16 15:52:17,544 - MCP Server - WARNING - Agent marked as inactive: app_agent (instance: app_agent_1765871026)
2025-12-16 15:52:17,544 - MCP Server - WARNING - Agent marked as inactive: monitor_agent (instance: monitor_agent_1765871027)
2025-12-16 15:52:17,544 - MCP Server - WARNING - Agent marked as inactive: media_agent (instance: media_agent_1765871028)
2025-12-16 15:52:20,547 - MCP Server - WARNING - Agent marked as inactive: file_agent (instance: file_agent_1765871023)
2025-12-16 15:52:20,547 - MCP Server - WARNING - Agent marked as inactive: settings_agent (instance: settings_agent_1765871024)
2025-12-16 15:52:20,548 - MCP Server - WARNING - Agent marked as inactive: network_agent (instance: network_agent_1765871025)
2025-12-16 15:52:20,548 - MCP Server - WARNING - Agent marked as inactive: app_agent (instance: app_agent_1765871026)
2025-12-16 15:52:20,548 - MCP Server - WARNING - Agent marked as inactive: monitor_agent (instance: monitor_agent_1765871027)
2025-12-16 15:52:20,548 - MCP Server - WARNING - Agent marked as inactive: media_agent (instance: media_agent_1765871028)
2025-12-16 15:52:23,551 - MCP Server - WARNING - Agent marked as inactive: file_agent (instance: file_agent_1765871023)
2025-12-16 15:52:23,551 - MCP Server - WARNING - Agent marked as inactive: settings_agent (instance: settings_agent_1765871024)
2025-12-16 15:52:23,551 - MCP Server - WARNING - Agent marked as inactive: network_agent (instance: network_agent_1765871025)
2025-12-16 15:52:23,552 - MCP Server - WARNING - Agent marked as inactive: app_agent (instance: app_agent_1765871026)
2025-12-16 15:52:23,552 - MCP Server - WARNING - Agent marked as inactive: monitor_agent (instance: monitor_agent_1765871027)
2025-12-16 15:52:23,552 - MCP Server - WARNING - Agent marked as inactive: media_agent (instance: media_agent_1765871028)
2025-12-16 15:52:26,555 - MCP Server - WARNING - Agent marked as inactive: file_agent (instance: file_agent_1765871023)
2025-12-16 15:52:26,555 - MCP Server - WARNING - Agent marked as inactive: settings_agent (instance: settings_agent_1765871024)
2025-12-16 15:52:26,555 - MCP Server - WARNING - Agent marked as inactive: network_agent (instance: network_agent_1765871025)
2025-12-16 15:52:26,555 - MCP Server - WARNING - Agent marked as inactive: app_agent (instance: app_agent_1765871026)
2025-12-16 15:52:26,556 - MCP Server - WARNING - Agent marked as inactive: monitor_agent (instance: monitor_agent_1765871027)
2025-12-16 15:52:26,556 - MCP Server - WARNING - Agent marked as inactive: media_agent (instance: media_agent_1765871028)
2025-12-16 15:52:29,559 - MCP Server - WARNING - Agent marked as inactive: file_agent (instance: file_agent_1765871023)
2025-12-16 15:52:29,559 - MCP Server - WARNING - Agent marked as inactive: settings_agent (instance: settings_agent_1765871024)
2025-12-16 15:52:29,559 - MCP Server - WARNING - Agent marked as inactive: network_agent (instance: network_agent_1765871025)
2025-12-16 15:52:29,559 - MCP Server - WARNING - Agent marked as inactive: app_agent (instance: app_agent_1765871026)
2025-12-16 15:52:29,559 - MCP Server - WARNING - Agent marked as inactive: monitor_agent (instance: monitor_agent_1765871027)
2025-12-16 15:52:29,560 - MCP Server - WARNING - Agent marked as inactive: media_agent (instance: media_agent_1765871028)
2025-12-16 15:52:32,563 - MCP Server - WARNING - Agent marked as inactive: file_agent (instance: file_agent_1765871023)
2025-12-16 15:52:32,563 - MCP Server - WARNING - Agent marked as inactive: settings_agent (instance: settings_agent_1765871024)
2025-12-16 15:52:32,563 - MCP Server - WARNING - Agent marked as inactive: network_agent (instance: network_agent_1765871025)
2025-12-16 15:52:32,563 - MCP Server - WARNING - Agent marked as inactive: app_agent (instance: app_agent_1765871026)
2025-12-16 15:52:32,563 - MCP Server - WARNING - Agent marked as inactive: monitor_agent (instance: monitor_agent_1765871027)
2025-12-16 15:52:32,563 - MCP Server - WARNING - Agent marked as inactive: media_agent (instance: media_agent_1765871028)
2025-12-16 15:52:35,567 - MCP Server - WARNING - Agent marked as inactive: file_agent (instance: file_agent_1765871023)
2025-12-16 15:52:35,567 - MCP Server - WARNING - Agent marked as inactive: settings_agent (instance: settings_agent_1765871024)
2025-12-16 15:52:35,567 - MCP Server - WARNING - Agent marked as inactive: network_agent (instance: network_agent_1765871025)
2025-12-16 15:52:35,567 - MCP Server - WARNING - Agent marked as inactive: app_agent (instance: app_agent_1765871026)
2025-12-16 15:52:35,567 - MCP Server - WARNING - Agent marked as inactive: monitor_agent (instance: monitor_agent_1765871027)
2025-12-16 15:52:35,567 - MCP Server - WARNING - Agent marked as inactive: media_agent (instance: media_agent_1765871028)
2025-12-16 15:52:38,571 - MCP Server - WARNING - Agent marked as inactive: file_agent (instance: file_agent_1765871023)
2025-12-16 15:52:38,571 - MCP Server - WARNING - Agent marked as inactive: settings_agent (instance: settings_agent_1765871024)
2025-12-16 15:52:38,571 - MCP Server - WARNING - Agent marked as inactive: network_agent (instance: network_agent_1765871025)
2025-12-16 15:52:38,571 - MCP Server - WARNING - Agent marked as inactive: app_agent (instance: app_agent_1765871026)
2025-12-16 15:52:38,571 - MCP Server - WARNING - Agent marked as inactive: monitor_agent (instance: monitor_agent_1765871027)
2025-12-16 15:52:38,571 - MCP Server - WARNING - Agent marked as inactive: media_agent (instance: media_agent_1765871028)
2025-12-16 15:52:41,574 - MCP Server - WARNING - Agent marked as inactive: file_agent (instance: file_agent_1765871023)
2025-12-16 15:52:41,575 - MCP Server - WARNING - Agent marked as inactive: settings_agent (instance: settings_agent_1765871024)
2025-12-16 15:52:41,575 - MCP Server - WARNING - Agent marked as inactive: network_agent (instance: network_agent_1765871025)
2025-12-16 15:52:41,575 - MCP Server - WARNING - Agent marked as inactive: app_agent (instance: app_agent_1765871026)
2025-12-16 15:52:41,575 - MCP Server - WARNING - Agent marked as inactive: monitor_agent (instance: monitor_agent_1765871027)
2025-12-16 15:52:41,575 - MCP Server - WARNING - Agent marked as inactive: media_agent (instance: media_agent_1765871028)
2025-12-16 15:52:44,578 - MCP Server - WARNING - Agent marked as inactive: file_agent (instance: file_agent_1765871023)
2025-12-16 15:52:44,579 - MCP Server - WARNING - Agent marked as inactive: settings_agent (instance: settings_agent_1765871024)
2025-12-16 15:52:44,579 - MCP Server - WARNING - Agent marked as inactive: network_agent (instance: network_agent_1765871025)
2025-12-16 15:52:44,579 - MCP Server - WARNING - Agent marked as inactive: app_agent (instance: app_agent_1765871026)
2025-12-16 15:52:44,579 - MCP Server - WARNING - Agent marked as inactive: monitor_agent (instance: monitor_agent_1765871027)
2025-12-16 15:52:44,579 - MCP Server - WARNING - Agent marked as inactive: media_agent (instance: media_agent_1765871028)
2025-12-16 15:52:47,582 - MCP Server - WARNING - Agent marked as inactive: file_agent (instance: file_agent_1765871023)
2025-12-16 15:52:47,582 - MCP Server - WARNING - Agent marked as inactive: settings_agent (instance: settings_agent_1765871024)
2025-12-16 15:52:47,583 - MCP Server - WARNING - Agent marked as inactive: network_agent (instance: network_agent_1765871025)
2025-12-16 15:52:47,583 - MCP Server - WARNING - Agent marked as inactive: app_agent (instance: app_agent_1765871026)
2025-12-16 15:52:47,583 - MCP Server - WARNING - Agent marked as inactive: monitor_agent (instance: monitor_agent_1765871027)
2025-12-16 15:52:47,583 - MCP Server - WARNING - Agent marked as inactive: media_agent (instance: media_agent_1765871028)
2025-12-16 15:52:49,611 - MCP Server - INFO - 📡 广播状态: file_agent (file_agent_1765871509) -> offline
2025-12-16 15:52:49,611 - MCP Server - WARNING - Agent marked as inactive: file_agent (instance: file_agent_1765871509)
2025-12-16 15:52:50,586 - MCP Server - WARNING - Agent marked as inactive: file_agent (instance: file_agent_1765871023)
2025-12-16 15:52:50,586 - MCP Server - WARNING - Agent marked as inactive: settings_agent (instance: settings_agent_1765871024)
2025-12-16 15:52:50,587 - MCP Server - WARNING - Agent marked as inactive: network_agent (instance: network_agent_1765871025)
2025-12-16 15:52:50,587 - MCP Server - WARNING - Agent marked as inactive: app_agent (instance: app_agent_1765871026)
2025-12-16 15:52:50,587 - MCP Server - WARNING - Agent marked as inactive: monitor_agent (instance: monitor_agent_1765871027)
2025-12-16 15:52:50,587 - MCP Server - WARNING - Agent marked as inactive: media_agent (instance: media_agent_1765871028)
2025-12-16 15:52:52,614 - MCP Server - WARNING - Agent marked as inactive: file_agent (instance: file_agent_1765871509)
2025-12-16 15:52:52,615 - MCP Server - INFO - 📡 广播状态: settings_agent (settings_agent_1765871510) -> offline
2025-12-16 15:52:52,615 - MCP Server - WARNING - Agent marked as inactive: settings_agent (instance: settings_agent_1765871510)
2025-12-16 15:52:52,615 - MCP Server - INFO - 📡 广播状态: network_agent (network_agent_1765871511) -> offline
2025-12-16 15:52:52,615 - MCP Server - WARNING - Agent marked as inactive: network_agent (instance: network_agent_1765871511)
2025-12-16 15:52:52,615 - MCP Server - INFO - 📡 广播状态: app_agent (app_agent_1765871512) -> offline
2025-12-16 15:52:52,615 - MCP Server - WARNING - Agent marked as inactive: app_agent (instance: app_agent_1765871512)
2025-12-16 15:52:53,590 - MCP Server - WARNING - Agent marked as inactive: file_agent (instance: file_agent_1765871023)
2025-12-16 15:52:53,590 - MCP Server - WARNING - Agent marked as inactive: settings_agent (instance: settings_agent_1765871024)
2025-12-16 15:52:53,590 - MCP Server - WARNING - Agent marked as inactive: network_agent (instance: network_agent_1765871025)
2025-12-16 15:52:53,591 - MCP Server - WARNING - Agent marked as inactive: app_agent (instance: app_agent_1765871026)
2025-12-16 15:52:53,591 - MCP Server - WARNING - Agent marked as inactive: monitor_agent (instance: monitor_agent_1765871027)
2025-12-16 15:52:53,591 - MCP Server - WARNING - Agent marked as inactive: media_agent (instance: media_agent_1765871028)
2025-12-16 15:52:55,618 - MCP Server - WARNING - Agent marked as inactive: file_agent (instance: file_agent_1765871509)
2025-12-16 15:52:55,619 - MCP Server - WARNING - Agent marked as inactive: settings_agent (instance: settings_agent_1765871510)
2025-12-16 15:52:55,619 - MCP Server - WARNING - Agent marked as inactive: network_agent (instance: network_agent_1765871511)
2025-12-16 15:52:55,619 - MCP Server - WARNING - Agent marked as inactive: app_agent (instance: app_agent_1765871512)
2025-12-16 15:52:55,619 - MCP Server - INFO - 📡 广播状态: monitor_agent (monitor_agent_1765871513) -> offline
2025-12-16 15:52:55,619 - MCP Server - WARNING - Agent marked as inactive: monitor_agent (instance: monitor_agent_1765871513)
2025-12-16 15:52:55,619 - MCP Server - INFO - 📡 广播状态: media_agent (media_agent_1765871514) -> offline
2025-12-16 15:52:55,619 - MCP Server - WARNING - Agent marked as inactive: media_agent (instance: media_agent_1765871514)
2025-12-16 15:52:56,594 - MCP Server - WARNING - Agent marked as inactive: file_agent (instance: file_agent_1765871023)
2025-12-16 15:52:56,594 - MCP Server - WARNING - Agent marked as inactive: settings_agent (instance: settings_agent_1765871024)
2025-12-16 15:52:56,594 - MCP Server - WARNING - Agent marked as inactive: network_agent (instance: network_agent_1765871025)
2025-12-16 15:52:56,595 - MCP Server - WARNING - Agent marked as inactive: app_agent (instance: app_agent_1765871026)
2025-12-16 15:52:56,595 - MCP Server - WARNING - Agent marked as inactive: monitor_agent (instance: monitor_agent_1765871027)
2025-12-16 15:52:56,595 - MCP Server - WARNING - Agent marked as inactive: media_agent (instance: media_agent_1765871028)
2025-12-16 15:52:58,622 - MCP Server - WARNING - Agent marked as inactive: file_agent (instance: file_agent_1765871509)
2025-12-16 15:52:58,623 - MCP Server - WARNING - Agent marked as inactive: settings_agent (instance: settings_agent_1765871510)
2025-12-16 15:52:58,623 - MCP Server - WARNING - Agent marked as inactive: network_agent (instance: network_agent_1765871511)
2025-12-16 15:52:58,623 - MCP Server - WARNING - Agent marked as inactive: app_agent (instance: app_agent_1765871512)
2025-12-16 15:52:58,623 - MCP Server - WARNING - Agent marked as inactive: monitor_agent (instance: monitor_agent_1765871513)
2025-12-16 15:52:58,623 - MCP Server - WARNING - Agent marked as inactive: media_agent (instance: media_agent_1765871514)
2025-12-16 15:52:59,598 - MCP Server - WARNING - Agent marked as inactive: file_agent (instance: file_agent_1765871023)
2025-12-16 15:52:59,598 - MCP Server - WARNING - Agent marked as inactive: settings_agent (instance: settings_agent_1765871024)
2025-12-16 15:52:59,598 - MCP Server - WARNING - Agent marked as inactive: network_agent (instance: network_agent_1765871025)
2025-12-16 15:52:59,598 - MCP Server - WARNING - Agent marked as inactive: app_agent (instance: app_agent_1765871026)
2025-12-16 15:52:59,599 - MCP Server - WARNING - Agent marked as inactive: monitor_agent (instance: monitor_agent_1765871027)
2025-12-16 15:52:59,599 - MCP Server - WARNING - Agent marked as inactive: media_agent (instance: media_agent_1765871028)
2025-12-16 15:53:01,626 - MCP Server - WARNING - Agent marked as inactive: file_agent (instance: file_agent_1765871509)
2025-12-16 15:53:01,626 - MCP Server - WARNING - Agent marked as inactive: settings_agent (instance: settings_agent_1765871510)
2025-12-16 15:53:01,627 - MCP Server - WARNING - Agent marked as inactive: network_agent (instance: network_agent_1765871511)
2025-12-16 15:53:01,627 - MCP Server - WARNING - Agent marked as inactive: app_agent (instance: app_agent_1765871512)
2025-12-16 15:53:01,627 - MCP Server - WARNING - Agent marked as inactive: monitor_agent (instance: monitor_agent_1765871513)
2025-12-16 15:53:01,627 - MCP Server - WARNING - Agent marked as inactive: media_agent (instance: media_agent_1765871514)
2025-12-16 15:53:02,602 - MCP Server - WARNING - Agent marked as inactive: file_agent (instance: file_agent_1765871023)
2025-12-16 15:53:02,602 - MCP Server - WARNING - Agent marked as inactive: settings_agent (instance: settings_agent_1765871024)
2025-12-16 15:53:02,602 - MCP Server - WARNING - Agent marked as inactive: network_agent (instance: network_agent_1765871025)
2025-12-16 15:53:02,602 - MCP Server - WARNING - Agent marked as inactive: app_agent (instance: app_agent_1765871026)
2025-12-16 15:53:02,603 - MCP Server - WARNING - Agent marked as inactive: monitor_agent (instance: monitor_agent_1765871027)
2025-12-16 15:53:02,603 - MCP Server - WARNING - Agent marked as inactive: media_agent (instance: media_agent_1765871028)
2025-12-16 15:53:04,630 - MCP Server - WARNING - Agent marked as inactive: file_agent (instance: file_agent_1765871509)
2025-12-16 15:53:04,630 - MCP Server - WARNING - Agent marked as inactive: settings_agent (instance: settings_agent_1765871510)
2025-12-16 15:53:04,630 - MCP Server - WARNING - Agent marked as inactive: network_agent (instance: network_agent_1765871511)
2025-12-16 15:53:04,630 - MCP Server - WARNING - Agent marked as inactive: app_agent (instance: app_agent_1765871512)
2025-12-16 15:53:04,631 - MCP Server - WARNING - Agent marked as inactive: monitor_agent (instance: monitor_agent_1765871513)
2025-12-16 15:53:04,631 - MCP Server - WARNING - Agent marked as inactive: media_agent (instance: media_agent_1765871514)
2025-12-16 15:53:05,606 - MCP Server - WARNING - Agent marked as inactive: file_agent (instance: file_agent_1765871023)
2025-12-16 15:53:05,606 - MCP Server - WARNING - Agent marked as inactive: settings_agent (instance: settings_agent_1765871024)
2025-12-16 15:53:05,606 - MCP Server - WARNING - Agent marked as inactive: network_agent (instance: network_agent_1765871025)
2025-12-16 15:53:05,606 - MCP Server - WARNING - Agent marked as inactive: app_agent (instance: app_agent_1765871026)
2025-12-16 15:53:05,606 - MCP Server - WARNING - Agent marked as inactive: monitor_agent (instance: monitor_agent_1765871027)
2025-12-16 15:53:05,607 - MCP Server - WARNING - Agent marked as inactive: media_agent (instance: media_agent_1765871028)
2025-12-16 15:53:07,634 - MCP Server - WARNING - Agent marked as inactive: file_agent (instance: file_agent_1765871509)
2025-12-16 15:53:07,634 - MCP Server - WARNING - Agent marked as inactive: settings_agent (instance: settings_agent_1765871510)
2025-12-16 15:53:07,634 - MCP Server - WARNING - Agent marked as inactive: network_agent (instance: network_agent_1765871511)
2025-12-16 15:53:07,634 - MCP Server - WARNING - Agent marked as inactive: app_agent (instance: app_agent_1765871512)
2025-12-16 15:53:07,634 - MCP Server - WARNING - Agent marked as inactive: monitor_agent (instance: monitor_agent_1765871513)
2025-12-16 15:53:07,635 - MCP Server - WARNING - Agent marked as inactive: media_agent (instance: media_agent_1765871514)
2025-12-16 15:53:08,610 - MCP Server - WARNING - Agent marked as inactive: file_agent (instance: file_agent_1765871023)
2025-12-16 15:53:08,610 - MCP Server - WARNING - Agent marked as inactive: settings_agent (instance: settings_agent_1765871024)
2025-12-16 15:53:08,610 - MCP Server - WARNING - Agent marked as inactive: network_agent (instance: network_agent_1765871025)
2025-12-16 15:53:08,610 - MCP Server - WARNING - Agent marked as inactive: app_agent (instance: app_agent_1765871026)
2025-12-16 15:53:08,610 - MCP Server - WARNING - Agent marked as inactive: monitor_agent (instance: monitor_agent_1765871027)
2025-12-16 15:53:08,610 - MCP Server - WARNING - Agent marked as inactive: media_agent (instance: media_agent_1765871028)
2025-12-16 15:53:10,638 - MCP Server - WARNING - Agent marked as inactive: file_agent (instance: file_agent_1765871509)
2025-12-16 15:53:10,638 - MCP Server - WARNING - Agent marked as inactive: settings_agent (instance: settings_agent_1765871510)
2025-12-16 15:53:10,638 - MCP Server - WARNING - Agent marked as inactive: network_agent (instance: network_agent_1765871511)
2025-12-16 15:53:10,638 - MCP Server - WARNING - Agent marked as inactive: app_agent (instance: app_agent_1765871512)
2025-12-16 15:53:10,638 - MCP Server - WARNING - Agent marked as inactive: monitor_agent (instance: monitor_agent_1765871513)
2025-12-16 15:53:10,638 - MCP Server - WARNING - Agent marked as inactive: media_agent (instance: media_agent_1765871514)
2025-12-16 15:53:11,614 - MCP Server - WARNING - Agent marked as inactive: file_agent (instance: file_agent_1765871023)
2025-12-16 15:53:11,614 - MCP Server - WARNING - Agent marked as inactive: settings_agent (instance: settings_agent_1765871024)
2025-12-16 15:53:11,614 - MCP Server - WARNING - Agent marked as inactive: network_agent (instance: network_agent_1765871025)
2025-12-16 15:53:11,614 - MCP Server - WARNING - Agent marked as inactive: app_agent (instance: app_agent_1765871026)
2025-12-16 15:53:11,614 - MCP Server - WARNING - Agent marked as inactive: monitor_agent (instance: monitor_agent_1765871027)
2025-12-16 15:53:11,614 - MCP Server - WARNING - Agent marked as inactive: media_agent (instance: media_agent_1765871028)
2025-12-16 15:53:13,641 - MCP Server - WARNING - Agent marked as inactive: file_agent (instance: file_agent_1765871509)
2025-12-16 15:53:13,642 - MCP Server - WARNING - Agent marked as inactive: settings_agent (instance: settings_agent_1765871510)
2025-12-16 15:53:13,642 - MCP Server - WARNING - Agent marked as inactive: network_agent (instance: network_agent_1765871511)
2025-12-16 15:53:13,642 - MCP Server - WARNING - Agent marked as inactive: app_agent (instance: app_agent_1765871512)
2025-12-16 15:53:13,642 - MCP Server - WARNING - Agent marked as inactive: monitor_agent (instance: monitor_agent_1765871513)
2025-12-16 15:53:13,642 - MCP Server - WARNING - Agent marked as inactive: media_agent (instance: media_agent_1765871514)
2025-12-16 15:53:14,618 - MCP Server - WARNING - Agent marked as inactive: file_agent (instance: file_agent_1765871023)
2025-12-16 15:53:14,618 - MCP Server - WARNING - Agent marked as inactive: settings_agent (instance: settings_agent_1765871024)
2025-12-16 15:53:14,618 - MCP Server - WARNING - Agent marked as inactive: network_agent (instance: network_agent_1765871025)
2025-12-16 15:53:14,618 - MCP Server - WARNING - Agent marked as inactive: app_agent (instance: app_agent_1765871026)
2025-12-16 15:53:14,618 - MCP Server - WARNING - Agent marked as inactive: monitor_agent (instance: monitor_agent_1765871027)
2025-12-16 15:53:14,618 - MCP Server - WARNING - Agent marked as inactive: media_agent (instance: media_agent_1765871028)
2025-12-16 15:53:16,645 - MCP Server - WARNING - Agent marked as inactive: file_agent (instance: file_agent_1765871509)
2025-12-16 15:53:16,646 - MCP Server - WARNING - Agent marked as inactive: settings_agent (instance: settings_agent_1765871510)
2025-12-16 15:53:16,646 - MCP Server - WARNING - Agent marked as inactive: network_agent (instance: network_agent_1765871511)
2025-12-16 15:53:16,646 - MCP Server - WARNING - Agent marked as inactive: app_agent (instance: app_agent_1765871512)
2025-12-16 15:53:16,646 - MCP Server - WARNING - Agent marked as inactive: monitor_agent (instance: monitor_agent_1765871513)
2025-12-16 15:53:16,646 - MCP Server - WARNING - Agent marked as inactive: media_agent (instance: media_agent_1765871514)
2025-12-16 15:53:17,621 - MCP Server - WARNING - Agent marked as inactive: file_agent (instance: file_agent_1765871023)
2025-12-16 15:53:17,622 - MCP Server - WARNING - Agent marked as inactive: settings_agent (instance: settings_agent_1765871024)
2025-12-16 15:53:17,622 - MCP Server - WARNING - Agent marked as inactive: network_agent (instance: network_agent_1765871025)
2025-12-16 15:53:17,622 - MCP Server - WARNING - Agent marked as inactive: app_agent (instance: app_agent_1765871026)
2025-12-16 15:53:17,622 - MCP Server - WARNING - Agent marked as inactive: monitor_agent (instance: monitor_agent_1765871027)
2025-12-16 15:53:17,622 - MCP Server - WARNING - Agent marked as inactive: media_agent (instance: media_agent_1765871028)
2025-12-16 15:53:19,649 - MCP Server - WARNING - Agent marked as inactive: file_agent (instance: file_agent_1765871509)
2025-12-16 15:53:19,649 - MCP Server - WARNING - Agent marked as inactive: settings_agent (instance: settings_agent_1765871510)
2025-12-16 15:53:19,650 - MCP Server - WARNING - Agent marked as inactive: network_agent (instance: network_agent_1765871511)
2025-12-16 15:53:19,650 - MCP Server - WARNING - Agent marked as inactive: app_agent (instance: app_agent_1765871512)
2025-12-16 15:53:19,650 - MCP Server - WARNING - Agent marked as inactive: monitor_agent (instance: monitor_agent_1765871513)
2025-12-16 15:53:19,650 - MCP Server - WARNING - Agent marked as inactive: media_agent (instance: media_agent_1765871514)
2025-12-16 15:53:20,625 - MCP Server - WARNING - Agent marked as inactive: file_agent (instance: file_agent_1765871023)
2025-12-16 15:53:20,626 - MCP Server - WARNING - Agent marked as inactive: settings_agent (instance: settings_agent_1765871024)
2025-12-16 15:53:20,626 - MCP Server - WARNING - Agent marked as inactive: network_agent (instance: network_agent_1765871025)
2025-12-16 15:53:20,626 - MCP Server - WARNING - Agent marked as inactive: app_agent (instance: app_agent_1765871026)
2025-12-16 15:53:20,626 - MCP Server - WARNING - Agent marked as inactive: monitor_agent (instance: monitor_agent_1765871027)
2025-12-16 15:53:20,626 - MCP Server - WARNING - Agent marked as inactive: media_agent (instance: media_agent_1765871028)
2025-12-16 15:53:22,653 - MCP Server - WARNING - Agent marked as inactive: file_agent (instance: file_agent_1765871509)
2025-12-16 15:53:22,653 - MCP Server - WARNING - Agent marked as inactive: settings_agent (instance: settings_agent_1765871510)
2025-12-16 15:53:22,654 - MCP Server - WARNING - Agent marked as inactive: network_agent (instance: network_agent_1765871511)
2025-12-16 15:53:22,654 - MCP Server - WARNING - Agent marked as inactive: app_agent (instance: app_agent_1765871512)
2025-12-16 15:53:22,654 - MCP Server - WARNING - Agent marked as inactive: monitor_agent (instance: monitor_agent_1765871513)
2025-12-16 15:53:22,654 - MCP Server - WARNING - Agent marked as inactive: media_agent (instance: media_agent_1765871514)
2025-12-16 15:53:23,629 - MCP Server - WARNING - Agent marked as inactive: file_agent (instance: file_agent_1765871023)
2025-12-16 15:53:23,630 - MCP Server - WARNING - Agent marked as inactive: settings_agent (instance: settings_agent_1765871024)
2025-12-16 15:53:23,630 - MCP Server - WARNING - Agent marked as inactive: network_agent (instance: network_agent_1765871025)
2025-12-16 15:53:23,630 - MCP Server - WARNING - Agent marked as inactive: app_agent (instance: app_agent_1765871026)
2025-12-16 15:53:23,630 - MCP Server - WARNING - Agent marked as inactive: monitor_agent (instance: monitor_agent_1765871027)
2025-12-16 15:53:23,630 - MCP Server - WARNING - Agent marked as inactive: media_agent (instance: media_agent_1765871028)
2025-12-16 15:53:25,657 - MCP Server - WARNING - Agent marked as inactive: file_agent (instance: file_agent_1765871509)
2025-12-16 15:53:25,657 - MCP Server - WARNING - Agent marked as inactive: settings_agent (instance: settings_agent_1765871510)
2025-12-16 15:53:25,657 - MCP Server - WARNING - Agent marked as inactive: network_agent (instance: network_agent_1765871511)
2025-12-16 15:53:25,657 - MCP Server - WARNING - Agent marked as inactive: app_agent (instance: app_agent_1765871512)
2025-12-16 15:53:25,657 - MCP Server - WARNING - Agent marked as inactive: monitor_agent (instance: monitor_agent_1765871513)
2025-12-16 15:53:25,657 - MCP Server - WARNING - Agent marked as inactive: media_agent (instance: media_agent_1765871514)
2025-12-16 15:53:26,633 - MCP Server - WARNING - Agent marked as inactive: file_agent (instance: file_agent_1765871023)
2025-12-16 15:53:26,633 - MCP Server - WARNING - Agent marked as inactive: settings_agent (instance: settings_agent_1765871024)
2025-12-16 15:53:26,633 - MCP Server - WARNING - Agent marked as inactive: network_agent (instance: network_agent_1765871025)
2025-12-16 15:53:26,634 - MCP Server - WARNING - Agent marked as inactive: app_agent (instance: app_agent_1765871026)
2025-12-16 15:53:26,634 - MCP Server - WARNING - Agent marked as inactive: monitor_agent (instance: monitor_agent_1765871027)
2025-12-16 15:53:26,634 - MCP Server - WARNING - Agent marked as inactive: media_agent (instance: media_agent_1765871028)
2025-12-16 15:53:28,661 - MCP Server - WARNING - Agent marked as inactive: file_agent (instance: file_agent_1765871509)
2025-12-16 15:53:28,661 - MCP Server - WARNING - Agent marked as inactive: settings_agent (instance: settings_agent_1765871510)
2025-12-16 15:53:28,661 - MCP Server - WARNING - Agent marked as inactive: network_agent (instance: network_agent_1765871511)
2025-12-16 15:53:28,661 - MCP Server - WARNING - Agent marked as inactive: app_agent (instance: app_agent_1765871512)
2025-12-16 15:53:28,661 - MCP Server - WARNING - Agent marked as inactive: monitor_agent (instance: monitor_agent_1765871513)
2025-12-16 15:53:28,661 - MCP Server - WARNING - Agent marked as inactive: media_agent (instance: media_agent_1765871514)
2025-12-16 15:53:29,637 - MCP Server - WARNING - Agent marked as inactive: file_agent (instance: file_agent_1765871023)
2025-12-16 15:53:29,637 - MCP Server - WARNING - Agent marked as inactive: settings_agent (instance: settings_agent_1765871024)
2025-12-16 15:53:29,637 - MCP Server - WARNING - Agent marked as inactive: network_agent (instance: network_agent_1765871025)
2025-12-16 15:53:29,637 - MCP Server - WARNING - Agent marked as inactive: app_agent (instance: app_agent_1765871026)
2025-12-16 15:53:29,637 - MCP Server - WARNING - Agent marked as inactive: monitor_agent (instance: monitor_agent_1765871027)
2025-12-16 15:53:29,637 - MCP Server - WARNING - Agent marked as inactive: media_agent (instance: media_agent_1765871028)
2025-12-16 15:53:31,665 - MCP Server - WARNING - Agent marked as inactive: file_agent (instance: file_agent_1765871509)
2025-12-16 15:53:31,665 - MCP Server - WARNING - Agent marked as inactive: settings_agent (instance: settings_agent_1765871510)
2025-12-16 15:53:31,665 - MCP Server - WARNING - Agent marked as inactive: network_agent (instance: network_agent_1765871511)
2025-12-16 15:53:31,665 - MCP Server - WARNING - Agent marked as inactive: app_agent (instance: app_agent_1765871512)
2025-12-16 15:53:31,665 - MCP Server - WARNING - Agent marked as inactive: monitor_agent (instance: monitor_agent_1765871513)
2025-12-16 15:53:31,665 - MCP Server - WARNING - Agent marked as inactive: media_agent (instance: media_agent_1765871514)
2025-12-16 15:53:32,641 - MCP Server - WARNING - Agent marked as inactive: file_agent (instance: file_agent_1765871023)
2025-12-16 15:53:32,641 - MCP Server - WARNING - Agent marked as inactive: settings_agent (instance: settings_agent_1765871024)
2025-12-16 15:53:32,641 - MCP Server - WARNING - Agent marked as inactive: network_agent (instance: network_agent_1765871025)
2025-12-16 15:53:32,641 - MCP Server - WARNING - Agent marked as inactive: app_agent (instance: app_agent_1765871026)
2025-12-16 15:53:32,641 - MCP Server - WARNING - Agent marked as inactive: monitor_agent (instance: monitor_agent_1765871027)
2025-12-16 15:53:32,641 - MCP Server - WARNING - Agent marked as inactive: media_agent (instance: media_agent_1765871028)
2025-12-16 15:53:34,669 - MCP Server - WARNING - Agent marked as inactive: file_agent (instance: file_agent_1765871509)
2025-12-16 15:53:34,669 - MCP Server - WARNING - Agent marked as inactive: settings_agent (instance: settings_agent_1765871510)
2025-12-16 15:53:34,669 - MCP Server - WARNING - Agent marked as inactive: network_agent (instance: network_agent_1765871511)
2025-12-16 15:53:34,669 - MCP Server - WARNING - Agent marked as inactive: app_agent (instance: app_agent_1765871512)
2025-12-16 15:53:34,669 - MCP Server - WARNING - Agent marked as inactive: monitor_agent (instance: monitor_agent_1765871513)
2025-12-16 15:53:34,669 - MCP Server - WARNING - Agent marked as inactive: media_agent (instance: media_agent_1765871514)
2025-12-16 15:53:35,644 - MCP Server - WARNING - Agent marked as inactive: file_agent (instance: file_agent_1765871023)
2025-12-16 15:53:35,644 - MCP Server - WARNING - Agent marked as inactive: settings_agent (instance: settings_agent_1765871024)
2025-12-16 15:53:35,644 - MCP Server - WARNING - Agent marked as inactive: network_agent (instance: network_agent_1765871025)
2025-12-16 15:53:35,645 - MCP Server - WARNING - Agent marked as inactive: app_agent (instance: app_agent_1765871026)
2025-12-16 15:53:35,645 - MCP Server - WARNING - Agent marked as inactive: monitor_agent (instance: monitor_agent_1765871027)
2025-12-16 15:53:35,645 - MCP Server - WARNING - Agent marked as inactive: media_agent (instance: media_agent_1765871028)
2025-12-16 15:53:37,672 - MCP Server - WARNING - Agent marked as inactive: file_agent (instance: file_agent_1765871509)
2025-12-16 15:53:37,673 - MCP Server - WARNING - Agent marked as inactive: settings_agent (instance: settings_agent_1765871510)
2025-12-16 15:53:37,673 - MCP Server - WARNING - Agent marked as inactive: network_agent (instance: network_agent_1765871511)
2025-12-16 15:53:37,673 - MCP Server - WARNING - Agent marked as inactive: app_agent (instance: app_agent_1765871512)
2025-12-16 15:53:37,673 - MCP Server - WARNING - Agent marked as inactive: monitor_agent (instance: monitor_agent_1765871513)
2025-12-16 15:53:37,673 - MCP Server - WARNING - Agent marked as inactive: media_agent (instance: media_agent_1765871514)
2025-12-16 15:53:38,648 - MCP Server - WARNING - Agent marked as inactive: file_agent (instance: file_agent_1765871023)
2025-12-16 15:53:38,648 - MCP Server - WARNING - Agent marked as inactive: settings_agent (instance: settings_agent_1765871024)
2025-12-16 15:53:38,648 - MCP Server - WARNING - Agent marked as inactive: network_agent (instance: network_agent_1765871025)
2025-12-16 15:53:38,648 - MCP Server - WARNING - Agent marked as inactive: app_agent (instance: app_agent_1765871026)
2025-12-16 15:53:38,648 - MCP Server - WARNING - Agent marked as inactive: monitor_agent (instance: monitor_agent_1765871027)
2025-12-16 15:53:38,648 - MCP Server - WARNING - Agent marked as inactive: media_agent (instance: media_agent_1765871028)
2025-12-16 15:53:40,676 - MCP Server - WARNING - Agent marked as inactive: file_agent (instance: file_agent_1765871509)
2025-12-16 15:53:40,677 - MCP Server - WARNING - Agent marked as inactive: settings_agent (instance: settings_agent_1765871510)
2025-12-16 15:53:40,677 - MCP Server - WARNING - Agent marked as inactive: network_agent (instance: network_agent_1765871511)
2025-12-16 15:53:40,677 - MCP Server - WARNING - Agent marked as inactive: app_agent (instance: app_agent_1765871512)
2025-12-16 15:53:40,677 - MCP Server - WARNING - Agent marked as inactive: monitor_agent (instance: monitor_agent_1765871513)
2025-12-16 15:53:40,677 - MCP Server - WARNING - Agent marked as inactive: media_agent (instance: media_agent_1765871514)
2025-12-16 15:53:41,651 - MCP Server - WARNING - Agent marked as inactive: file_agent (instance: file_agent_1765871023)
2025-12-16 15:53:41,652 - MCP Server - WARNING - Agent marked as inactive: settings_agent (instance: settings_agent_1765871024)
2025-12-16 15:53:41,652 - MCP Server - WARNING - Agent marked as inactive: network_agent (instance: network_agent_1765871025)
2025-12-16 15:53:41,652 - MCP Server - WARNING - Agent marked as inactive: app_agent (instance: app_agent_1765871026)
2025-12-16 15:53:41,652 - MCP Server - WARNING - Agent marked as inactive: monitor_agent (instance: monitor_agent_1765871027)
2025-12-16 15:53:41,652 - MCP Server - WARNING - Agent marked as inactive: media_agent (instance: media_agent_1765871028)
2025-12-16 15:53:43,680 - MCP Server - WARNING - Agent marked as inactive: file_agent (instance: file_agent_1765871509)
2025-12-16 15:53:43,680 - MCP Server - WARNING - Agent marked as inactive: settings_agent (instance: settings_agent_1765871510)
2025-12-16 15:53:43,680 - MCP Server - WARNING - Agent marked as inactive: network_agent (instance: network_agent_1765871511)
2025-12-16 15:53:43,681 - MCP Server - WARNING - Agent marked as inactive: app_agent (instance: app_agent_1765871512)
2025-12-16 15:53:43,681 - MCP Server - WARNING - Agent marked as inactive: monitor_agent (instance: monitor_agent_1765871513)
2025-12-16 15:53:43,681 - MCP Server - WARNING - Agent marked as inactive: media_agent (instance: media_agent_1765871514)
2025-12-16 15:53:44,655 - MCP Server - WARNING - Agent marked as inactive: file_agent (instance: file_agent_1765871023)
2025-12-16 15:53:44,655 - MCP Server - WARNING - Agent marked as inactive: settings_agent (instance: settings_agent_1765871024)
2025-12-16 15:53:44,655 - MCP Server - WARNING - Agent marked as inactive: network_agent (instance: network_agent_1765871025)
2025-12-16 15:53:44,656 - MCP Server - WARNING - Agent marked as inactive: app_agent (instance: app_agent_1765871026)
2025-12-16 15:53:44,656 - MCP Server - WARNING - Agent marked as inactive: monitor_agent (instance: monitor_agent_1765871027)
2025-12-16 15:53:44,656 - MCP Server - WARNING - Agent marked as inactive: media_agent (instance: media_agent_1765871028)
2025-12-16 15:53:46,684 - MCP Server - WARNING - Agent marked as inactive: file_agent (instance: file_agent_1765871509)
2025-12-16 15:53:46,684 - MCP Server - WARNING - Agent marked as inactive: settings_agent (instance: settings_agent_1765871510)
2025-12-16 15:53:46,684 - MCP Server - WARNING - Agent marked as inactive: network_agent (instance: network_agent_1765871511)
2025-12-16 15:53:46,685 - MCP Server - WARNING - Agent marked as inactive: app_agent (instance: app_agent_1765871512)
2025-12-16 15:53:46,685 - MCP Server - WARNING - Agent marked as inactive: monitor_agent (instance: monitor_agent_1765871513)
2025-12-16 15:53:46,685 - MCP Server - WARNING - Agent marked as inactive: media_agent (instance: media_agent_1765871514)
2025-12-16 15:53:47,659 - MCP Server - WARNING - Agent marked as inactive: file_agent (instance: file_agent_1765871023)
2025-12-16 15:53:47,659 - MCP Server - WARNING - Agent marked as inactive: settings_agent (instance: settings_agent_1765871024)
2025-12-16 15:53:47,659 - MCP Server - WARNING - Agent marked as inactive: network_agent (instance: network_agent_1765871025)
2025-12-16 15:53:47,659 - MCP Server - WARNING - Agent marked as inactive: app_agent (instance: app_agent_1765871026)
2025-12-16 15:53:47,660 - MCP Server - WARNING - Agent marked as inactive: monitor_agent (instance: monitor_agent_1765871027)
2025-12-16 15:53:47,660 - MCP Server - WARNING - Agent marked as inactive: media_agent (instance: media_agent_1765871028)
2025-12-16 15:53:49,688 - MCP Server - WARNING - Agent marked as inactive: file_agent (instance: file_agent_1765871509)
2025-12-16 15:53:49,688 - MCP Server - WARNING - Agent marked as inactive: settings_agent (instance: settings_agent_1765871510)
2025-12-16 15:53:49,688 - MCP Server - WARNING - Agent marked as inactive: network_agent (instance: network_agent_1765871511)
2025-12-16 15:53:49,688 - MCP Server - WARNING - Agent marked as inactive: app_agent (instance: app_agent_1765871512)
2025-12-16 15:53:49,689 - MCP Server - WARNING - Agent marked as inactive: monitor_agent (instance: monitor_agent_1765871513)
2025-12-16 15:53:49,689 - MCP Server - WARNING - Agent marked as inactive: media_agent (instance: media_agent_1765871514)
2025-12-16 15:53:50,663 - MCP Server - WARNING - Agent marked as inactive: file_agent (instance: file_agent_1765871023)
2025-12-16 15:53:50,663 - MCP Server - WARNING - Agent marked as inactive: settings_agent (instance: settings_agent_1765871024)
2025-12-16 15:53:50,663 - MCP Server - WARNING - Agent marked as inactive: network_agent (instance: network_agent_1765871025)
2025-12-16 15:53:50,663 - MCP Server - WARNING - Agent marked as inactive: app_agent (instance: app_agent_1765871026)
2025-12-16 15:53:50,663 - MCP Server - WARNING - Agent marked as inactive: monitor_agent (instance: monitor_agent_1765871027)
2025-12-16 15:53:50,664 - MCP Server - WARNING - Agent marked as inactive: media_agent (instance: media_agent_1765871028)
2025-12-16 15:53:52,691 - MCP Server - WARNING - Agent marked as inactive: file_agent (instance: file_agent_1765871509)
2025-12-16 15:53:52,691 - MCP Server - WARNING - Agent marked as inactive: settings_agent (instance: settings_agent_1765871510)
2025-12-16 15:53:52,691 - MCP Server - WARNING - Agent marked as inactive: network_agent (instance: network_agent_1765871511)
2025-12-16 15:53:52,691 - MCP Server - WARNING - Agent marked as inactive: app_agent (instance: app_agent_1765871512)
2025-12-16 15:53:52,692 - MCP Server - WARNING - Agent marked as inactive: monitor_agent (instance: monitor_agent_1765871513)
2025-12-16 15:53:52,692 - MCP Server - WARNING - Agent marked as inactive: media_agent (instance: media_agent_1765871514)
2025-12-16 15:53:53,667 - MCP Server - WARNING - Agent marked as inactive: file_agent (instance: file_agent_1765871023)
2025-12-16 15:53:53,667 - MCP Server - WARNING - Agent marked as inactive: settings_agent (instance: settings_agent_1765871024)
2025-12-16 15:53:53,667 - MCP Server - WARNING - Agent marked as inactive: network_agent (instance: network_agent_1765871025)
2025-12-16 15:53:53,667 - MCP Server - WARNING - Agent marked as inactive: app_agent (instance: app_agent_1765871026)
2025-12-16 15:53:53,667 - MCP Server - WARNING - Agent marked as inactive: monitor_agent (instance: monitor_agent_1765871027)
2025-12-16 15:53:53,667 - MCP Server - WARNING - Agent marked as inactive: media_agent (instance: media_agent_1765871028)
2025-12-16 15:53:55,695 - MCP Server - WARNING - Agent marked as inactive: file_agent (instance: file_agent_1765871509)
2025-12-16 15:53:55,695 - MCP Server - WARNING - Agent marked as inactive: settings_agent (instance: settings_agent_1765871510)
2025-12-16 15:53:55,695 - MCP Server - WARNING - Agent marked as inactive: network_agent (instance: network_agent_1765871511)
2025-12-16 15:53:55,695 - MCP Server - WARNING - Agent marked as inactive: app_agent (instance: app_agent_1765871512)
2025-12-16 15:53:55,695 - MCP Server - WARNING - Agent marked as inactive: monitor_agent (instance: monitor_agent_1765871513)
2025-12-16 15:53:55,696 - MCP Server - WARNING - Agent marked as inactive: media_agent (instance: media_agent_1765871514)
2025-12-16 15:53:56,671 - MCP Server - WARNING - Agent marked as inactive: file_agent (instance: file_agent_1765871023)
2025-12-16 15:53:56,671 - MCP Server - WARNING - Agent marked as inactive: settings_agent (instance: settings_agent_1765871024)
2025-12-16 15:53:56,671 - MCP Server - WARNING - Agent marked as inactive: network_agent (instance: network_agent_1765871025)
2025-12-16 15:53:56,671 - MCP Server - WARNING - Agent marked as inactive: app_agent (instance: app_agent_1765871026)
2025-12-16 15:53:56,671 - MCP Server - WARNING - Agent marked as inactive: monitor_agent (instance: monitor_agent_1765871027)
2025-12-16 15:53:56,671 - MCP Server - WARNING - Agent marked as inactive: media_agent (instance: media_agent_1765871028)
2025-12-16 15:53:58,699 - MCP Server - WARNING - Agent marked as inactive: file_agent (instance: file_agent_1765871509)
2025-12-16 15:53:58,699 - MCP Server - WARNING - Agent marked as inactive: settings_agent (instance: settings_agent_1765871510)
2025-12-16 15:53:58,699 - MCP Server - WARNING - Agent marked as inactive: network_agent (instance: network_agent_1765871511)
2025-12-16 15:53:58,699 - MCP Server - WARNING - Agent marked as inactive: app_agent (instance: app_agent_1765871512)
2025-12-16 15:53:58,699 - MCP Server - WARNING - Agent marked as inactive: monitor_agent (instance: monitor_agent_1765871513)
2025-12-16 15:53:58,699 - MCP Server - WARNING - Agent marked as inactive: media_agent (instance: media_agent_1765871514)
2025-12-16 15:53:59,674 - MCP Server - WARNING - Agent marked as inactive: file_agent (instance: file_agent_1765871023)
2025-12-16 15:53:59,674 - MCP Server - WARNING - Agent marked as inactive: settings_agent (instance: settings_agent_1765871024)
2025-12-16 15:53:59,674 - MCP Server - WARNING - Agent marked as inactive: network_agent (instance: network_agent_1765871025)
2025-12-16 15:53:59,675 - MCP Server - WARNING - Agent marked as inactive: app_agent (instance: app_agent_1765871026)
2025-12-16 15:53:59,675 - MCP Server - WARNING - Agent marked as inactive: monitor_agent (instance: monitor_agent_1765871027)
2025-12-16 15:53:59,675 - MCP Server - WARNING - Agent marked as inactive: media_agent (instance: media_agent_1765871028)
2025-12-16 15:54:01,703 - MCP Server - WARNING - Agent marked as inactive: file_agent (instance: file_agent_1765871509)
2025-12-16 15:54:01,703 - MCP Server - WARNING - Agent marked as inactive: settings_agent (instance: settings_agent_1765871510)
2025-12-16 15:54:01,703 - MCP Server - WARNING - Agent marked as inactive: network_agent (instance: network_agent_1765871511)
2025-12-16 15:54:01,703 - MCP Server - WARNING - Agent marked as inactive: app_agent (instance: app_agent_1765871512)
2025-12-16 15:54:01,703 - MCP Server - WARNING - Agent marked as inactive: monitor_agent (instance: monitor_agent_1765871513)
2025-12-16 15:54:01,703 - MCP Server - WARNING - Agent marked as inactive: media_agent (instance: media_agent_1765871514)
2025-12-16 15:54:02,678 - MCP Server - WARNING - Agent marked as inactive: file_agent (instance: file_agent_1765871023)
2025-12-16 15:54:02,678 - MCP Server - WARNING - Agent marked as inactive: settings_agent (instance: settings_agent_1765871024)
2025-12-16 15:54:02,678 - MCP Server - WARNING - Agent marked as inactive: network_agent (instance: network_agent_1765871025)
2025-12-16 15:54:02,678 - MCP Server - WARNING - Agent marked as inactive: app_agent (instance: app_agent_1765871026)
2025-12-16 15:54:02,678 - MCP Server - WARNING - Agent marked as inactive: monitor_agent (instance: monitor_agent_1765871027)
2025-12-16 15:54:02,679 - MCP Server - WARNING - Agent marked as inactive: media_agent (instance: media_agent_1765871028)
2025-12-16 15:54:04,707 - MCP Server - WARNING - Agent marked as inactive: file_agent (instance: file_agent_1765871509)
2025-12-16 15:54:04,707 - MCP Server - WARNING - Agent marked as inactive: settings_agent (instance: settings_agent_1765871510)
2025-12-16 15:54:04,707 - MCP Server - WARNING - Agent marked as inactive: network_agent (instance: network_agent_1765871511)
2025-12-16 15:54:04,707 - MCP Server - WARNING - Agent marked as inactive: app_agent (instance: app_agent_1765871512)
2025-12-16 15:54:04,707 - MCP Server - WARNING - Agent marked as inactive: monitor_agent (instance: monitor_agent_1765871513)
2025-12-16 15:54:04,707 - MCP Server - WARNING - Agent marked as inactive: media_agent (instance: media_agent_1765871514)
2025-12-16 15:54:05,682 - MCP Server - WARNING - Agent marked as inactive: file_agent (instance: file_agent_1765871023)
2025-12-16 15:54:05,682 - MCP Server - WARNING - Agent marked as inactive: settings_agent (instance: settings_agent_1765871024)
2025-12-16 15:54:05,682 - MCP Server - WARNING - Agent marked as inactive: network_agent (instance: network_agent_1765871025)
2025-12-16 15:54:05,682 - MCP Server - WARNING - Agent marked as inactive: app_agent (instance: app_agent_1765871026)
2025-12-16 15:54:05,682 - MCP Server - WARNING - Agent marked as inactive: monitor_agent (instance: monitor_agent_1765871027)
2025-12-16 15:54:05,682 - MCP Server - WARNING - Agent marked as inactive: media_agent (instance: media_agent_1765871028)
2025-12-16 15:54:07,710 - MCP Server - WARNING - Agent marked as inactive: file_agent (instance: file_agent_1765871509)
2025-12-16 15:54:07,711 - MCP Server - WARNING - Agent marked as inactive: settings_agent (instance: settings_agent_1765871510)
2025-12-16 15:54:07,711 - MCP Server - WARNING - Agent marked as inactive: network_agent (instance: network_agent_1765871511)
2025-12-16 15:54:07,711 - MCP Server - WARNING - Agent marked as inactive: app_agent (instance: app_agent_1765871512)
2025-12-16 15:54:07,711 - MCP Server - WARNING - Agent marked as inactive: monitor_agent (instance: monitor_agent_1765871513)
2025-12-16 15:54:07,711 - MCP Server - WARNING - Agent marked as inactive: media_agent (instance: media_agent_1765871514)
2025-12-16 15:54:08,686 - MCP Server - WARNING - Agent marked as inactive: file_agent (instance: file_agent_1765871023)
2025-12-16 15:54:08,686 - MCP Server - WARNING - Agent marked as inactive: settings_agent (instance: settings_agent_1765871024)
2025-12-16 15:54:08,686 - MCP Server - WARNING - Agent marked as inactive: network_agent (instance: network_agent_1765871025)
2025-12-16 15:54:08,686 - MCP Server - WARNING - Agent marked as inactive: app_agent (instance: app_agent_1765871026)
2025-12-16 15:54:08,686 - MCP Server - WARNING - Agent marked as inactive: monitor_agent (instance: monitor_agent_1765871027)
2025-12-16 15:54:08,686 - MCP Server - WARNING - Agent marked as inactive: media_agent (instance: media_agent_1765871028)
2025-12-16 15:54:10,714 - MCP Server - WARNING - Agent marked as inactive: file_agent (instance: file_agent_1765871509)
2025-12-16 15:54:10,715 - MCP Server - WARNING - Agent marked as inactive: settings_agent (instance: settings_agent_1765871510)
2025-12-16 15:54:10,715 - MCP Server - WARNING - Agent marked as inactive: network_agent (instance: network_agent_1765871511)
2025-12-16 15:54:10,715 - MCP Server - WARNING - Agent marked as inactive: app_agent (instance: app_agent_1765871512)
2025-12-16 15:54:10,715 - MCP Server - WARNING - Agent marked as inactive: monitor_agent (instance: monitor_agent_1765871513)
2025-12-16 15:54:10,715 - MCP Server - WARNING - Agent marked as inactive: media_agent (instance: media_agent_1765871514)
2025-12-16 15:54:11,689 - MCP Server - WARNING - Agent marked as inactive: file_agent (instance: file_agent_1765871023)
2025-12-16 15:54:11,690 - MCP Server - WARNING - Agent marked as inactive: settings_agent (instance: settings_agent_1765871024)
2025-12-16 15:54:11,690 - MCP Server - WARNING - Agent marked as inactive: network_agent (instance: network_agent_1765871025)
2025-12-16 15:54:11,690 - MCP Server - WARNING - Agent marked as inactive: app_agent (instance: app_agent_1765871026)
2025-12-16 15:54:11,690 - MCP Server - WARNING - Agent marked as inactive: monitor_agent (instance: monitor_agent_1765871027)
2025-12-16 15:54:11,690 - MCP Server - WARNING - Agent marked as inactive: media_agent (instance: media_agent_1765871028)
2025-12-16 15:54:13,718 - MCP Server - WARNING - Agent marked as inactive: file_agent (instance: file_agent_1765871509)
2025-12-16 15:54:13,718 - MCP Server - WARNING - Agent marked as inactive: settings_agent (instance: settings_agent_1765871510)
2025-12-16 15:54:13,719 - MCP Server - WARNING - Agent marked as inactive: network_agent (instance: network_agent_1765871511)
2025-12-16 15:54:13,719 - MCP Server - WARNING - Agent marked as inactive: app_agent (instance: app_agent_1765871512)
2025-12-16 15:54:13,719 - MCP Server - WARNING - Agent marked as inactive: monitor_agent (instance: monitor_agent_1765871513)
2025-12-16 15:54:13,719 - MCP Server - WARNING - Agent marked as inactive: media_agent (instance: media_agent_1765871514)
2025-12-16 15:54:14,693 - MCP Server - WARNING - Agent marked as inactive: file_agent (instance: file_agent_1765871023)
2025-12-16 15:54:14,693 - MCP Server - WARNING - Agent marked as inactive: settings_agent (instance: settings_agent_1765871024)
2025-12-16 15:54:14,693 - MCP Server - WARNING - Agent marked as inactive: network_agent (instance: network_agent_1765871025)
2025-12-16 15:54:14,694 - MCP Server - WARNING - Agent marked as inactive: app_agent (instance: app_agent_1765871026)
2025-12-16 15:54:14,694 - MCP Server - WARNING - Agent marked as inactive: monitor_agent (instance: monitor_agent_1765871027)
2025-12-16 15:54:14,694 - MCP Server - WARNING - Agent marked as inactive: media_agent (instance: media_agent_1765871028)
2025-12-16 15:54:16,722 - MCP Server - WARNING - Agent marked as inactive: file_agent (instance: file_agent_1765871509)
2025-12-16 15:54:16,722 - MCP Server - WARNING - Agent marked as inactive: settings_agent (instance: settings_agent_1765871510)
2025-12-16 15:54:16,722 - MCP Server - WARNING - Agent marked as inactive: network_agent (instance: network_agent_1765871511)
2025-12-16 15:54:16,723 - MCP Server - WARNING - Agent marked as inactive: app_agent (instance: app_agent_1765871512)
2025-12-16 15:54:16,723 - MCP Server - WARNING - Agent marked as inactive: monitor_agent (instance: monitor_agent_1765871513)
2025-12-16 15:54:16,723 - MCP Server - WARNING - Agent marked as inactive: media_agent (instance: media_agent_1765871514)
2025-12-16 15:54:17,697 - MCP Server - WARNING - Agent marked as inactive: file_agent (instance: file_agent_1765871023)
2025-12-16 15:54:17,697 - MCP Server - WARNING - Agent marked as inactive: settings_agent (instance: settings_agent_1765871024)
2025-12-16 15:54:17,697 - MCP Server - WARNING - Agent marked as inactive: network_agent (instance: network_agent_1765871025)
2025-12-16 15:54:17,697 - MCP Server - WARNING - Agent marked as inactive: app_agent (instance: app_agent_1765871026)
2025-12-16 15:54:17,698 - MCP Server - WARNING - Agent marked as inactive: monitor_agent (instance: monitor_agent_1765871027)
2025-12-16 15:54:17,698 - MCP Server - WARNING - Agent marked as inactive: media_agent (instance: media_agent_1765871028)
2025-12-16 15:54:19,726 - MCP Server - WARNING - Agent marked as inactive: file_agent (instance: file_agent_1765871509)
2025-12-16 15:54:19,726 - MCP Server - WARNING - Agent marked as inactive: settings_agent (instance: settings_agent_1765871510)
2025-12-16 15:54:19,726 - MCP Server - WARNING - Agent marked as inactive: network_agent (instance: network_agent_1765871511)
2025-12-16 15:54:19,726 - MCP Server - WARNING - Agent marked as inactive: app_agent (instance: app_agent_1765871512)
2025-12-16 15:54:19,726 - MCP Server - WARNING - Agent marked as inactive: monitor_agent (instance: monitor_agent_1765871513)
2025-12-16 15:54:19,727 - MCP Server - WARNING - Agent marked as inactive: media_agent (instance: media_agent_1765871514)
2025-12-16 15:54:20,701 - MCP Server - WARNING - Agent marked as inactive: file_agent (instance: file_agent_1765871023)
2025-12-16 15:54:20,701 - MCP Server - WARNING - Agent marked as inactive: settings_agent (instance: settings_agent_1765871024)
2025-12-16 15:54:20,701 - MCP Server - WARNING - Agent marked as inactive: network_agent (instance: network_agent_1765871025)
2025-12-16 15:54:20,701 - MCP Server - WARNING - Agent marked as inactive: app_agent (instance: app_agent_1765871026)
2025-12-16 15:54:20,701 - MCP Server - WARNING - Agent marked as inactive: monitor_agent (instance: monitor_agent_1765871027)
2025-12-16 15:54:20,701 - MCP Server - WARNING - Agent marked as inactive: media_agent (instance: media_agent_1765871028)
2025-12-16 15:54:22,730 - MCP Server - WARNING - Agent marked as inactive: file_agent (instance: file_agent_1765871509)
2025-12-16 15:54:22,730 - MCP Server - WARNING - Agent marked as inactive: settings_agent (instance: settings_agent_1765871510)
2025-12-16 15:54:22,730 - MCP Server - WARNING - Agent marked as inactive: network_agent (instance: network_agent_1765871511)
2025-12-16 15:54:22,730 - MCP Server - WARNING - Agent marked as inactive: app_agent (instance: app_agent_1765871512)
2025-12-16 15:54:22,730 - MCP Server - WARNING - Agent marked as inactive: monitor_agent (instance: monitor_agent_1765871513)
2025-12-16 15:54:22,730 - MCP Server - WARNING - Agent marked as inactive: media_agent (instance: media_agent_1765871514)
2025-12-16 15:54:23,705 - MCP Server - WARNING - Agent marked as inactive: file_agent (instance: file_agent_1765871023)
2025-12-16 15:54:23,705 - MCP Server - WARNING - Agent marked as inactive: settings_agent (instance: settings_agent_1765871024)
2025-12-16 15:54:23,705 - MCP Server - WARNING - Agent marked as inactive: network_agent (instance: network_agent_1765871025)
2025-12-16 15:54:23,705 - MCP Server - WARNING - Agent marked as inactive: app_agent (instance: app_agent_1765871026)
2025-12-16 15:54:23,705 - MCP Server - WARNING - Agent marked as inactive: monitor_agent (instance: monitor_agent_1765871027)
2025-12-16 15:54:23,705 - MCP Server - WARNING - Agent marked as inactive: media_agent (instance: media_agent_1765871028)
2025-12-16 15:54:25,734 - MCP Server - WARNING - Agent marked as inactive: file_agent (instance: file_agent_1765871509)
2025-12-16 15:54:25,734 - MCP Server - WARNING - Agent marked as inactive: settings_agent (instance: settings_agent_1765871510)
2025-12-16 15:54:25,734 - MCP Server - WARNING - Agent marked as inactive: network_agent (instance: network_agent_1765871511)
2025-12-16 15:54:25,734 - MCP Server - WARNING - Agent marked as inactive: app_agent (instance: app_agent_1765871512)
2025-12-16 15:54:25,734 - MCP Server - WARNING - Agent marked as inactive: monitor_agent (instance: monitor_agent_1765871513)
2025-12-16 15:54:25,734 - MCP Server - WARNING - Agent marked as inactive: media_agent (instance: media_agent_1765871514)
2025-12-16 15:54:26,708 - MCP Server - WARNING - Agent marked as inactive: file_agent (instance: file_agent_1765871023)
2025-12-16 15:54:26,709 - MCP Server - WARNING - Agent marked as inactive: settings_agent (instance: settings_agent_1765871024)
2025-12-16 15:54:26,709 - MCP Server - WARNING - Agent marked as inactive: network_agent (instance: network_agent_1765871025)
2025-12-16 15:54:26,709 - MCP Server - WARNING - Agent marked as inactive: app_agent (instance: app_agent_1765871026)
2025-12-16 15:54:26,709 - MCP Server - WARNING - Agent marked as inactive: monitor_agent (instance: monitor_agent_1765871027)
2025-12-16 15:54:26,709 - MCP Server - WARNING - Agent marked as inactive: media_agent (instance: media_agent_1765871028)
2025-12-16 15:54:28,737 - MCP Server - WARNING - Agent marked as inactive: file_agent (instance: file_agent_1765871509)
2025-12-16 15:54:28,738 - MCP Server - WARNING - Agent marked as inactive: settings_agent (instance: settings_agent_1765871510)
2025-12-16 15:54:28,738 - MCP Server - WARNING - Agent marked as inactive: network_agent (instance: network_agent_1765871511)
2025-12-16 15:54:28,738 - MCP Server - WARNING - Agent marked as inactive: app_agent (instance: app_agent_1765871512)
2025-12-16 15:54:28,738 - MCP Server - WARNING - Agent marked as inactive: monitor_agent (instance: monitor_agent_1765871513)
2025-12-16 15:54:28,738 - MCP Server - WARNING - Agent marked as inactive: media_agent (instance: media_agent_1765871514)
2025-12-16 15:54:29,712 - MCP Server - WARNING - Agent marked as inactive: file_agent (instance: file_agent_1765871023)
2025-12-16 15:54:29,712 - MCP Server - WARNING - Agent marked as inactive: settings_agent (instance: settings_agent_1765871024)
2025-12-16 15:54:29,712 - MCP Server - WARNING - Agent marked as inactive: network_agent (instance: network_agent_1765871025)
2025-12-16 15:54:29,712 - MCP Server - WARNING - Agent marked as inactive: app_agent (instance: app_agent_1765871026)
2025-12-16 15:54:29,712 - MCP Server - WARNING - Agent marked as inactive: monitor_agent (instance: monitor_agent_1765871027)
2025-12-16 15:54:29,712 - MCP Server - WARNING - Agent marked as inactive: media_agent (instance: media_agent_1765871028)
2025-12-16 15:54:31,741 - MCP Server - WARNING - Agent marked as inactive: file_agent (instance: file_agent_1765871509)
2025-12-16 15:54:31,742 - MCP Server - WARNING - Agent marked as inactive: settings_agent (instance: settings_agent_1765871510)
2025-12-16 15:54:31,742 - MCP Server - WARNING - Agent marked as inactive: network_agent (instance: network_agent_1765871511)
2025-12-16 15:54:31,742 - MCP Server - WARNING - Agent marked as inactive: app_agent (instance: app_agent_1765871512)
2025-12-16 15:54:31,742 - MCP Server - WARNING - Agent marked as inactive: monitor_agent (instance: monitor_agent_1765871513)
2025-12-16 15:54:31,742 - MCP Server - WARNING - Agent marked as inactive: media_agent (instance: media_agent_1765871514)
2025-12-16 15:54:32,715 - MCP Server - WARNING - Agent marked as inactive: file_agent (instance: file_agent_1765871023)
2025-12-16 15:54:32,715 - MCP Server - WARNING - Agent marked as inactive: settings_agent (instance: settings_agent_1765871024)
2025-12-16 15:54:32,716 - MCP Server - WARNING - Agent marked as inactive: network_agent (instance: network_agent_1765871025)
2025-12-16 15:54:32,716 - MCP Server - WARNING - Agent marked as inactive: app_agent (instance: app_agent_1765871026)
2025-12-16 15:54:32,716 - MCP Server - WARNING - Agent marked as inactive: monitor_agent (instance: monitor_agent_1765871027)
2025-12-16 15:54:32,716 - MCP Server - WARNING - Agent marked as inactive: media_agent (instance: media_agent_1765871028)
2025-12-16 15:54:34,745 - MCP Server - WARNING - Agent marked as inactive: file_agent (instance: file_agent_1765871509)
2025-12-16 15:54:34,745 - MCP Server - WARNING - Agent marked as inactive: settings_agent (instance: settings_agent_1765871510)
2025-12-16 15:54:34,745 - MCP Server - WARNING - Agent marked as inactive: network_agent (instance: network_agent_1765871511)
2025-12-16 15:54:34,746 - MCP Server - WARNING - Agent marked as inactive: app_agent (instance: app_agent_1765871512)
2025-12-16 15:54:34,746 - MCP Server - WARNING - Agent marked as inactive: monitor_agent (instance: monitor_agent_1765871513)
2025-12-16 15:54:34,746 - MCP Server - WARNING - Agent marked as inactive: media_agent (instance: media_agent_1765871514)
2025-12-16 15:54:35,719 - MCP Server - WARNING - Agent marked as inactive: file_agent (instance: file_agent_1765871023)
2025-12-16 15:54:35,719 - MCP Server - WARNING - Agent marked as inactive: settings_agent (instance: settings_agent_1765871024)
2025-12-16 15:54:35,719 - MCP Server - WARNING - Agent marked as inactive: network_agent (instance: network_agent_1765871025)
2025-12-16 15:54:35,719 - MCP Server - WARNING - Agent marked as inactive: app_agent (instance: app_agent_1765871026)
2025-12-16 15:54:35,719 - MCP Server - WARNING - Agent marked as inactive: monitor_agent (instance: monitor_agent_1765871027)
2025-12-16 15:54:35,719 - MCP Server - WARNING - Agent marked as inactive: media_agent (instance: media_agent_1765871028)
2025-12-16 15:54:37,749 - MCP Server - WARNING - Agent marked as inactive: file_agent (instance: file_agent_1765871509)
2025-12-16 15:54:37,749 - MCP Server - WARNING - Agent marked as inactive: settings_agent (instance: settings_agent_1765871510)
2025-12-16 15:54:37,749 - MCP Server - WARNING - Agent marked as inactive: network_agent (instance: network_agent_1765871511)
2025-12-16 15:54:37,749 - MCP Server - WARNING - Agent marked as inactive: app_agent (instance: app_agent_1765871512)
2025-12-16 15:54:37,749 - MCP Server - WARNING - Agent marked as inactive: monitor_agent (instance: monitor_agent_1765871513)
2025-12-16 15:54:37,750 - MCP Server - WARNING - Agent marked as inactive: media_agent (instance: media_agent_1765871514)
2025-12-16 15:54:38,722 - MCP Server - WARNING - Agent marked as inactive: file_agent (instance: file_agent_1765871023)
2025-12-16 15:54:38,722 - MCP Server - WARNING - Agent marked as inactive: settings_agent (instance: settings_agent_1765871024)
2025-12-16 15:54:38,723 - MCP Server - WARNING - Agent marked as inactive: network_agent (instance: network_agent_1765871025)
2025-12-16 15:54:38,723 - MCP Server - WARNING - Agent marked as inactive: app_agent (instance: app_agent_1765871026)
2025-12-16 15:54:38,723 - MCP Server - WARNING - Agent marked as inactive: monitor_agent (instance: monitor_agent_1765871027)
2025-12-16 15:54:38,723 - MCP Server - WARNING - Agent marked as inactive: media_agent (instance: media_agent_1765871028)
2025-12-16 15:54:40,753 - MCP Server - WARNING - Agent marked as inactive: file_agent (instance: file_agent_1765871509)
2025-12-16 15:54:40,753 - MCP Server - WARNING - Agent marked as inactive: settings_agent (instance: settings_agent_1765871510)
2025-12-16 15:54:40,753 - MCP Server - WARNING - Agent marked as inactive: network_agent (instance: network_agent_1765871511)
2025-12-16 15:54:40,753 - MCP Server - WARNING - Agent marked as inactive: app_agent (instance: app_agent_1765871512)
2025-12-16 15:54:40,753 - MCP Server - WARNING - Agent marked as inactive: monitor_agent (instance: monitor_agent_1765871513)
2025-12-16 15:54:40,753 - MCP Server - WARNING - Agent marked as inactive: media_agent (instance: media_agent_1765871514)
2025-12-16 15:54:41,726 - MCP Server - WARNING - Agent marked as inactive: file_agent (instance: file_agent_1765871023)
2025-12-16 15:54:41,726 - MCP Server - WARNING - Agent marked as inactive: settings_agent (instance: settings_agent_1765871024)
2025-12-16 15:54:41,726 - MCP Server - WARNING - Agent marked as inactive: network_agent (instance: network_agent_1765871025)
2025-12-16 15:54:41,727 - MCP Server - WARNING - Agent marked as inactive: app_agent (instance: app_agent_1765871026)
2025-12-16 15:54:41,727 - MCP Server - WARNING - Agent marked as inactive: monitor_agent (instance: monitor_agent_1765871027)
2025-12-16 15:54:41,727 - MCP Server - WARNING - Agent marked as inactive: media_agent (instance: media_agent_1765871028)
2025-12-16 15:54:43,756 - MCP Server - WARNING - Agent marked as inactive: file_agent (instance: file_agent_1765871509)
2025-12-16 15:54:43,757 - MCP Server - WARNING - Agent marked as inactive: settings_agent (instance: settings_agent_1765871510)
2025-12-16 15:54:43,757 - MCP Server - WARNING - Agent marked as inactive: network_agent (instance: network_agent_1765871511)
2025-12-16 15:54:43,757 - MCP Server - WARNING - Agent marked as inactive: app_agent (instance: app_agent_1765871512)
2025-12-16 15:54:43,757 - MCP Server - WARNING - Agent marked as inactive: monitor_agent (instance: monitor_agent_1765871513)
2025-12-16 15:54:43,757 - MCP Server - WARNING - Agent marked as inactive: media_agent (instance: media_agent_1765871514)
2025-12-16 15:54:44,729 - MCP Server - WARNING - Agent marked as inactive: file_agent (instance: file_agent_1765871023)
2025-12-16 15:54:44,729 - MCP Server - WARNING - Agent marked as inactive: settings_agent (instance: settings_agent_1765871024)
2025-12-16 15:54:44,729 - MCP Server - WARNING - Agent marked as inactive: network_agent (instance: network_agent_1765871025)
2025-12-16 15:54:44,729 - MCP Server - WARNING - Agent marked as inactive: app_agent (instance: app_agent_1765871026)
2025-12-16 15:54:44,729 - MCP Server - WARNING - Agent marked as inactive: monitor_agent (instance: monitor_agent_1765871027)
2025-12-16 15:54:44,729 - MCP Server - WARNING - Agent marked as inactive: media_agent (instance: media_agent_1765871028)
2025-12-16 15:54:46,760 - MCP Server - WARNING - Agent marked as inactive: file_agent (instance: file_agent_1765871509)
2025-12-16 15:54:46,760 - MCP Server - WARNING - Agent marked as inactive: settings_agent (instance: settings_agent_1765871510)
2025-12-16 15:54:46,760 - MCP Server - WARNING - Agent marked as inactive: network_agent (instance: network_agent_1765871511)
2025-12-16 15:54:46,760 - MCP Server - WARNING - Agent marked as inactive: app_agent (instance: app_agent_1765871512)
2025-12-16 15:54:46,761 - MCP Server - WARNING - Agent marked as inactive: monitor_agent (instance: monitor_agent_1765871513)
2025-12-16 15:54:46,761 - MCP Server - WARNING - Agent marked as inactive: media_agent (instance: media_agent_1765871514)
2025-12-16 15:54:47,732 - MCP Server - WARNING - Agent marked as inactive: file_agent (instance: file_agent_1765871023)
2025-12-16 15:54:47,732 - MCP Server - WARNING - Agent marked as inactive: settings_agent (instance: settings_agent_1765871024)
2025-12-16 15:54:47,732 - MCP Server - WARNING - Agent marked as inactive: network_agent (instance: network_agent_1765871025)
2025-12-16 15:54:47,732 - MCP Server - WARNING - Agent marked as inactive: app_agent (instance: app_agent_1765871026)
2025-12-16 15:54:47,732 - MCP Server - WARNING - Agent marked as inactive: monitor_agent (instance: monitor_agent_1765871027)
2025-12-16 15:54:47,732 - MCP Server - WARNING - Agent marked as inactive: media_agent (instance: media_agent_1765871028)
2025-12-16 15:54:49,764 - MCP Server - WARNING - Agent marked as inactive: file_agent (instance: file_agent_1765871509)
2025-12-16 15:54:49,764 - MCP Server - WARNING - Agent marked as inactive: settings_agent (instance: settings_agent_1765871510)
2025-12-16 15:54:49,764 - MCP Server - WARNING - Agent marked as inactive: network_agent (instance: network_agent_1765871511)
2025-12-16 15:54:49,764 - MCP Server - WARNING - Agent marked as inactive: app_agent (instance: app_agent_1765871512)
2025-12-16 15:54:49,764 - MCP Server - WARNING - Agent marked as inactive: monitor_agent (instance: monitor_agent_1765871513)
2025-12-16 15:54:49,765 - MCP Server - WARNING - Agent marked as inactive: media_agent (instance: media_agent_1765871514)
2025-12-16 15:54:50,735 - MCP Server - WARNING - Agent marked as inactive: file_agent (instance: file_agent_1765871023)
2025-12-16 15:54:50,736 - MCP Server - WARNING - Agent marked as inactive: settings_agent (instance: settings_agent_1765871024)
2025-12-16 15:54:50,736 - MCP Server - WARNING - Agent marked as inactive: network_agent (instance: network_agent_1765871025)
2025-12-16 15:54:50,736 - MCP Server - WARNING - Agent marked as inactive: app_agent (instance: app_agent_1765871026)
2025-12-16 15:54:50,736 - MCP Server - WARNING - Agent marked as inactive: monitor_agent (instance: monitor_agent_1765871027)
2025-12-16 15:54:50,736 - MCP Server - WARNING - Agent marked as inactive: media_agent (instance: media_agent_1765871028)
2025-12-16 15:54:52,768 - MCP Server - WARNING - Agent marked as inactive: file_agent (instance: file_agent_1765871509)
2025-12-16 15:54:52,768 - MCP Server - WARNING - Agent marked as inactive: settings_agent (instance: settings_agent_1765871510)
2025-12-16 15:54:52,768 - MCP Server - WARNING - Agent marked as inactive: network_agent (instance: network_agent_1765871511)
2025-12-16 15:54:52,768 - MCP Server - WARNING - Agent marked as inactive: app_agent (instance: app_agent_1765871512)
2025-12-16 15:54:52,768 - MCP Server - WARNING - Agent marked as inactive: monitor_agent (instance: monitor_agent_1765871513)
2025-12-16 15:54:52,768 - MCP Server - WARNING - Agent marked as inactive: media_agent (instance: media_agent_1765871514)
2025-12-16 15:54:53,739 - MCP Server - WARNING - Agent marked as inactive: file_agent (instance: file_agent_1765871023)
2025-12-16 15:54:53,740 - MCP Server - WARNING - Agent marked as inactive: settings_agent (instance: settings_agent_1765871024)
2025-12-16 15:54:53,740 - MCP Server - WARNING - Agent marked as inactive: network_agent (instance: network_agent_1765871025)
2025-12-16 15:54:53,740 - MCP Server - WARNING - Agent marked as inactive: app_agent (instance: app_agent_1765871026)
2025-12-16 15:54:53,740 - MCP Server - WARNING - Agent marked as inactive: monitor_agent (instance: monitor_agent_1765871027)
2025-12-16 15:54:53,740 - MCP Server - WARNING - Agent marked as inactive: media_agent (instance: media_agent_1765871028)
2025-12-16 15:54:55,772 - MCP Server - WARNING - Agent marked as inactive: file_agent (instance: file_agent_1765871509)
2025-12-16 15:54:55,772 - MCP Server - WARNING - Agent marked as inactive: settings_agent (instance: settings_agent_1765871510)
2025-12-16 15:54:55,772 - MCP Server - WARNING - Agent marked as inactive: network_agent (instance: network_agent_1765871511)
2025-12-16 15:54:55,772 - MCP Server - WARNING - Agent marked as inactive: app_agent (instance: app_agent_1765871512)
2025-12-16 15:54:55,772 - MCP Server - WARNING - Agent marked as inactive: monitor_agent (instance: monitor_agent_1765871513)
2025-12-16 15:54:55,772 - MCP Server - WARNING - Agent marked as inactive: media_agent (instance: media_agent_1765871514)
2025-12-16 15:54:56,743 - MCP Server - WARNING - Agent marked as inactive: file_agent (instance: file_agent_1765871023)
2025-12-16 15:54:56,743 - MCP Server - WARNING - Agent marked as inactive: settings_agent (instance: settings_agent_1765871024)
2025-12-16 15:54:56,743 - MCP Server - WARNING - Agent marked as inactive: network_agent (instance: network_agent_1765871025)
2025-12-16 15:54:56,744 - MCP Server - WARNING - Agent marked as inactive: app_agent (instance: app_agent_1765871026)
2025-12-16 15:54:56,744 - MCP Server - WARNING - Agent marked as inactive: monitor_agent (instance: monitor_agent_1765871027)
2025-12-16 15:54:56,744 - MCP Server - WARNING - Agent marked as inactive: media_agent (instance: media_agent_1765871028)
2025-12-16 15:54:58,776 - MCP Server - WARNING - Agent marked as inactive: file_agent (instance: file_agent_1765871509)
2025-12-16 15:54:58,776 - MCP Server - WARNING - Agent marked as inactive: settings_agent (instance: settings_agent_1765871510)
2025-12-16 15:54:58,776 - MCP Server - WARNING - Agent marked as inactive: network_agent (instance: network_agent_1765871511)
2025-12-16 15:54:58,776 - MCP Server - WARNING - Agent marked as inactive: app_agent (instance: app_agent_1765871512)
2025-12-16 15:54:58,776 - MCP Server - WARNING - Agent marked as inactive: monitor_agent (instance: monitor_agent_1765871513)
2025-12-16 15:54:58,776 - MCP Server - WARNING - Agent marked as inactive: media_agent (instance: media_agent_1765871514)
2025-12-16 15:54:59,746 - MCP Server - WARNING - Agent marked as inactive: file_agent (instance: file_agent_1765871023)
2025-12-16 15:54:59,746 - MCP Server - WARNING - Agent marked as inactive: settings_agent (instance: settings_agent_1765871024)
2025-12-16 15:54:59,746 - MCP Server - WARNING - Agent marked as inactive: network_agent (instance: network_agent_1765871025)
2025-12-16 15:54:59,746 - MCP Server - WARNING - Agent marked as inactive: app_agent (instance: app_agent_1765871026)
2025-12-16 15:54:59,747 - MCP Server - WARNING - Agent marked as inactive: monitor_agent (instance: monitor_agent_1765871027)
2025-12-16 15:54:59,747 - MCP Server - WARNING - Agent marked as inactive: media_agent (instance: media_agent_1765871028)
2025-12-16 15:55:01,779 - MCP Server - WARNING - Agent marked as inactive: file_agent (instance: file_agent_1765871509)
2025-12-16 15:55:01,780 - MCP Server - WARNING - Agent marked as inactive: settings_agent (instance: settings_agent_1765871510)
2025-12-16 15:55:01,780 - MCP Server - WARNING - Agent marked as inactive: network_agent (instance: network_agent_1765871511)
2025-12-16 15:55:01,780 - MCP Server - WARNING - Agent marked as inactive: app_agent (instance: app_agent_1765871512)
2025-12-16 15:55:01,780 - MCP Server - WARNING - Agent marked as inactive: monitor_agent (instance: monitor_agent_1765871513)
2025-12-16 15:55:01,780 - MCP Server - WARNING - Agent marked as inactive: media_agent (instance: media_agent_1765871514)
2025-12-16 15:55:02,750 - MCP Server - WARNING - Agent marked as inactive: file_agent (instance: file_agent_1765871023)
2025-12-16 15:55:02,750 - MCP Server - WARNING - Agent marked as inactive: settings_agent (instance: settings_agent_1765871024)
2025-12-16 15:55:02,750 - MCP Server - WARNING - Agent marked as inactive: network_agent (instance: network_agent_1765871025)
2025-12-16 15:55:02,750 - MCP Server - WARNING - Agent marked as inactive: app_agent (instance: app_agent_1765871026)
2025-12-16 15:55:02,750 - MCP Server - WARNING - Agent marked as inactive: monitor_agent (instance: monitor_agent_1765871027)
2025-12-16 15:55:02,750 - MCP Server - WARNING - Agent marked as inactive: media_agent (instance: media_agent_1765871028)
2025-12-16 15:55:04,783 - MCP Server - WARNING - Agent marked as inactive: file_agent (instance: file_agent_1765871509)
2025-12-16 15:55:04,784 - MCP Server - WARNING - Agent marked as inactive: settings_agent (instance: settings_agent_1765871510)
2025-12-16 15:55:04,784 - MCP Server - WARNING - Agent marked as inactive: network_agent (instance: network_agent_1765871511)
2025-12-16 15:55:04,784 - MCP Server - WARNING - Agent marked as inactive: app_agent (instance: app_agent_1765871512)
2025-12-16 15:55:04,784 - MCP Server - WARNING - Agent marked as inactive: monitor_agent (instance: monitor_agent_1765871513)
2025-12-16 15:55:04,784 - MCP Server - WARNING - Agent marked as inactive: media_agent (instance: media_agent_1765871514)
2025-12-16 15:55:05,754 - MCP Server - WARNING - Agent marked as inactive: file_agent (instance: file_agent_1765871023)
2025-12-16 15:55:05,754 - MCP Server - WARNING - Agent marked as inactive: settings_agent (instance: settings_agent_1765871024)
2025-12-16 15:55:05,754 - MCP Server - WARNING - Agent marked as inactive: network_agent (instance: network_agent_1765871025)
2025-12-16 15:55:05,754 - MCP Server - WARNING - Agent marked as inactive: app_agent (instance: app_agent_1765871026)
2025-12-16 15:55:05,754 - MCP Server - WARNING - Agent marked as inactive: monitor_agent (instance: monitor_agent_1765871027)
2025-12-16 15:55:05,754 - MCP Server - WARNING - Agent marked as inactive: media_agent (instance: media_agent_1765871028)
2025-12-16 15:55:07,787 - MCP Server - WARNING - Agent marked as inactive: file_agent (instance: file_agent_1765871509)
2025-12-16 15:55:07,788 - MCP Server - WARNING - Agent marked as inactive: settings_agent (instance: settings_agent_1765871510)
2025-12-16 15:55:07,788 - MCP Server - WARNING - Agent marked as inactive: network_agent (instance: network_agent_1765871511)
2025-12-16 15:55:07,788 - MCP Server - WARNING - Agent marked as inactive: app_agent (instance: app_agent_1765871512)
2025-12-16 15:55:07,788 - MCP Server - WARNING - Agent marked as inactive: monitor_agent (instance: monitor_agent_1765871513)
2025-12-16 15:55:07,788 - MCP Server - WARNING - Agent marked as inactive: media_agent (instance: media_agent_1765871514)
2025-12-16 15:55:08,757 - MCP Server - WARNING - Agent marked as inactive: file_agent (instance: file_agent_1765871023)
2025-12-16 15:55:08,758 - MCP Server - WARNING - Agent marked as inactive: settings_agent (instance: settings_agent_1765871024)
2025-12-16 15:55:08,758 - MCP Server - WARNING - Agent marked as inactive: network_agent (instance: network_agent_1765871025)
2025-12-16 15:55:08,758 - MCP Server - WARNING - Agent marked as inactive: app_agent (instance: app_agent_1765871026)
2025-12-16 15:55:08,758 - MCP Server - WARNING - Agent marked as inactive: monitor_agent (instance: monitor_agent_1765871027)
2025-12-16 15:55:08,758 - MCP Server - WARNING - Agent marked as inactive: media_agent (instance: media_agent_1765871028)
2025-12-16 15:55:10,791 - MCP Server - WARNING - Agent marked as inactive: file_agent (instance: file_agent_1765871509)
2025-12-16 15:55:10,791 - MCP Server - WARNING - Agent marked as inactive: settings_agent (instance: settings_agent_1765871510)
2025-12-16 15:55:10,792 - MCP Server - WARNING - Agent marked as inactive: network_agent (instance: network_agent_1765871511)
2025-12-16 15:55:10,792 - MCP Server - WARNING - Agent marked as inactive: app_agent (instance: app_agent_1765871512)
2025-12-16 15:55:10,792 - MCP Server - WARNING - Agent marked as inactive: monitor_agent (instance: monitor_agent_1765871513)
2025-12-16 15:55:10,792 - MCP Server - WARNING - Agent marked as inactive: media_agent (instance: media_agent_1765871514)
2025-12-16 15:55:11,761 - MCP Server - WARNING - Agent marked as inactive: file_agent (instance: file_agent_1765871023)
2025-12-16 15:55:11,761 - MCP Server - WARNING - Agent marked as inactive: settings_agent (instance: settings_agent_1765871024)
2025-12-16 15:55:11,762 - MCP Server - WARNING - Agent marked as inactive: network_agent (instance: network_agent_1765871025)
2025-12-16 15:55:11,762 - MCP Server - WARNING - Agent marked as inactive: app_agent (instance: app_agent_1765871026)
2025-12-16 15:55:11,762 - MCP Server - WARNING - Agent marked as inactive: monitor_agent (instance: monitor_agent_1765871027)
2025-12-16 15:55:11,762 - MCP Server - WARNING - Agent marked as inactive: media_agent (instance: media_agent_1765871028)
2025-12-16 15:55:13,795 - MCP Server - WARNING - Agent marked as inactive: file_agent (instance: file_agent_1765871509)
2025-12-16 15:55:13,795 - MCP Server - WARNING - Agent marked as inactive: settings_agent (instance: settings_agent_1765871510)
2025-12-16 15:55:13,795 - MCP Server - WARNING - Agent marked as inactive: network_agent (instance: network_agent_1765871511)
2025-12-16 15:55:13,795 - MCP Server - WARNING - Agent marked as inactive: app_agent (instance: app_agent_1765871512)
2025-12-16 15:55:13,795 - MCP Server - WARNING - Agent marked as inactive: monitor_agent (instance: monitor_agent_1765871513)
2025-12-16 15:55:13,796 - MCP Server - WARNING - Agent marked as inactive: media_agent (instance: media_agent_1765871514)
2025-12-16 15:55:14,765 - MCP Server - WARNING - Agent marked as inactive: file_agent (instance: file_agent_1765871023)
2025-12-16 15:55:14,765 - MCP Server - WARNING - Agent marked as inactive: settings_agent (instance: settings_agent_1765871024)
2025-12-16 15:55:14,765 - MCP Server - WARNING - Agent marked as inactive: network_agent (instance: network_agent_1765871025)
2025-12-16 15:55:14,765 - MCP Server - WARNING - Agent marked as inactive: app_agent (instance: app_agent_1765871026)
2025-12-16 15:55:14,765 - MCP Server - WARNING - Agent marked as inactive: monitor_agent (instance: monitor_agent_1765871027)
2025-12-16 15:55:14,766 - MCP Server - WARNING - Agent marked as inactive: media_agent (instance: media_agent_1765871028)
2025-12-16 15:55:16,799 - MCP Server - WARNING - Agent marked as inactive: file_agent (instance: file_agent_1765871509)
2025-12-16 15:55:16,799 - MCP Server - WARNING - Agent marked as inactive: settings_agent (instance: settings_agent_1765871510)
2025-12-16 15:55:16,799 - MCP Server - WARNING - Agent marked as inactive: network_agent (instance: network_agent_1765871511)
2025-12-16 15:55:16,799 - MCP Server - WARNING - Agent marked as inactive: app_agent (instance: app_agent_1765871512)
2025-12-16 15:55:16,799 - MCP Server - WARNING - Agent marked as inactive: monitor_agent (instance: monitor_agent_1765871513)
2025-12-16 15:55:16,799 - MCP Server - WARNING - Agent marked as inactive: media_agent (instance: media_agent_1765871514)
2025-12-16 15:55:17,769 - MCP Server - WARNING - Agent marked as inactive: file_agent (instance: file_agent_1765871023)
2025-12-16 15:55:17,769 - MCP Server - WARNING - Agent marked as inactive: settings_agent (instance: settings_agent_1765871024)
2025-12-16 15:55:17,769 - MCP Server - WARNING - Agent marked as inactive: network_agent (instance: network_agent_1765871025)
2025-12-16 15:55:17,769 - MCP Server - WARNING - Agent marked as inactive: app_agent (instance: app_agent_1765871026)
2025-12-16 15:55:17,769 - MCP Server - WARNING - Agent marked as inactive: monitor_agent (instance: monitor_agent_1765871027)
2025-12-16 15:55:17,769 - MCP Server - WARNING - Agent marked as inactive: media_agent (instance: media_agent_1765871028)
2025-12-16 15:55:19,803 - MCP Server - WARNING - Agent marked as inactive: file_agent (instance: file_agent_1765871509)
2025-12-16 15:55:19,803 - MCP Server - WARNING - Agent marked as inactive: settings_agent (instance: settings_agent_1765871510)
2025-12-16 15:55:19,803 - MCP Server - WARNING - Agent marked as inactive: network_agent (instance: network_agent_1765871511)
2025-12-16 15:55:19,803 - MCP Server - WARNING - Agent marked as inactive: app_agent (instance: app_agent_1765871512)
2025-12-16 15:55:19,803 - MCP Server - WARNING - Agent marked as inactive: monitor_agent (instance: monitor_agent_1765871513)
2025-12-16 15:55:19,803 - MCP Server - WARNING - Agent marked as inactive: media_agent (instance: media_agent_1765871514)
2025-12-16 15:55:20,772 - MCP Server - WARNING - Agent marked as inactive: file_agent (instance: file_agent_1765871023)
2025-12-16 15:55:20,772 - MCP Server - WARNING - Agent marked as inactive: settings_agent (instance: settings_agent_1765871024)
2025-12-16 15:55:20,772 - MCP Server - WARNING - Agent marked as inactive: network_agent (instance: network_agent_1765871025)
2025-12-16 15:55:20,772 - MCP Server - WARNING - Agent marked as inactive: app_agent (instance: app_agent_1765871026)
2025-12-16 15:55:20,772 - MCP Server - WARNING - Agent marked as inactive: monitor_agent (instance: monitor_agent_1765871027)
2025-12-16 15:55:20,773 - MCP Server - WARNING - Agent marked as inactive: media_agent (instance: media_agent_1765871028)
2025-12-16 15:55:22,807 - MCP Server - WARNING - Agent marked as inactive: file_agent (instance: file_agent_1765871509)
2025-12-16 15:55:22,807 - MCP Server - WARNING - Agent marked as inactive: settings_agent (instance: settings_agent_1765871510)
2025-12-16 15:55:22,807 - MCP Server - WARNING - Agent marked as inactive: network_agent (instance: network_agent_1765871511)
2025-12-16 15:55:22,807 - MCP Server - WARNING - Agent marked as inactive: app_agent (instance: app_agent_1765871512)
2025-12-16 15:55:22,807 - MCP Server - WARNING - Agent marked as inactive: monitor_agent (instance: monitor_agent_1765871513)
2025-12-16 15:55:22,807 - MCP Server - WARNING - Agent marked as inactive: media_agent (instance: media_agent_1765871514)
2025-12-16 15:55:23,776 - MCP Server - WARNING - Agent marked as inactive: file_agent (instance: file_agent_1765871023)
2025-12-16 15:55:23,776 - MCP Server - WARNING - Agent marked as inactive: settings_agent (instance: settings_agent_1765871024)
2025-12-16 15:55:23,776 - MCP Server - WARNING - Agent marked as inactive: network_agent (instance: network_agent_1765871025)
2025-12-16 15:55:23,776 - MCP Server - WARNING - Agent marked as inactive: app_agent (instance: app_agent_1765871026)
2025-12-16 15:55:23,776 - MCP Server - WARNING - Agent marked as inactive: monitor_agent (instance: monitor_agent_1765871027)
2025-12-16 15:55:23,776 - MCP Server - WARNING - Agent marked as inactive: media_agent (instance: media_agent_1765871028)
2025-12-16 15:55:25,810 - MCP Server - WARNING - Agent marked as inactive: file_agent (instance: file_agent_1765871509)
2025-12-16 15:55:25,811 - MCP Server - WARNING - Agent marked as inactive: settings_agent (instance: settings_agent_1765871510)
2025-12-16 15:55:25,811 - MCP Server - WARNING - Agent marked as inactive: network_agent (instance: network_agent_1765871511)
2025-12-16 15:55:25,811 - MCP Server - WARNING - Agent marked as inactive: app_agent (instance: app_agent_1765871512)
2025-12-16 15:55:25,811 - MCP Server - WARNING - Agent marked as inactive: monitor_agent (instance: monitor_agent_1765871513)
2025-12-16 15:55:25,811 - MCP Server - WARNING - Agent marked as inactive: media_agent (instance: media_agent_1765871514)
2025-12-16 15:55:26,780 - MCP Server - WARNING - Agent marked as inactive: file_agent (instance: file_agent_1765871023)
2025-12-16 15:55:26,780 - MCP Server - WARNING - Agent marked as inactive: settings_agent (instance: settings_agent_1765871024)
2025-12-16 15:55:26,780 - MCP Server - WARNING - Agent marked as inactive: network_agent (instance: network_agent_1765871025)
2025-12-16 15:55:26,780 - MCP Server - WARNING - Agent marked as inactive: app_agent (instance: app_agent_1765871026)
2025-12-16 15:55:26,780 - MCP Server - WARNING - Agent marked as inactive: monitor_agent (instance: monitor_agent_1765871027)
2025-12-16 15:55:26,780 - MCP Server - WARNING - Agent marked as inactive: media_agent (instance: media_agent_1765871028)
2025-12-16 15:55:28,815 - MCP Server - WARNING - Agent marked as inactive: file_agent (instance: file_agent_1765871509)
2025-12-16 15:55:28,815 - MCP Server - WARNING - Agent marked as inactive: settings_agent (instance: settings_agent_1765871510)
2025-12-16 15:55:28,815 - MCP Server - WARNING - Agent marked as inactive: network_agent (instance: network_agent_1765871511)
2025-12-16 15:55:28,815 - MCP Server - WARNING - Agent marked as inactive: app_agent (instance: app_agent_1765871512)
2025-12-16 15:55:28,815 - MCP Server - WARNING - Agent marked as inactive: monitor_agent (instance: monitor_agent_1765871513)
2025-12-16 15:55:28,815 - MCP Server - WARNING - Agent marked as inactive: media_agent (instance: media_agent_1765871514)
2025-12-16 15:55:29,783 - MCP Server - WARNING - Agent marked as inactive: file_agent (instance: file_agent_1765871023)
2025-12-16 15:55:29,784 - MCP Server - WARNING - Agent marked as inactive: settings_agent (instance: settings_agent_1765871024)
2025-12-16 15:55:29,784 - MCP Server - WARNING - Agent marked as inactive: network_agent (instance: network_agent_1765871025)
2025-12-16 15:55:29,784 - MCP Server - WARNING - Agent marked as inactive: app_agent (instance: app_agent_1765871026)
2025-12-16 15:55:29,784 - MCP Server - WARNING - Agent marked as inactive: monitor_agent (instance: monitor_agent_1765871027)
2025-12-16 15:55:29,784 - MCP Server - WARNING - Agent marked as inactive: media_agent (instance: media_agent_1765871028)
2025-12-16 15:55:31,818 - MCP Server - WARNING - Agent marked as inactive: file_agent (instance: file_agent_1765871509)
2025-12-16 15:55:31,819 - MCP Server - WARNING - Agent marked as inactive: settings_agent (instance: settings_agent_1765871510)
2025-12-16 15:55:31,819 - MCP Server - WARNING - Agent marked as inactive: network_agent (instance: network_agent_1765871511)
2025-12-16 15:55:31,819 - MCP Server - WARNING - Agent marked as inactive: app_agent (instance: app_agent_1765871512)
2025-12-16 15:55:31,819 - MCP Server - WARNING - Agent marked as inactive: monitor_agent (instance: monitor_agent_1765871513)
2025-12-16 15:55:31,819 - MCP Server - WARNING - Agent marked as inactive: media_agent (instance: media_agent_1765871514)
2025-12-16 15:55:32,787 - MCP Server - WARNING - Agent marked as inactive: file_agent (instance: file_agent_1765871023)
2025-12-16 15:55:32,787 - MCP Server - WARNING - Agent marked as inactive: settings_agent (instance: settings_agent_1765871024)
2025-12-16 15:55:32,788 - MCP Server - WARNING - Agent marked as inactive: network_agent (instance: network_agent_1765871025)
2025-12-16 15:55:32,788 - MCP Server - WARNING - Agent marked as inactive: app_agent (instance: app_agent_1765871026)
2025-12-16 15:55:32,788 - MCP Server - WARNING - Agent marked as inactive: monitor_agent (instance: monitor_agent_1765871027)
2025-12-16 15:55:32,788 - MCP Server - WARNING - Agent marked as inactive: media_agent (instance: media_agent_1765871028)
2025-12-16 15:55:34,822 - MCP Server - WARNING - Agent marked as inactive: file_agent (instance: file_agent_1765871509)
2025-12-16 15:55:34,823 - MCP Server - WARNING - Agent marked as inactive: settings_agent (instance: settings_agent_1765871510)
2025-12-16 15:55:34,823 - MCP Server - WARNING - Agent marked as inactive: network_agent (instance: network_agent_1765871511)
2025-12-16 15:55:34,823 - MCP Server - WARNING - Agent marked as inactive: app_agent (instance: app_agent_1765871512)
2025-12-16 15:55:34,823 - MCP Server - WARNING - Agent marked as inactive: monitor_agent (instance: monitor_agent_1765871513)
2025-12-16 15:55:34,823 - MCP Server - WARNING - Agent marked as inactive: media_agent (instance: media_agent_1765871514)
2025-12-16 15:55:35,791 - MCP Server - WARNING - Agent marked as inactive: file_agent (instance: file_agent_1765871023)
2025-12-16 15:55:35,791 - MCP Server - WARNING - Agent marked as inactive: settings_agent (instance: settings_agent_1765871024)
2025-12-16 15:55:35,791 - MCP Server - WARNING - Agent marked as inactive: network_agent (instance: network_agent_1765871025)
2025-12-16 15:55:35,791 - MCP Server - WARNING - Agent marked as inactive: app_agent (instance: app_agent_1765871026)
2025-12-16 15:55:35,791 - MCP Server - WARNING - Agent marked as inactive: monitor_agent (instance: monitor_agent_1765871027)
2025-12-16 15:55:35,792 - MCP Server - WARNING - Agent marked as inactive: media_agent (instance: media_agent_1765871028)
2025-12-16 15:55:37,826 - MCP Server - WARNING - Agent marked as inactive: file_agent (instance: file_agent_1765871509)
2025-12-16 15:55:37,826 - MCP Server - WARNING - Agent marked as inactive: settings_agent (instance: settings_agent_1765871510)
2025-12-16 15:55:37,826 - MCP Server - WARNING - Agent marked as inactive: network_agent (instance: network_agent_1765871511)
2025-12-16 15:55:37,827 - MCP Server - WARNING - Agent marked as inactive: app_agent (instance: app_agent_1765871512)
2025-12-16 15:55:37,827 - MCP Server - WARNING - Agent marked as inactive: monitor_agent (instance: monitor_agent_1765871513)
2025-12-16 15:55:37,827 - MCP Server - WARNING - Agent marked as inactive: media_agent (instance: media_agent_1765871514)
2025-12-16 15:55:38,795 - MCP Server - WARNING - Agent marked as inactive: file_agent (instance: file_agent_1765871023)
2025-12-16 15:55:38,795 - MCP Server - WARNING - Agent marked as inactive: settings_agent (instance: settings_agent_1765871024)
2025-12-16 15:55:38,795 - MCP Server - WARNING - Agent marked as inactive: network_agent (instance: network_agent_1765871025)
2025-12-16 15:55:38,795 - MCP Server - WARNING - Agent marked as inactive: app_agent (instance: app_agent_1765871026)
2025-12-16 15:55:38,795 - MCP Server - WARNING - Agent marked as inactive: monitor_agent (instance: monitor_agent_1765871027)
2025-12-16 15:55:38,795 - MCP Server - WARNING - Agent marked as inactive: media_agent (instance: media_agent_1765871028)
2025-12-16 15:55:40,830 - MCP Server - WARNING - Agent marked as inactive: file_agent (instance: file_agent_1765871509)
2025-12-16 15:55:40,830 - MCP Server - WARNING - Agent marked as inactive: settings_agent (instance: settings_agent_1765871510)
2025-12-16 15:55:40,830 - MCP Server - WARNING - Agent marked as inactive: network_agent (instance: network_agent_1765871511)
2025-12-16 15:55:40,830 - MCP Server - WARNING - Agent marked as inactive: app_agent (instance: app_agent_1765871512)
2025-12-16 15:55:40,831 - MCP Server - WARNING - Agent marked as inactive: monitor_agent (instance: monitor_agent_1765871513)
2025-12-16 15:55:40,831 - MCP Server - WARNING - Agent marked as inactive: media_agent (instance: media_agent_1765871514)
2025-12-16 15:55:41,799 - MCP Server - WARNING - Agent marked as inactive: file_agent (instance: file_agent_1765871023)
2025-12-16 15:55:41,799 - MCP Server - WARNING - Agent marked as inactive: settings_agent (instance: settings_agent_1765871024)
2025-12-16 15:55:41,799 - MCP Server - WARNING - Agent marked as inactive: network_agent (instance: network_agent_1765871025)
2025-12-16 15:55:41,799 - MCP Server - WARNING - Agent marked as inactive: app_agent (instance: app_agent_1765871026)
2025-12-16 15:55:41,799 - MCP Server - WARNING - Agent marked as inactive: monitor_agent (instance: monitor_agent_1765871027)
2025-12-16 15:55:41,799 - MCP Server - WARNING - Agent marked as inactive: media_agent (instance: media_agent_1765871028)
2025-12-16 15:55:43,834 - MCP Server - WARNING - Agent marked as inactive: file_agent (instance: file_agent_1765871509)
2025-12-16 15:55:43,834 - MCP Server - WARNING - Agent marked as inactive: settings_agent (instance: settings_agent_1765871510)
2025-12-16 15:55:43,834 - MCP Server - WARNING - Agent marked as inactive: network_agent (instance: network_agent_1765871511)
2025-12-16 15:55:43,834 - MCP Server - WARNING - Agent marked as inactive: app_agent (instance: app_agent_1765871512)
2025-12-16 15:55:43,834 - MCP Server - WARNING - Agent marked as inactive: monitor_agent (instance: monitor_agent_1765871513)
2025-12-16 15:55:43,834 - MCP Server - WARNING - Agent marked as inactive: media_agent (instance: media_agent_1765871514)
2025-12-16 15:55:44,802 - MCP Server - WARNING - Agent marked as inactive: file_agent (instance: file_agent_1765871023)
2025-12-16 15:55:44,802 - MCP Server - WARNING - Agent marked as inactive: settings_agent (instance: settings_agent_1765871024)
2025-12-16 15:55:44,803 - MCP Server - WARNING - Agent marked as inactive: network_agent (instance: network_agent_1765871025)
2025-12-16 15:55:44,803 - MCP Server - WARNING - Agent marked as inactive: app_agent (instance: app_agent_1765871026)
2025-12-16 15:55:44,803 - MCP Server - WARNING - Agent marked as inactive: monitor_agent (instance: monitor_agent_1765871027)
2025-12-16 15:55:44,803 - MCP Server - WARNING - Agent marked as inactive: media_agent (instance: media_agent_1765871028)
2025-12-16 15:55:46,838 - MCP Server - WARNING - Agent marked as inactive: file_agent (instance: file_agent_1765871509)
2025-12-16 15:55:46,838 - MCP Server - WARNING - Agent marked as inactive: settings_agent (instance: settings_agent_1765871510)
2025-12-16 15:55:46,838 - MCP Server - WARNING - Agent marked as inactive: network_agent (instance: network_agent_1765871511)
2025-12-16 15:55:46,838 - MCP Server - WARNING - Agent marked as inactive: app_agent (instance: app_agent_1765871512)
2025-12-16 15:55:46,838 - MCP Server - WARNING - Agent marked as inactive: monitor_agent (instance: monitor_agent_1765871513)
2025-12-16 15:55:46,838 - MCP Server - WARNING - Agent marked as inactive: media_agent (instance: media_agent_1765871514)
2025-12-16 15:55:47,806 - MCP Server - WARNING - Agent marked as inactive: file_agent (instance: file_agent_1765871023)
2025-12-16 15:55:47,806 - MCP Server - WARNING - Agent marked as inactive: settings_agent (instance: settings_agent_1765871024)
2025-12-16 15:55:47,806 - MCP Server - WARNING - Agent marked as inactive: network_agent (instance: network_agent_1765871025)
2025-12-16 15:55:47,806 - MCP Server - WARNING - Agent marked as inactive: app_agent (instance: app_agent_1765871026)
2025-12-16 15:55:47,807 - MCP Server - WARNING - Agent marked as inactive: monitor_agent (instance: monitor_agent_1765871027)
2025-12-16 15:55:47,807 - MCP Server - WARNING - Agent marked as inactive: media_agent (instance: media_agent_1765871028)
2025-12-16 15:55:49,842 - MCP Server - WARNING - Agent marked as inactive: file_agent (instance: file_agent_1765871509)
2025-12-16 15:55:49,842 - MCP Server - WARNING - Agent marked as inactive: settings_agent (instance: settings_agent_1765871510)
2025-12-16 15:55:49,842 - MCP Server - WARNING - Agent marked as inactive: network_agent (instance: network_agent_1765871511)
2025-12-16 15:55:49,842 - MCP Server - WARNING - Agent marked as inactive: app_agent (instance: app_agent_1765871512)
2025-12-16 15:55:49,842 - MCP Server - WARNING - Agent marked as inactive: monitor_agent (instance: monitor_agent_1765871513)
2025-12-16 15:55:49,842 - MCP Server - WARNING - Agent marked as inactive: media_agent (instance: media_agent_1765871514)
2025-12-16 15:55:50,810 - MCP Server - WARNING - Agent marked as inactive: file_agent (instance: file_agent_1765871023)
2025-12-16 15:55:50,810 - MCP Server - WARNING - Agent marked as inactive: settings_agent (instance: settings_agent_1765871024)
2025-12-16 15:55:50,810 - MCP Server - WARNING - Agent marked as inactive: network_agent (instance: network_agent_1765871025)
2025-12-16 15:55:50,810 - MCP Server - WARNING - Agent marked as inactive: app_agent (instance: app_agent_1765871026)
2025-12-16 15:55:50,810 - MCP Server - WARNING - Agent marked as inactive: monitor_agent (instance: monitor_agent_1765871027)
2025-12-16 15:55:50,810 - MCP Server - WARNING - Agent marked as inactive: media_agent (instance: media_agent_1765871028)
2025-12-16 15:55:52,846 - MCP Server - WARNING - Agent marked as inactive: file_agent (instance: file_agent_1765871509)
2025-12-16 15:55:52,846 - MCP Server - WARNING - Agent marked as inactive: settings_agent (instance: settings_agent_1765871510)
2025-12-16 15:55:52,846 - MCP Server - WARNING - Agent marked as inactive: network_agent (instance: network_agent_1765871511)
2025-12-16 15:55:52,846 - MCP Server - WARNING - Agent marked as inactive: app_agent (instance: app_agent_1765871512)
2025-12-16 15:55:52,846 - MCP Server - WARNING - Agent marked as inactive: monitor_agent (instance: monitor_agent_1765871513)
2025-12-16 15:55:52,846 - MCP Server - WARNING - Agent marked as inactive: media_agent (instance: media_agent_1765871514)
2025-12-16 15:55:53,813 - MCP Server - WARNING - Agent marked as inactive: file_agent (instance: file_agent_1765871023)
2025-12-16 15:55:53,814 - MCP Server - WARNING - Agent marked as inactive: settings_agent (instance: settings_agent_1765871024)
2025-12-16 15:55:53,814 - MCP Server - WARNING - Agent marked as inactive: network_agent (instance: network_agent_1765871025)
2025-12-16 15:55:53,814 - MCP Server - WARNING - Agent marked as inactive: app_agent (instance: app_agent_1765871026)
2025-12-16 15:55:53,814 - MCP Server - WARNING - Agent marked as inactive: monitor_agent (instance: monitor_agent_1765871027)
2025-12-16 15:55:53,814 - MCP Server - WARNING - Agent marked as inactive: media_agent (instance: media_agent_1765871028)
2025-12-16 15:55:55,849 - MCP Server - WARNING - Agent marked as inactive: file_agent (instance: file_agent_1765871509)
2025-12-16 15:55:55,850 - MCP Server - WARNING - Agent marked as inactive: settings_agent (instance: settings_agent_1765871510)
2025-12-16 15:55:55,850 - MCP Server - WARNING - Agent marked as inactive: network_agent (instance: network_agent_1765871511)
2025-12-16 15:55:55,850 - MCP Server - WARNING - Agent marked as inactive: app_agent (instance: app_agent_1765871512)
2025-12-16 15:55:55,850 - MCP Server - WARNING - Agent marked as inactive: monitor_agent (instance: monitor_agent_1765871513)
2025-12-16 15:55:55,850 - MCP Server - WARNING - Agent marked as inactive: media_agent (instance: media_agent_1765871514)
2025-12-16 15:55:56,817 - MCP Server - WARNING - Agent marked as inactive: file_agent (instance: file_agent_1765871023)
2025-12-16 15:55:56,818 - MCP Server - WARNING - Agent marked as inactive: settings_agent (instance: settings_agent_1765871024)
2025-12-16 15:55:56,818 - MCP Server - WARNING - Agent marked as inactive: network_agent (instance: network_agent_1765871025)
2025-12-16 15:55:56,818 - MCP Server - WARNING - Agent marked as inactive: app_agent (instance: app_agent_1765871026)
2025-12-16 15:55:56,818 - MCP Server - WARNING - Agent marked as inactive: monitor_agent (instance: monitor_agent_1765871027)
2025-12-16 15:55:56,818 - MCP Server - WARNING - Agent marked as inactive: media_agent (instance: media_agent_1765871028)
2025-12-16 15:55:58,853 - MCP Server - WARNING - Agent marked as inactive: file_agent (instance: file_agent_1765871509)
2025-12-16 15:55:58,854 - MCP Server - WARNING - Agent marked as inactive: settings_agent (instance: settings_agent_1765871510)
2025-12-16 15:55:58,854 - MCP Server - WARNING - Agent marked as inactive: network_agent (instance: network_agent_1765871511)
2025-12-16 15:55:58,854 - MCP Server - WARNING - Agent marked as inactive: app_agent (instance: app_agent_1765871512)
2025-12-16 15:55:58,854 - MCP Server - WARNING - Agent marked as inactive: monitor_agent (instance: monitor_agent_1765871513)
2025-12-16 15:55:58,854 - MCP Server - WARNING - Agent marked as inactive: media_agent (instance: media_agent_1765871514)
2025-12-16 15:55:59,821 - MCP Server - WARNING - Agent marked as inactive: file_agent (instance: file_agent_1765871023)
2025-12-16 15:55:59,821 - MCP Server - WARNING - Agent marked as inactive: settings_agent (instance: settings_agent_1765871024)
2025-12-16 15:55:59,822 - MCP Server - WARNING - Agent marked as inactive: network_agent (instance: network_agent_1765871025)
2025-12-16 15:55:59,822 - MCP Server - WARNING - Agent marked as inactive: app_agent (instance: app_agent_1765871026)
2025-12-16 15:55:59,822 - MCP Server - WARNING - Agent marked as inactive: monitor_agent (instance: monitor_agent_1765871027)
2025-12-16 15:55:59,822 - MCP Server - WARNING - Agent marked as inactive: media_agent (instance: media_agent_1765871028)
2025-12-16 15:56:01,857 - MCP Server - WARNING - Agent marked as inactive: file_agent (instance: file_agent_1765871509)
2025-12-16 15:56:01,858 - MCP Server - WARNING - Agent marked as inactive: settings_agent (instance: settings_agent_1765871510)
2025-12-16 15:56:01,858 - MCP Server - WARNING - Agent marked as inactive: network_agent (instance: network_agent_1765871511)
2025-12-16 15:56:01,858 - MCP Server - WARNING - Agent marked as inactive: app_agent (instance: app_agent_1765871512)
2025-12-16 15:56:01,858 - MCP Server - WARNING - Agent marked as inactive: monitor_agent (instance: monitor_agent_1765871513)
2025-12-16 15:56:01,858 - MCP Server - WARNING - Agent marked as inactive: media_agent (instance: media_agent_1765871514)
2025-12-16 15:56:02,825 - MCP Server - WARNING - Agent marked as inactive: file_agent (instance: file_agent_1765871023)
2025-12-16 15:56:02,825 - MCP Server - WARNING - Agent marked as inactive: settings_agent (instance: settings_agent_1765871024)
2025-12-16 15:56:02,825 - MCP Server - WARNING - Agent marked as inactive: network_agent (instance: network_agent_1765871025)
2025-12-16 15:56:02,825 - MCP Server - WARNING - Agent marked as inactive: app_agent (instance: app_agent_1765871026)
2025-12-16 15:56:02,826 - MCP Server - WARNING - Agent marked as inactive: monitor_agent (instance: monitor_agent_1765871027)
2025-12-16 15:56:02,826 - MCP Server - WARNING - Agent marked as inactive: media_agent (instance: media_agent_1765871028)
2025-12-16 15:56:04,861 - MCP Server - WARNING - Agent marked as inactive: file_agent (instance: file_agent_1765871509)
2025-12-16 15:56:04,862 - MCP Server - WARNING - Agent marked as inactive: settings_agent (instance: settings_agent_1765871510)
2025-12-16 15:56:04,862 - MCP Server - WARNING - Agent marked as inactive: network_agent (instance: network_agent_1765871511)
2025-12-16 15:56:04,862 - MCP Server - WARNING - Agent marked as inactive: app_agent (instance: app_agent_1765871512)
2025-12-16 15:56:04,862 - MCP Server - WARNING - Agent marked as inactive: monitor_agent (instance: monitor_agent_1765871513)
2025-12-16 15:56:04,862 - MCP Server - WARNING - Agent marked as inactive: media_agent (instance: media_agent_1765871514)
2025-12-16 15:56:05,829 - MCP Server - WARNING - Agent marked as inactive: file_agent (instance: file_agent_1765871023)
2025-12-16 15:56:05,829 - MCP Server - WARNING - Agent marked as inactive: settings_agent (instance: settings_agent_1765871024)
2025-12-16 15:56:05,829 - MCP Server - WARNING - Agent marked as inactive: network_agent (instance: network_agent_1765871025)
2025-12-16 15:56:05,829 - MCP Server - WARNING - Agent marked as inactive: app_agent (instance: app_agent_1765871026)
2025-12-16 15:56:05,829 - MCP Server - WARNING - Agent marked as inactive: monitor_agent (instance: monitor_agent_1765871027)
2025-12-16 15:56:05,830 - MCP Server - WARNING - Agent marked as inactive: media_agent (instance: media_agent_1765871028)
2025-12-16 15:56:07,865 - MCP Server - WARNING - Agent marked as inactive: file_agent (instance: file_agent_1765871509)
2025-12-16 15:56:07,866 - MCP Server - WARNING - Agent marked as inactive: settings_agent (instance: settings_agent_1765871510)
2025-12-16 15:56:07,866 - MCP Server - WARNING - Agent marked as inactive: network_agent (instance: network_agent_1765871511)
2025-12-16 15:56:07,866 - MCP Server - WARNING - Agent marked as inactive: app_agent (instance: app_agent_1765871512)
2025-12-16 15:56:07,866 - MCP Server - WARNING - Agent marked as inactive: monitor_agent (instance: monitor_agent_1765871513)
2025-12-16 15:56:07,866 - MCP Server - WARNING - Agent marked as inactive: media_agent (instance: media_agent_1765871514)
2025-12-16 15:56:08,833 - MCP Server - WARNING - Agent marked as inactive: file_agent (instance: file_agent_1765871023)
2025-12-16 15:56:08,833 - MCP Server - WARNING - Agent marked as inactive: settings_agent (instance: settings_agent_1765871024)
2025-12-16 15:56:08,833 - MCP Server - WARNING - Agent marked as inactive: network_agent (instance: network_agent_1765871025)
2025-12-16 15:56:08,833 - MCP Server - WARNING - Agent marked as inactive: app_agent (instance: app_agent_1765871026)
2025-12-16 15:56:08,833 - MCP Server - WARNING - Agent marked as inactive: monitor_agent (instance: monitor_agent_1765871027)
2025-12-16 15:56:08,833 - MCP Server - WARNING - Agent marked as inactive: media_agent (instance: media_agent_1765871028)
2025-12-16 15:56:10,869 - MCP Server - WARNING - Agent marked as inactive: file_agent (instance: file_agent_1765871509)
2025-12-16 15:56:10,869 - MCP Server - WARNING - Agent marked as inactive: settings_agent (instance: settings_agent_1765871510)
2025-12-16 15:56:10,869 - MCP Server - WARNING - Agent marked as inactive: network_agent (instance: network_agent_1765871511)
2025-12-16 15:56:10,869 - MCP Server - WARNING - Agent marked as inactive: app_agent (instance: app_agent_1765871512)
2025-12-16 15:56:10,870 - MCP Server - WARNING - Agent marked as inactive: monitor_agent (instance: monitor_agent_1765871513)
2025-12-16 15:56:10,870 - MCP Server - WARNING - Agent marked as inactive: media_agent (instance: media_agent_1765871514)
2025-12-16 15:56:11,837 - MCP Server - WARNING - Agent marked as inactive: file_agent (instance: file_agent_1765871023)
2025-12-16 15:56:11,837 - MCP Server - WARNING - Agent marked as inactive: settings_agent (instance: settings_agent_1765871024)
2025-12-16 15:56:11,837 - MCP Server - WARNING - Agent marked as inactive: network_agent (instance: network_agent_1765871025)
2025-12-16 15:56:11,837 - MCP Server - WARNING - Agent marked as inactive: app_agent (instance: app_agent_1765871026)
2025-12-16 15:56:11,837 - MCP Server - WARNING - Agent marked as inactive: monitor_agent (instance: monitor_agent_1765871027)
2025-12-16 15:56:11,837 - MCP Server - WARNING - Agent marked as inactive: media_agent (instance: media_agent_1765871028)
2025-12-16 15:56:13,873 - MCP Server - WARNING - Agent marked as inactive: file_agent (instance: file_agent_1765871509)
2025-12-16 15:56:13,873 - MCP Server - WARNING - Agent marked as inactive: settings_agent (instance: settings_agent_1765871510)
2025-12-16 15:56:13,873 - MCP Server - WARNING - Agent marked as inactive: network_agent (instance: network_agent_1765871511)
2025-12-16 15:56:13,873 - MCP Server - WARNING - Agent marked as inactive: app_agent (instance: app_agent_1765871512)
2025-12-16 15:56:13,873 - MCP Server - WARNING - Agent marked as inactive: monitor_agent (instance: monitor_agent_1765871513)
2025-12-16 15:56:13,873 - MCP Server - WARNING - Agent marked as inactive: media_agent (instance: media_agent_1765871514)
2025-12-16 15:56:14,840 - MCP Server - WARNING - Agent marked as inactive: file_agent (instance: file_agent_1765871023)
2025-12-16 15:56:14,841 - MCP Server - WARNING - Agent marked as inactive: settings_agent (instance: settings_agent_1765871024)
2025-12-16 15:56:14,841 - MCP Server - WARNING - Agent marked as inactive: network_agent (instance: network_agent_1765871025)
2025-12-16 15:56:14,841 - MCP Server - WARNING - Agent marked as inactive: app_agent (instance: app_agent_1765871026)
2025-12-16 15:56:14,841 - MCP Server - WARNING - Agent marked as inactive: monitor_agent (instance: monitor_agent_1765871027)
2025-12-16 15:56:14,841 - MCP Server - WARNING - Agent marked as inactive: media_agent (instance: media_agent_1765871028)
2025-12-16 15:56:16,876 - MCP Server - WARNING - Agent marked as inactive: file_agent (instance: file_agent_1765871509)
2025-12-16 15:56:16,876 - MCP Server - WARNING - Agent marked as inactive: settings_agent (instance: settings_agent_1765871510)
2025-12-16 15:56:16,877 - MCP Server - WARNING - Agent marked as inactive: network_agent (instance: network_agent_1765871511)
2025-12-16 15:56:16,877 - MCP Server - WARNING - Agent marked as inactive: app_agent (instance: app_agent_1765871512)
2025-12-16 15:56:16,877 - MCP Server - WARNING - Agent marked as inactive: monitor_agent (instance: monitor_agent_1765871513)
2025-12-16 15:56:16,877 - MCP Server - WARNING - Agent marked as inactive: media_agent (instance: media_agent_1765871514)
2025-12-16 15:56:17,844 - MCP Server - WARNING - Agent marked as inactive: file_agent (instance: file_agent_1765871023)
2025-12-16 15:56:17,845 - MCP Server - WARNING - Agent marked as inactive: settings_agent (instance: settings_agent_1765871024)
2025-12-16 15:56:17,845 - MCP Server - WARNING - Agent marked as inactive: network_agent (instance: network_agent_1765871025)
2025-12-16 15:56:17,845 - MCP Server - WARNING - Agent marked as inactive: app_agent (instance: app_agent_1765871026)
2025-12-16 15:56:17,845 - MCP Server - WARNING - Agent marked as inactive: monitor_agent (instance: monitor_agent_1765871027)
2025-12-16 15:56:17,845 - MCP Server - WARNING - Agent marked as inactive: media_agent (instance: media_agent_1765871028)
2025-12-16 15:56:19,880 - MCP Server - WARNING - Agent marked as inactive: file_agent (instance: file_agent_1765871509)
2025-12-16 15:56:19,880 - MCP Server - WARNING - Agent marked as inactive: settings_agent (instance: settings_agent_1765871510)
2025-12-16 15:56:19,881 - MCP Server - WARNING - Agent marked as inactive: network_agent (instance: network_agent_1765871511)
2025-12-16 15:56:19,881 - MCP Server - WARNING - Agent marked as inactive: app_agent (instance: app_agent_1765871512)
2025-12-16 15:56:19,881 - MCP Server - WARNING - Agent marked as inactive: monitor_agent (instance: monitor_agent_1765871513)
2025-12-16 15:56:19,881 - MCP Server - WARNING - Agent marked as inactive: media_agent (instance: media_agent_1765871514)
2025-12-16 15:56:20,848 - MCP Server - WARNING - Agent marked as inactive: file_agent (instance: file_agent_1765871023)
2025-12-16 15:56:20,849 - MCP Server - WARNING - Agent marked as inactive: settings_agent (instance: settings_agent_1765871024)
2025-12-16 15:56:20,849 - MCP Server - WARNING - Agent marked as inactive: network_agent (instance: network_agent_1765871025)
2025-12-16 15:56:20,849 - MCP Server - WARNING - Agent marked as inactive: app_agent (instance: app_agent_1765871026)
2025-12-16 15:56:20,849 - MCP Server - WARNING - Agent marked as inactive: monitor_agent (instance: monitor_agent_1765871027)
2025-12-16 15:56:20,849 - MCP Server - WARNING - Agent marked as inactive: media_agent (instance: media_agent_1765871028)
2025-12-16 15:56:22,884 - MCP Server - WARNING - Agent marked as inactive: file_agent (instance: file_agent_1765871509)
2025-12-16 15:56:22,884 - MCP Server - WARNING - Agent marked as inactive: settings_agent (instance: settings_agent_1765871510)
2025-12-16 15:56:22,885 - MCP Server - WARNING - Agent marked as inactive: network_agent (instance: network_agent_1765871511)
2025-12-16 15:56:22,885 - MCP Server - WARNING - Agent marked as inactive: app_agent (instance: app_agent_1765871512)
2025-12-16 15:56:22,885 - MCP Server - WARNING - Agent marked as inactive: monitor_agent (instance: monitor_agent_1765871513)
2025-12-16 15:56:22,885 - MCP Server - WARNING - Agent marked as inactive: media_agent (instance: media_agent_1765871514)
2025-12-16 15:56:23,852 - MCP Server - WARNING - Agent marked as inactive: file_agent (instance: file_agent_1765871023)
2025-12-16 15:56:23,852 - MCP Server - WARNING - Agent marked as inactive: settings_agent (instance: settings_agent_1765871024)
2025-12-16 15:56:23,853 - MCP Server - WARNING - Agent marked as inactive: network_agent (instance: network_agent_1765871025)
2025-12-16 15:56:23,853 - MCP Server - WARNING - Agent marked as inactive: app_agent (instance: app_agent_1765871026)
2025-12-16 15:56:23,853 - MCP Server - WARNING - Agent marked as inactive: monitor_agent (instance: monitor_agent_1765871027)
2025-12-16 15:56:23,853 - MCP Server - WARNING - Agent marked as inactive: media_agent (instance: media_agent_1765871028)
2025-12-16 15:56:25,888 - MCP Server - WARNING - Agent marked as inactive: file_agent (instance: file_agent_1765871509)
2025-12-16 15:56:25,888 - MCP Server - WARNING - Agent marked as inactive: settings_agent (instance: settings_agent_1765871510)
2025-12-16 15:56:25,888 - MCP Server - WARNING - Agent marked as inactive: network_agent (instance: network_agent_1765871511)
2025-12-16 15:56:25,889 - MCP Server - WARNING - Agent marked as inactive: app_agent (instance: app_agent_1765871512)
2025-12-16 15:56:25,889 - MCP Server - WARNING - Agent marked as inactive: monitor_agent (instance: monitor_agent_1765871513)
2025-12-16 15:56:25,889 - MCP Server - WARNING - Agent marked as inactive: media_agent (instance: media_agent_1765871514)
2025-12-16 15:56:26,856 - MCP Server - WARNING - Agent marked as inactive: file_agent (instance: file_agent_1765871023)
2025-12-16 15:56:26,856 - MCP Server - WARNING - Agent marked as inactive: settings_agent (instance: settings_agent_1765871024)
2025-12-16 15:56:26,856 - MCP Server - WARNING - Agent marked as inactive: network_agent (instance: network_agent_1765871025)
2025-12-16 15:56:26,857 - MCP Server - WARNING - Agent marked as inactive: app_agent (instance: app_agent_1765871026)
2025-12-16 15:56:26,857 - MCP Server - WARNING - Agent marked as inactive: monitor_agent (instance: monitor_agent_1765871027)
2025-12-16 15:56:26,857 - MCP Server - WARNING - Agent marked as inactive: media_agent (instance: media_agent_1765871028)
2025-12-16 15:56:28,892 - MCP Server - WARNING - Agent marked as inactive: file_agent (instance: file_agent_1765871509)
2025-12-16 15:56:28,892 - MCP Server - WARNING - Agent marked as inactive: settings_agent (instance: settings_agent_1765871510)
2025-12-16 15:56:28,892 - MCP Server - WARNING - Agent marked as inactive: network_agent (instance: network_agent_1765871511)
2025-12-16 15:56:28,893 - MCP Server - WARNING - Agent marked as inactive: app_agent (instance: app_agent_1765871512)
2025-12-16 15:56:28,893 - MCP Server - WARNING - Agent marked as inactive: monitor_agent (instance: monitor_agent_1765871513)
2025-12-16 15:56:28,893 - MCP Server - WARNING - Agent marked as inactive: media_agent (instance: media_agent_1765871514)
2025-12-16 15:56:29,860 - MCP Server - WARNING - Agent marked as inactive: file_agent (instance: file_agent_1765871023)
2025-12-16 15:56:29,860 - MCP Server - WARNING - Agent marked as inactive: settings_agent (instance: settings_agent_1765871024)
2025-12-16 15:56:29,860 - MCP Server - WARNING - Agent marked as inactive: network_agent (instance: network_agent_1765871025)
2025-12-16 15:56:29,860 - MCP Server - WARNING - Agent marked as inactive: app_agent (instance: app_agent_1765871026)
2025-12-16 15:56:29,861 - MCP Server - WARNING - Agent marked as inactive: monitor_agent (instance: monitor_agent_1765871027)
2025-12-16 15:56:29,861 - MCP Server - WARNING - Agent marked as inactive: media_agent (instance: media_agent_1765871028)
2025-12-16 15:56:31,896 - MCP Server - WARNING - Agent marked as inactive: file_agent (instance: file_agent_1765871509)
2025-12-16 15:56:31,896 - MCP Server - WARNING - Agent marked as inactive: settings_agent (instance: settings_agent_1765871510)
2025-12-16 15:56:31,896 - MCP Server - WARNING - Agent marked as inactive: network_agent (instance: network_agent_1765871511)
2025-12-16 15:56:31,896 - MCP Server - WARNING - Agent marked as inactive: app_agent (instance: app_agent_1765871512)
2025-12-16 15:56:31,897 - MCP Server - WARNING - Agent marked as inactive: monitor_agent (instance: monitor_agent_1765871513)
2025-12-16 15:56:31,897 - MCP Server - WARNING - Agent marked as inactive: media_agent (instance: media_agent_1765871514)
2025-12-16 15:56:32,864 - MCP Server - WARNING - Agent marked as inactive: file_agent (instance: file_agent_1765871023)
2025-12-16 15:56:32,864 - MCP Server - WARNING - Agent marked as inactive: settings_agent (instance: settings_agent_1765871024)
2025-12-16 15:56:32,864 - MCP Server - WARNING - Agent marked as inactive: network_agent (instance: network_agent_1765871025)
2025-12-16 15:56:32,864 - MCP Server - WARNING - Agent marked as inactive: app_agent (instance: app_agent_1765871026)
2025-12-16 15:56:32,864 - MCP Server - WARNING - Agent marked as inactive: monitor_agent (instance: monitor_agent_1765871027)
2025-12-16 15:56:32,865 - MCP Server - WARNING - Agent marked as inactive: media_agent (instance: media_agent_1765871028)
2025-12-16 15:56:34,900 - MCP Server - WARNING - Agent marked as inactive: file_agent (instance: file_agent_1765871509)
2025-12-16 15:56:34,900 - MCP Server - WARNING - Agent marked as inactive: settings_agent (instance: settings_agent_1765871510)
2025-12-16 15:56:34,900 - MCP Server - WARNING - Agent marked as inactive: network_agent (instance: network_agent_1765871511)
2025-12-16 15:56:34,900 - MCP Server - WARNING - Agent marked as inactive: app_agent (instance: app_agent_1765871512)
2025-12-16 15:56:34,900 - MCP Server - WARNING - Agent marked as inactive: monitor_agent (instance: monitor_agent_1765871513)
2025-12-16 15:56:34,901 - MCP Server - WARNING - Agent marked as inactive: media_agent (instance: media_agent_1765871514)
2025-12-16 15:56:35,868 - MCP Server - WARNING - Agent marked as inactive: file_agent (instance: file_agent_1765871023)
2025-12-16 15:56:35,868 - MCP Server - WARNING - Agent marked as inactive: settings_agent (instance: settings_agent_1765871024)
2025-12-16 15:56:35,868 - MCP Server - WARNING - Agent marked as inactive: network_agent (instance: network_agent_1765871025)
2025-12-16 15:56:35,868 - MCP Server - WARNING - Agent marked as inactive: app_agent (instance: app_agent_1765871026)
2025-12-16 15:56:35,868 - MCP Server - WARNING - Agent marked as inactive: monitor_agent (instance: monitor_agent_1765871027)
2025-12-16 15:56:35,868 - MCP Server - WARNING - Agent marked as inactive: media_agent (instance: media_agent_1765871028)
2025-12-16 15:56:37,904 - MCP Server - WARNING - Agent marked as inactive: file_agent (instance: file_agent_1765871509)
2025-12-16 15:56:37,904 - MCP Server - WARNING - Agent marked as inactive: settings_agent (instance: settings_agent_1765871510)
2025-12-16 15:56:37,904 - MCP Server - WARNING - Agent marked as inactive: network_agent (instance: network_agent_1765871511)
2025-12-16 15:56:37,904 - MCP Server - WARNING - Agent marked as inactive: app_agent (instance: app_agent_1765871512)
2025-12-16 15:56:37,904 - MCP Server - WARNING - Agent marked as inactive: monitor_agent (instance: monitor_agent_1765871513)
2025-12-16 15:56:37,904 - MCP Server - WARNING - Agent marked as inactive: media_agent (instance: media_agent_1765871514)
2025-12-16 15:56:38,872 - MCP Server - WARNING - Agent marked as inactive: file_agent (instance: file_agent_1765871023)
2025-12-16 15:56:38,872 - MCP Server - WARNING - Agent marked as inactive: settings_agent (instance: settings_agent_1765871024)
2025-12-16 15:56:38,872 - MCP Server - WARNING - Agent marked as inactive: network_agent (instance: network_agent_1765871025)
2025-12-16 15:56:38,872 - MCP Server - WARNING - Agent marked as inactive: app_agent (instance: app_agent_1765871026)
2025-12-16 15:56:38,872 - MCP Server - WARNING - Agent marked as inactive: monitor_agent (instance: monitor_agent_1765871027)
2025-12-16 15:56:38,872 - MCP Server - WARNING - Agent marked as inactive: media_agent (instance: media_agent_1765871028)
2025-12-16 15:56:40,907 - MCP Server - WARNING - Agent marked as inactive: file_agent (instance: file_agent_1765871509)
2025-12-16 15:56:40,908 - MCP Server - WARNING - Agent marked as inactive: settings_agent (instance: settings_agent_1765871510)
2025-12-16 15:56:40,908 - MCP Server - WARNING - Agent marked as inactive: network_agent (instance: network_agent_1765871511)
2025-12-16 15:56:40,908 - MCP Server - WARNING - Agent marked as inactive: app_agent (instance: app_agent_1765871512)
2025-12-16 15:56:40,908 - MCP Server - WARNING - Agent marked as inactive: monitor_agent (instance: monitor_agent_1765871513)
2025-12-16 15:56:40,908 - MCP Server - WARNING - Agent marked as inactive: media_agent (instance: media_agent_1765871514)
2025-12-16 15:56:41,875 - MCP Server - WARNING - Agent marked as inactive: file_agent (instance: file_agent_1765871023)
2025-12-16 15:56:41,876 - MCP Server - WARNING - Agent marked as inactive: settings_agent (instance: settings_agent_1765871024)
2025-12-16 15:56:41,876 - MCP Server - WARNING - Agent marked as inactive: network_agent (instance: network_agent_1765871025)
2025-12-16 15:56:41,876 - MCP Server - WARNING - Agent marked as inactive: app_agent (instance: app_agent_1765871026)
2025-12-16 15:56:41,876 - MCP Server - WARNING - Agent marked as inactive: monitor_agent (instance: monitor_agent_1765871027)
2025-12-16 15:56:41,876 - MCP Server - WARNING - Agent marked as inactive: media_agent (instance: media_agent_1765871028)
2025-12-16 15:56:43,911 - MCP Server - WARNING - Agent marked as inactive: file_agent (instance: file_agent_1765871509)
2025-12-16 15:56:43,912 - MCP Server - WARNING - Agent marked as inactive: settings_agent (instance: settings_agent_1765871510)
2025-12-16 15:56:43,912 - MCP Server - WARNING - Agent marked as inactive: network_agent (instance: network_agent_1765871511)
2025-12-16 15:56:43,912 - MCP Server - WARNING - Agent marked as inactive: app_agent (instance: app_agent_1765871512)
2025-12-16 15:56:43,912 - MCP Server - WARNING - Agent marked as inactive: monitor_agent (instance: monitor_agent_1765871513)
2025-12-16 15:56:43,912 - MCP Server - WARNING - Agent marked as inactive: media_agent (instance: media_agent_1765871514)
2025-12-16 15:56:44,879 - MCP Server - WARNING - Agent marked as inactive: file_agent (instance: file_agent_1765871023)
2025-12-16 15:56:44,880 - MCP Server - WARNING - Agent marked as inactive: settings_agent (instance: settings_agent_1765871024)
2025-12-16 15:56:44,880 - MCP Server - WARNING - Agent marked as inactive: network_agent (instance: network_agent_1765871025)
2025-12-16 15:56:44,880 - MCP Server - WARNING - Agent marked as inactive: app_agent (instance: app_agent_1765871026)
2025-12-16 15:56:44,880 - MCP Server - WARNING - Agent marked as inactive: monitor_agent (instance: monitor_agent_1765871027)
2025-12-16 15:56:44,880 - MCP Server - WARNING - Agent marked as inactive: media_agent (instance: media_agent_1765871028)
2025-12-16 15:56:46,915 - MCP Server - WARNING - Agent marked as inactive: file_agent (instance: file_agent_1765871509)
2025-12-16 15:56:46,915 - MCP Server - WARNING - Agent marked as inactive: settings_agent (instance: settings_agent_1765871510)
2025-12-16 15:56:46,916 - MCP Server - WARNING - Agent marked as inactive: network_agent (instance: network_agent_1765871511)
2025-12-16 15:56:46,916 - MCP Server - WARNING - Agent marked as inactive: app_agent (instance: app_agent_1765871512)
2025-12-16 15:56:46,916 - MCP Server - WARNING - Agent marked as inactive: monitor_agent (instance: monitor_agent_1765871513)
2025-12-16 15:56:46,916 - MCP Server - WARNING - Agent marked as inactive: media_agent (instance: media_agent_1765871514)
2025-12-16 15:56:47,883 - MCP Server - WARNING - Agent marked as inactive: file_agent (instance: file_agent_1765871023)
2025-12-16 15:56:47,884 - MCP Server - WARNING - Agent marked as inactive: settings_agent (instance: settings_agent_1765871024)
2025-12-16 15:56:47,884 - MCP Server - WARNING - Agent marked as inactive: network_agent (instance: network_agent_1765871025)
2025-12-16 15:56:47,884 - MCP Server - WARNING - Agent marked as inactive: app_agent (instance: app_agent_1765871026)
2025-12-16 15:56:47,884 - MCP Server - WARNING - Agent marked as inactive: monitor_agent (instance: monitor_agent_1765871027)
2025-12-16 15:56:47,884 - MCP Server - WARNING - Agent marked as inactive: media_agent (instance: media_agent_1765871028)
2025-12-16 15:56:49,919 - MCP Server - WARNING - Agent marked as inactive: file_agent (instance: file_agent_1765871509)
2025-12-16 15:56:49,919 - MCP Server - WARNING - Agent marked as inactive: settings_agent (instance: settings_agent_1765871510)
2025-12-16 15:56:49,919 - MCP Server - WARNING - Agent marked as inactive: network_agent (instance: network_agent_1765871511)
2025-12-16 15:56:49,919 - MCP Server - WARNING - Agent marked as inactive: app_agent (instance: app_agent_1765871512)
2025-12-16 15:56:49,920 - MCP Server - WARNING - Agent marked as inactive: monitor_agent (instance: monitor_agent_1765871513)
2025-12-16 15:56:49,920 - MCP Server - WARNING - Agent marked as inactive: media_agent (instance: media_agent_1765871514)
2025-12-16 15:56:50,887 - MCP Server - WARNING - Agent marked as inactive: file_agent (instance: file_agent_1765871023)
2025-12-16 15:56:50,888 - MCP Server - WARNING - Agent marked as inactive: settings_agent (instance: settings_agent_1765871024)
2025-12-16 15:56:50,888 - MCP Server - WARNING - Agent marked as inactive: network_agent (instance: network_agent_1765871025)
2025-12-16 15:56:50,888 - MCP Server - WARNING - Agent marked as inactive: app_agent (instance: app_agent_1765871026)
2025-12-16 15:56:50,888 - MCP Server - WARNING - Agent marked as inactive: monitor_agent (instance: monitor_agent_1765871027)
2025-12-16 15:56:50,888 - MCP Server - WARNING - Agent marked as inactive: media_agent (instance: media_agent_1765871028)
2025-12-16 15:56:52,923 - MCP Server - WARNING - Agent marked as inactive: file_agent (instance: file_agent_1765871509)
2025-12-16 15:56:52,923 - MCP Server - WARNING - Agent marked as inactive: settings_agent (instance: settings_agent_1765871510)
2025-12-16 15:56:52,923 - MCP Server - WARNING - Agent marked as inactive: network_agent (instance: network_agent_1765871511)
2025-12-16 15:56:52,923 - MCP Server - WARNING - Agent marked as inactive: app_agent (instance: app_agent_1765871512)
2025-12-16 15:56:52,924 - MCP Server - WARNING - Agent marked as inactive: monitor_agent (instance: monitor_agent_1765871513)
2025-12-16 15:56:52,924 - MCP Server - WARNING - Agent marked as inactive: media_agent (instance: media_agent_1765871514)
2025-12-16 15:56:53,891 - MCP Server - WARNING - Agent marked as inactive: file_agent (instance: file_agent_1765871023)
2025-12-16 15:56:53,891 - MCP Server - WARNING - Agent marked as inactive: settings_agent (instance: settings_agent_1765871024)
2025-12-16 15:56:53,892 - MCP Server - WARNING - Agent marked as inactive: network_agent (instance: network_agent_1765871025)
2025-12-16 15:56:53,892 - MCP Server - WARNING - Agent marked as inactive: app_agent (instance: app_agent_1765871026)
2025-12-16 15:56:53,892 - MCP Server - WARNING - Agent marked as inactive: monitor_agent (instance: monitor_agent_1765871027)
2025-12-16 15:56:53,892 - MCP Server - WARNING - Agent marked as inactive: media_agent (instance: media_agent_1765871028)
2025-12-16 15:56:55,927 - MCP Server - WARNING - Agent marked as inactive: file_agent (instance: file_agent_1765871509)
2025-12-16 15:56:55,927 - MCP Server - WARNING - Agent marked as inactive: settings_agent (instance: settings_agent_1765871510)
2025-12-16 15:56:55,927 - MCP Server - WARNING - Agent marked as inactive: network_agent (instance: network_agent_1765871511)
2025-12-16 15:56:55,927 - MCP Server - WARNING - Agent marked as inactive: app_agent (instance: app_agent_1765871512)
2025-12-16 15:56:55,928 - MCP Server - WARNING - Agent marked as inactive: monitor_agent (instance: monitor_agent_1765871513)
2025-12-16 15:56:55,928 - MCP Server - WARNING - Agent marked as inactive: media_agent (instance: media_agent_1765871514)
2025-12-16 15:56:56,895 - MCP Server - WARNING - Agent marked as inactive: file_agent (instance: file_agent_1765871023)
2025-12-16 15:56:56,895 - MCP Server - WARNING - Agent marked as inactive: settings_agent (instance: settings_agent_1765871024)
2025-12-16 15:56:56,895 - MCP Server - WARNING - Agent marked as inactive: network_agent (instance: network_agent_1765871025)
2025-12-16 15:56:56,896 - MCP Server - WARNING - Agent marked as inactive: app_agent (instance: app_agent_1765871026)
2025-12-16 15:56:56,896 - MCP Server - WARNING - Agent marked as inactive: monitor_agent (instance: monitor_agent_1765871027)
2025-12-16 15:56:56,896 - MCP Server - WARNING - Agent marked as inactive: media_agent (instance: media_agent_1765871028)
2025-12-16 15:56:58,931 - MCP Server - WARNING - Agent marked as inactive: file_agent (instance: file_agent_1765871509)
2025-12-16 15:56:58,931 - MCP Server - WARNING - Agent marked as inactive: settings_agent (instance: settings_agent_1765871510)
2025-12-16 15:56:58,931 - MCP Server - WARNING - Agent marked as inactive: network_agent (instance: network_agent_1765871511)
2025-12-16 15:56:58,931 - MCP Server - WARNING - Agent marked as inactive: app_agent (instance: app_agent_1765871512)
2025-12-16 15:56:58,931 - MCP Server - WARNING - Agent marked as inactive: monitor_agent (instance: monitor_agent_1765871513)
2025-12-16 15:56:58,931 - MCP Server - WARNING - Agent marked as inactive: media_agent (instance: media_agent_1765871514)
2025-12-16 15:56:59,899 - MCP Server - WARNING - Agent marked as inactive: file_agent (instance: file_agent_1765871023)
2025-12-16 15:56:59,899 - MCP Server - WARNING - Agent marked as inactive: settings_agent (instance: settings_agent_1765871024)
2025-12-16 15:56:59,899 - MCP Server - WARNING - Agent marked as inactive: network_agent (instance: network_agent_1765871025)
2025-12-16 15:56:59,899 - MCP Server - WARNING - Agent marked as inactive: app_agent (instance: app_agent_1765871026)
2025-12-16 15:56:59,900 - MCP Server - WARNING - Agent marked as inactive: monitor_agent (instance: monitor_agent_1765871027)
2025-12-16 15:56:59,900 - MCP Server - WARNING - Agent marked as inactive: media_agent (instance: media_agent_1765871028)
2025-12-16 15:57:01,934 - MCP Server - WARNING - Agent marked as inactive: file_agent (instance: file_agent_1765871509)
2025-12-16 15:57:01,935 - MCP Server - WARNING - Agent marked as inactive: settings_agent (instance: settings_agent_1765871510)
2025-12-16 15:57:01,935 - MCP Server - WARNING - Agent marked as inactive: network_agent (instance: network_agent_1765871511)
2025-12-16 15:57:01,935 - MCP Server - WARNING - Agent marked as inactive: app_agent (instance: app_agent_1765871512)
2025-12-16 15:57:01,935 - MCP Server - WARNING - Agent marked as inactive: monitor_agent (instance: monitor_agent_1765871513)
2025-12-16 15:57:01,935 - MCP Server - WARNING - Agent marked as inactive: media_agent (instance: media_agent_1765871514)
2025-12-16 15:57:02,903 - MCP Server - WARNING - Agent marked as inactive: file_agent (instance: file_agent_1765871023)
2025-12-16 15:57:02,903 - MCP Server - WARNING - Agent marked as inactive: settings_agent (instance: settings_agent_1765871024)
2025-12-16 15:57:02,903 - MCP Server - WARNING - Agent marked as inactive: network_agent (instance: network_agent_1765871025)
2025-12-16 15:57:02,903 - MCP Server - WARNING - Agent marked as inactive: app_agent (instance: app_agent_1765871026)
2025-12-16 15:57:02,903 - MCP Server - WARNING - Agent marked as inactive: monitor_agent (instance: monitor_agent_1765871027)
2025-12-16 15:57:02,904 - MCP Server - WARNING - Agent marked as inactive: media_agent (instance: media_agent_1765871028)
2025-12-16 15:57:04,938 - MCP Server - WARNING - Agent marked as inactive: file_agent (instance: file_agent_1765871509)
2025-12-16 15:57:04,938 - MCP Server - WARNING - Agent marked as inactive: settings_agent (instance: settings_agent_1765871510)
2025-12-16 15:57:04,938 - MCP Server - WARNING - Agent marked as inactive: network_agent (instance: network_agent_1765871511)
2025-12-16 15:57:04,939 - MCP Server - WARNING - Agent marked as inactive: app_agent (instance: app_agent_1765871512)
2025-12-16 15:57:04,939 - MCP Server - WARNING - Agent marked as inactive: monitor_agent (instance: monitor_agent_1765871513)
2025-12-16 15:57:04,939 - MCP Server - WARNING - Agent marked as inactive: media_agent (instance: media_agent_1765871514)
2025-12-16 15:57:05,907 - MCP Server - WARNING - Agent marked as inactive: file_agent (instance: file_agent_1765871023)
2025-12-16 15:57:05,907 - MCP Server - WARNING - Agent marked as inactive: settings_agent (instance: settings_agent_1765871024)
2025-12-16 15:57:05,907 - MCP Server - WARNING - Agent marked as inactive: network_agent (instance: network_agent_1765871025)
2025-12-16 15:57:05,907 - MCP Server - WARNING - Agent marked as inactive: app_agent (instance: app_agent_1765871026)
2025-12-16 15:57:05,907 - MCP Server - WARNING - Agent marked as inactive: monitor_agent (instance: monitor_agent_1765871027)
2025-12-16 15:57:05,907 - MCP Server - WARNING - Agent marked as inactive: media_agent (instance: media_agent_1765871028)
2025-12-16 15:57:07,942 - MCP Server - WARNING - Agent marked as inactive: file_agent (instance: file_agent_1765871509)
2025-12-16 15:57:07,942 - MCP Server - WARNING - Agent marked as inactive: settings_agent (instance: settings_agent_1765871510)
2025-12-16 15:57:07,942 - MCP Server - WARNING - Agent marked as inactive: network_agent (instance: network_agent_1765871511)
2025-12-16 15:57:07,942 - MCP Server - WARNING - Agent marked as inactive: app_agent (instance: app_agent_1765871512)
2025-12-16 15:57:07,942 - MCP Server - WARNING - Agent marked as inactive: monitor_agent (instance: monitor_agent_1765871513)
2025-12-16 15:57:07,942 - MCP Server - WARNING - Agent marked as inactive: media_agent (instance: media_agent_1765871514)
2025-12-16 15:57:08,911 - MCP Server - WARNING - Agent marked as inactive: file_agent (instance: file_agent_1765871023)
2025-12-16 15:57:08,911 - MCP Server - WARNING - Agent marked as inactive: settings_agent (instance: settings_agent_1765871024)
2025-12-16 15:57:08,911 - MCP Server - WARNING - Agent marked as inactive: network_agent (instance: network_agent_1765871025)
2025-12-16 15:57:08,911 - MCP Server - WARNING - Agent marked as inactive: app_agent (instance: app_agent_1765871026)
2025-12-16 15:57:08,911 - MCP Server - WARNING - Agent marked as inactive: monitor_agent (instance: monitor_agent_1765871027)
2025-12-16 15:57:08,911 - MCP Server - WARNING - Agent marked as inactive: media_agent (instance: media_agent_1765871028)
2025-12-16 15:57:10,945 - MCP Server - WARNING - Agent marked as inactive: file_agent (instance: file_agent_1765871509)
2025-12-16 15:57:10,946 - MCP Server - WARNING - Agent marked as inactive: settings_agent (instance: settings_agent_1765871510)
2025-12-16 15:57:10,946 - MCP Server - WARNING - Agent marked as inactive: network_agent (instance: network_agent_1765871511)
2025-12-16 15:57:10,946 - MCP Server - WARNING - Agent marked as inactive: app_agent (instance: app_agent_1765871512)
2025-12-16 15:57:10,946 - MCP Server - WARNING - Agent marked as inactive: monitor_agent (instance: monitor_agent_1765871513)
2025-12-16 15:57:10,946 - MCP Server - WARNING - Agent marked as inactive: media_agent (instance: media_agent_1765871514)
2025-12-16 15:57:11,914 - MCP Server - WARNING - Agent marked as inactive: file_agent (instance: file_agent_1765871023)
2025-12-16 15:57:11,915 - MCP Server - WARNING - Agent marked as inactive: settings_agent (instance: settings_agent_1765871024)
2025-12-16 15:57:11,915 - MCP Server - WARNING - Agent marked as inactive: network_agent (instance: network_agent_1765871025)
2025-12-16 15:57:11,915 - MCP Server - WARNING - Agent marked as inactive: app_agent (instance: app_agent_1765871026)
2025-12-16 15:57:11,915 - MCP Server - WARNING - Agent marked as inactive: monitor_agent (instance: monitor_agent_1765871027)
2025-12-16 15:57:11,915 - MCP Server - WARNING - Agent marked as inactive: media_agent (instance: media_agent_1765871028)
2025-12-16 15:57:13,949 - MCP Server - WARNING - Agent marked as inactive: file_agent (instance: file_agent_1765871509)
2025-12-16 15:57:13,949 - MCP Server - WARNING - Agent marked as inactive: settings_agent (instance: settings_agent_1765871510)
2025-12-16 15:57:13,949 - MCP Server - WARNING - Agent marked as inactive: network_agent (instance: network_agent_1765871511)
2025-12-16 15:57:13,949 - MCP Server - WARNING - Agent marked as inactive: app_agent (instance: app_agent_1765871512)
2025-12-16 15:57:13,950 - MCP Server - WARNING - Agent marked as inactive: monitor_agent (instance: monitor_agent_1765871513)
2025-12-16 15:57:13,950 - MCP Server - WARNING - Agent marked as inactive: media_agent (instance: media_agent_1765871514)
2025-12-16 15:57:14,918 - MCP Server - WARNING - Agent marked as inactive: file_agent (instance: file_agent_1765871023)
2025-12-16 15:57:14,918 - MCP Server - WARNING - Agent marked as inactive: settings_agent (instance: settings_agent_1765871024)
2025-12-16 15:57:14,918 - MCP Server - WARNING - Agent marked as inactive: network_agent (instance: network_agent_1765871025)
2025-12-16 15:57:14,918 - MCP Server - WARNING - Agent marked as inactive: app_agent (instance: app_agent_1765871026)
2025-12-16 15:57:14,919 - MCP Server - WARNING - Agent marked as inactive: monitor_agent (instance: monitor_agent_1765871027)
2025-12-16 15:57:14,919 - MCP Server - WARNING - Agent marked as inactive: media_agent (instance: media_agent_1765871028)
2025-12-16 15:57:16,953 - MCP Server - WARNING - Agent marked as inactive: file_agent (instance: file_agent_1765871509)
2025-12-16 15:57:16,953 - MCP Server - WARNING - Agent marked as inactive: settings_agent (instance: settings_agent_1765871510)
2025-12-16 15:57:16,953 - MCP Server - WARNING - Agent marked as inactive: network_agent (instance: network_agent_1765871511)
2025-12-16 15:57:16,953 - MCP Server - WARNING - Agent marked as inactive: app_agent (instance: app_agent_1765871512)
2025-12-16 15:57:16,953 - MCP Server - WARNING - Agent marked as inactive: monitor_agent (instance: monitor_agent_1765871513)
2025-12-16 15:57:16,953 - MCP Server - WARNING - Agent marked as inactive: media_agent (instance: media_agent_1765871514)
2025-12-16 15:57:17,922 - MCP Server - WARNING - Agent marked as inactive: file_agent (instance: file_agent_1765871023)
2025-12-16 15:57:17,922 - MCP Server - WARNING - Agent marked as inactive: settings_agent (instance: settings_agent_1765871024)
2025-12-16 15:57:17,922 - MCP Server - WARNING - Agent marked as inactive: network_agent (instance: network_agent_1765871025)
2025-12-16 15:57:17,922 - MCP Server - WARNING - Agent marked as inactive: app_agent (instance: app_agent_1765871026)
2025-12-16 15:57:17,922 - MCP Server - WARNING - Agent marked as inactive: monitor_agent (instance: monitor_agent_1765871027)
2025-12-16 15:57:17,922 - MCP Server - WARNING - Agent marked as inactive: media_agent (instance: media_agent_1765871028)
2025-12-16 15:57:19,956 - MCP Server - WARNING - Agent marked as inactive: file_agent (instance: file_agent_1765871509)
2025-12-16 15:57:19,957 - MCP Server - WARNING - Agent marked as inactive: settings_agent (instance: settings_agent_1765871510)
2025-12-16 15:57:19,957 - MCP Server - WARNING - Agent marked as inactive: network_agent (instance: network_agent_1765871511)
2025-12-16 15:57:19,957 - MCP Server - WARNING - Agent marked as inactive: app_agent (instance: app_agent_1765871512)
2025-12-16 15:57:19,957 - MCP Server - WARNING - Agent marked as inactive: monitor_agent (instance: monitor_agent_1765871513)
2025-12-16 15:57:19,957 - MCP Server - WARNING - Agent marked as inactive: media_agent (instance: media_agent_1765871514)
2025-12-16 15:57:20,925 - MCP Server - WARNING - Agent marked as inactive: file_agent (instance: file_agent_1765871023)
2025-12-16 15:57:20,926 - MCP Server - WARNING - Agent marked as inactive: settings_agent (instance: settings_agent_1765871024)
2025-12-16 15:57:20,926 - MCP Server - WARNING - Agent marked as inactive: network_agent (instance: network_agent_1765871025)
2025-12-16 15:57:20,926 - MCP Server - WARNING - Agent marked as inactive: app_agent (instance: app_agent_1765871026)
2025-12-16 15:57:20,926 - MCP Server - WARNING - Agent marked as inactive: monitor_agent (instance: monitor_agent_1765871027)
2025-12-16 15:57:20,926 - MCP Server - WARNING - Agent marked as inactive: media_agent (instance: media_agent_1765871028)
2025-12-16 15:57:22,960 - MCP Server - WARNING - Agent marked as inactive: file_agent (instance: file_agent_1765871509)
2025-12-16 15:57:22,960 - MCP Server - WARNING - Agent marked as inactive: settings_agent (instance: settings_agent_1765871510)
2025-12-16 15:57:22,961 - MCP Server - WARNING - Agent marked as inactive: network_agent (instance: network_agent_1765871511)
2025-12-16 15:57:22,961 - MCP Server - WARNING - Agent marked as inactive: app_agent (instance: app_agent_1765871512)
2025-12-16 15:57:22,961 - MCP Server - WARNING - Agent marked as inactive: monitor_agent (instance: monitor_agent_1765871513)
2025-12-16 15:57:22,961 - MCP Server - WARNING - Agent marked as inactive: media_agent (instance: media_agent_1765871514)
2025-12-16 15:57:23,929 - MCP Server - WARNING - Agent marked as inactive: file_agent (instance: file_agent_1765871023)
2025-12-16 15:57:23,929 - MCP Server - WARNING - Agent marked as inactive: settings_agent (instance: settings_agent_1765871024)
2025-12-16 15:57:23,929 - MCP Server - WARNING - Agent marked as inactive: network_agent (instance: network_agent_1765871025)
2025-12-16 15:57:23,929 - MCP Server - WARNING - Agent marked as inactive: app_agent (instance: app_agent_1765871026)
2025-12-16 15:57:23,930 - MCP Server - WARNING - Agent marked as inactive: monitor_agent (instance: monitor_agent_1765871027)
2025-12-16 15:57:23,930 - MCP Server - WARNING - Agent marked as inactive: media_agent (instance: media_agent_1765871028)
2025-12-16 15:57:25,964 - MCP Server - WARNING - Agent marked as inactive: file_agent (instance: file_agent_1765871509)
2025-12-16 15:57:25,964 - MCP Server - WARNING - Agent marked as inactive: settings_agent (instance: settings_agent_1765871510)
2025-12-16 15:57:25,964 - MCP Server - WARNING - Agent marked as inactive: network_agent (instance: network_agent_1765871511)
2025-12-16 15:57:25,964 - MCP Server - WARNING - Agent marked as inactive: app_agent (instance: app_agent_1765871512)
2025-12-16 15:57:25,965 - MCP Server - WARNING - Agent marked as inactive: monitor_agent (instance: monitor_agent_1765871513)
2025-12-16 15:57:25,965 - MCP Server - WARNING - Agent marked as inactive: media_agent (instance: media_agent_1765871514)
2025-12-16 15:57:26,933 - MCP Server - WARNING - Agent marked as inactive: file_agent (instance: file_agent_1765871023)
2025-12-16 15:57:26,933 - MCP Server - WARNING - Agent marked as inactive: settings_agent (instance: settings_agent_1765871024)
2025-12-16 15:57:26,933 - MCP Server - WARNING - Agent marked as inactive: network_agent (instance: network_agent_1765871025)
2025-12-16 15:57:26,933 - MCP Server - WARNING - Agent marked as inactive: app_agent (instance: app_agent_1765871026)
2025-12-16 15:57:26,933 - MCP Server - WARNING - Agent marked as inactive: monitor_agent (instance: monitor_agent_1765871027)
2025-12-16 15:57:26,933 - MCP Server - WARNING - Agent marked as inactive: media_agent (instance: media_agent_1765871028)
2025-12-16 15:57:28,968 - MCP Server - WARNING - Agent marked as inactive: file_agent (instance: file_agent_1765871509)
2025-12-16 15:57:28,968 - MCP Server - WARNING - Agent marked as inactive: settings_agent (instance: settings_agent_1765871510)
2025-12-16 15:57:28,968 - MCP Server - WARNING - Agent marked as inactive: network_agent (instance: network_agent_1765871511)
2025-12-16 15:57:28,968 - MCP Server - WARNING - Agent marked as inactive: app_agent (instance: app_agent_1765871512)
2025-12-16 15:57:28,968 - MCP Server - WARNING - Agent marked as inactive: monitor_agent (instance: monitor_agent_1765871513)
2025-12-16 15:57:28,968 - MCP Server - WARNING - Agent marked as inactive: media_agent (instance: media_agent_1765871514)
2025-12-16 15:57:29,936 - MCP Server - WARNING - Agent marked as inactive: file_agent (instance: file_agent_1765871023)
2025-12-16 15:57:29,937 - MCP Server - WARNING - Agent marked as inactive: settings_agent (instance: settings_agent_1765871024)
2025-12-16 15:57:29,937 - MCP Server - WARNING - Agent marked as inactive: network_agent (instance: network_agent_1765871025)
2025-12-16 15:57:29,937 - MCP Server - WARNING - Agent marked as inactive: app_agent (instance: app_agent_1765871026)
2025-12-16 15:57:29,937 - MCP Server - WARNING - Agent marked as inactive: monitor_agent (instance: monitor_agent_1765871027)
2025-12-16 15:57:29,937 - MCP Server - WARNING - Agent marked as inactive: media_agent (instance: media_agent_1765871028)
2025-12-16 15:57:31,971 - MCP Server - WARNING - Agent marked as inactive: file_agent (instance: file_agent_1765871509)
2025-12-16 15:57:31,972 - MCP Server - WARNING - Agent marked as inactive: settings_agent (instance: settings_agent_1765871510)
2025-12-16 15:57:31,972 - MCP Server - WARNING - Agent marked as inactive: network_agent (instance: network_agent_1765871511)
2025-12-16 15:57:31,972 - MCP Server - WARNING - Agent marked as inactive: app_agent (instance: app_agent_1765871512)
2025-12-16 15:57:31,972 - MCP Server - WARNING - Agent marked as inactive: monitor_agent (instance: monitor_agent_1765871513)
2025-12-16 15:57:31,972 - MCP Server - WARNING - Agent marked as inactive: media_agent (instance: media_agent_1765871514)
2025-12-16 15:57:32,940 - MCP Server - WARNING - Agent marked as inactive: file_agent (instance: file_agent_1765871023)
2025-12-16 15:57:32,940 - MCP Server - WARNING - Agent marked as inactive: settings_agent (instance: settings_agent_1765871024)
2025-12-16 15:57:32,941 - MCP Server - WARNING - Agent marked as inactive: network_agent (instance: network_agent_1765871025)
2025-12-16 15:57:32,941 - MCP Server - WARNING - Agent marked as inactive: app_agent (instance: app_agent_1765871026)
2025-12-16 15:57:32,941 - MCP Server - WARNING - Agent marked as inactive: monitor_agent (instance: monitor_agent_1765871027)
2025-12-16 15:57:32,941 - MCP Server - WARNING - Agent marked as inactive: media_agent (instance: media_agent_1765871028)
2025-12-16 15:57:35,944 - MCP Server - WARNING - Agent marked as inactive: file_agent (instance: file_agent_1765871023)
2025-12-16 15:57:35,944 - MCP Server - WARNING - Agent marked as inactive: settings_agent (instance: settings_agent_1765871024)
2025-12-16 15:57:35,944 - MCP Server - WARNING - Agent marked as inactive: network_agent (instance: network_agent_1765871025)
2025-12-16 15:57:35,944 - MCP Server - WARNING - Agent marked as inactive: app_agent (instance: app_agent_1765871026)
2025-12-16 15:57:35,945 - MCP Server - WARNING - Agent marked as inactive: monitor_agent (instance: monitor_agent_1765871027)
2025-12-16 15:57:35,945 - MCP Server - WARNING - Agent marked as inactive: media_agent (instance: media_agent_1765871028)
2025-12-16 15:57:36,511 - MCP Server - WARNING - 协作日志模块未找到，日志记录功能不可用
2025-12-16 15:57:36,512 - MCP Server - INFO - MCP Server initialized and registered on DBus
2025-12-16 15:57:36,512 - MCP Server - INFO - Tool added: echo
2025-12-16 15:57:36,512 - MCP Server - INFO - Heartbeat monitor started (3s interval)
2025-12-16 15:57:36,512 - MCP Server - INFO - ============================================================
2025-12-16 15:57:36,512 - MCP Server - INFO - MCP Server started successfully
2025-12-16 15:57:36,512 - MCP Server - INFO - ============================================================
2025-12-16 15:57:36,512 - MCP Server - INFO - Service name: com.kylin.mcp.MasterAgent
2025-12-16 15:57:36,512 - MCP Server - INFO - Object path: /com/kylin/mcp/MasterAgent
2025-12-16 15:57:36,512 - MCP Server - INFO - Interface name: com.kylin.mcp.MasterAgent
2025-12-16 15:57:36,512 - MCP Server - INFO - 
2025-12-16 15:57:36,513 - MCP Server - INFO - 等待子智能体注册...
2025-12-16 15:57:36,513 - MCP Server - INFO - ============================================================
2025-12-16 15:57:38,948 - MCP Server - WARNING - Agent marked as inactive: file_agent (instance: file_agent_1765871023)
2025-12-16 15:57:38,948 - MCP Server - WARNING - Agent marked as inactive: settings_agent (instance: settings_agent_1765871024)
2025-12-16 15:57:38,948 - MCP Server - WARNING - Agent marked as inactive: network_agent (instance: network_agent_1765871025)
2025-12-16 15:57:38,948 - MCP Server - WARNING - Agent marked as inactive: app_agent (instance: app_agent_1765871026)
2025-12-16 15:57:38,948 - MCP Server - WARNING - Agent marked as inactive: monitor_agent (instance: monitor_agent_1765871027)
2025-12-16 15:57:38,948 - MCP Server - WARNING - Agent marked as inactive: media_agent (instance: media_agent_1765871028)
2025-12-16 15:57:39,537 - MCP Server - INFO - Child agent registered: file_agent (instance: file_agent_1765871859)
2025-12-16 15:57:39,537 - MCP Server - INFO -   Tools: ['file_agent.search_file', 'file_agent.move_to_trash', 'file_agent.batch_rename']
2025-12-16 15:57:40,538 - MCP Server - INFO - Child agent registered: settings_agent (instance: settings_agent_1765871860)
2025-12-16 15:57:40,539 - MCP Server - INFO -   Tools: ['settings_agent.change_wallpaper', 'settings_agent.adjust_volume', 'settings_agent.bluetooth_manage']
2025-12-16 15:57:41,541 - MCP Server - INFO - Child agent registered: network_agent (instance: network_agent_1765871861)
2025-12-16 15:57:41,541 - MCP Server - INFO -   Tools: ['network_agent.list_wifi', 'network_agent.connect_wifi', 'network_agent.disconnect_wifi', 'network_agent.get_wifi_status', 'network_agent.set_proxy', 'network_agent.clear_proxy', 'network_agent.get_proxy_status', 'network_agent.speed_test', 'network_agent.get_network_status']
2025-12-16 15:57:41,952 - MCP Server - WARNING - Agent marked as inactive: file_agent (instance: file_agent_1765871023)
2025-12-16 15:57:41,952 - MCP Server - WARNING - Agent marked as inactive: settings_agent (instance: settings_agent_1765871024)
2025-12-16 15:57:41,952 - MCP Server - WARNING - Agent marked as inactive: network_agent (instance: network_agent_1765871025)
2025-12-16 15:57:41,952 - MCP Server - WARNING - Agent marked as inactive: app_agent (instance: app_agent_1765871026)
2025-12-16 15:57:41,952 - MCP Server - WARNING - Agent marked as inactive: monitor_agent (instance: monitor_agent_1765871027)
2025-12-16 15:57:41,952 - MCP Server - WARNING - Agent marked as inactive: media_agent (instance: media_agent_1765871028)
2025-12-16 15:57:42,553 - MCP Server - INFO - Child agent registered: app_agent (instance: app_agent_1765871862)
2025-12-16 15:57:42,553 - MCP Server - INFO -   Tools: ['app_agent.find_app', 'app_agent.launch_app', 'app_agent.close_app', 'app_agent.list_running_apps', 'app_agent.is_app_running', 'app_agent.app_quick_operation']
2025-12-16 15:57:43,556 - MCP Server - INFO - Child agent registered: monitor_agent (instance: monitor_agent_1765871863)
2025-12-16 15:57:43,556 - MCP Server - INFO -   Tools: ['monitor_agent.get_system_status', 'monitor_agent.clean_background_process', 'monitor_agent.monitor_agent_status']
2025-12-16 15:57:44,553 - MCP Server - INFO - Child agent registered: media_agent (instance: media_agent_1765871864)
2025-12-16 15:57:44,553 - MCP Server - INFO -   Tools: ['media_agent.play_media', 'media_agent.media_control', 'media_agent.capture_media_frame']
2025-12-16 15:57:44,955 - MCP Server - WARNING - Agent marked as inactive: file_agent (instance: file_agent_1765871023)
2025-12-16 15:57:44,955 - MCP Server - WARNING - Agent marked as inactive: settings_agent (instance: settings_agent_1765871024)
2025-12-16 15:57:44,955 - MCP Server - WARNING - Agent marked as inactive: network_agent (instance: network_agent_1765871025)
2025-12-16 15:57:44,955 - MCP Server - WARNING - Agent marked as inactive: app_agent (instance: app_agent_1765871026)
2025-12-16 15:57:44,956 - MCP Server - WARNING - Agent marked as inactive: monitor_agent (instance: monitor_agent_1765871027)
2025-12-16 15:57:44,956 - MCP Server - WARNING - Agent marked as inactive: media_agent (instance: media_agent_1765871028)
2025-12-16 15:57:47,959 - MCP Server - WARNING - Agent marked as inactive: file_agent (instance: file_agent_1765871023)
2025-12-16 15:57:47,959 - MCP Server - WARNING - Agent marked as inactive: settings_agent (instance: settings_agent_1765871024)
2025-12-16 15:57:47,959 - MCP Server - WARNING - Agent marked as inactive: network_agent (instance: network_agent_1765871025)
2025-12-16 15:57:47,959 - MCP Server - WARNING - Agent marked as inactive: app_agent (instance: app_agent_1765871026)
2025-12-16 15:57:47,959 - MCP Server - WARNING - Agent marked as inactive: monitor_agent (instance: monitor_agent_1765871027)
2025-12-16 15:57:47,959 - MCP Server - WARNING - Agent marked as inactive: media_agent (instance: media_agent_1765871028)
2025-12-16 15:57:50,962 - MCP Server - WARNING - Agent marked as inactive: file_agent (instance: file_agent_1765871023)
2025-12-16 15:57:50,962 - MCP Server - WARNING - Agent marked as inactive: settings_agent (instance: settings_agent_1765871024)
2025-12-16 15:57:50,962 - MCP Server - WARNING - Agent marked as inactive: network_agent (instance: network_agent_1765871025)
2025-12-16 15:57:50,962 - MCP Server - WARNING - Agent marked as inactive: app_agent (instance: app_agent_1765871026)
2025-12-16 15:57:50,963 - MCP Server - WARNING - Agent marked as inactive: monitor_agent (instance: monitor_agent_1765871027)
2025-12-16 15:57:50,963 - MCP Server - WARNING - Agent marked as inactive: media_agent (instance: media_agent_1765871028)
2025-12-16 15:57:53,966 - MCP Server - WARNING - Agent marked as inactive: file_agent (instance: file_agent_1765871023)
2025-12-16 15:57:53,966 - MCP Server - WARNING - Agent marked as inactive: settings_agent (instance: settings_agent_1765871024)
2025-12-16 15:57:53,966 - MCP Server - WARNING - Agent marked as inactive: network_agent (instance: network_agent_1765871025)
2025-12-16 15:57:53,966 - MCP Server - WARNING - Agent marked as inactive: app_agent (instance: app_agent_1765871026)
2025-12-16 15:57:53,967 - MCP Server - WARNING - Agent marked as inactive: monitor_agent (instance: monitor_agent_1765871027)
2025-12-16 15:57:53,967 - MCP Server - WARNING - Agent marked as inactive: media_agent (instance: media_agent_1765871028)
2025-12-16 15:57:56,970 - MCP Server - WARNING - Agent marked as inactive: file_agent (instance: file_agent_1765871023)
2025-12-16 15:57:56,970 - MCP Server - WARNING - Agent marked as inactive: settings_agent (instance: settings_agent_1765871024)
2025-12-16 15:57:56,970 - MCP Server - WARNING - Agent marked as inactive: network_agent (instance: network_agent_1765871025)
2025-12-16 15:57:56,970 - MCP Server - WARNING - Agent marked as inactive: app_agent (instance: app_agent_1765871026)
2025-12-16 15:57:56,970 - MCP Server - WARNING - Agent marked as inactive: monitor_agent (instance: monitor_agent_1765871027)
2025-12-16 15:57:56,971 - MCP Server - WARNING - Agent marked as inactive: media_agent (instance: media_agent_1765871028)
2025-12-16 15:57:59,974 - MCP Server - WARNING - Agent marked as inactive: file_agent (instance: file_agent_1765871023)
2025-12-16 15:57:59,974 - MCP Server - WARNING - Agent marked as inactive: settings_agent (instance: settings_agent_1765871024)
2025-12-16 15:57:59,974 - MCP Server - WARNING - Agent marked as inactive: network_agent (instance: network_agent_1765871025)
2025-12-16 15:57:59,974 - MCP Server - WARNING - Agent marked as inactive: app_agent (instance: app_agent_1765871026)
2025-12-16 15:57:59,974 - MCP Server - WARNING - Agent marked as inactive: monitor_agent (instance: monitor_agent_1765871027)
2025-12-16 15:57:59,974 - MCP Server - WARNING - Agent marked as inactive: media_agent (instance: media_agent_1765871028)
2025-12-16 15:58:02,978 - MCP Server - WARNING - Agent marked as inactive: file_agent (instance: file_agent_1765871023)
2025-12-16 15:58:02,978 - MCP Server - WARNING - Agent marked as inactive: settings_agent (instance: settings_agent_1765871024)
2025-12-16 15:58:02,978 - MCP Server - WARNING - Agent marked as inactive: network_agent (instance: network_agent_1765871025)
2025-12-16 15:58:02,978 - MCP Server - WARNING - Agent marked as inactive: app_agent (instance: app_agent_1765871026)
2025-12-16 15:58:02,978 - MCP Server - WARNING - Agent marked as inactive: monitor_agent (instance: monitor_agent_1765871027)
2025-12-16 15:58:02,978 - MCP Server - WARNING - Agent marked as inactive: media_agent (instance: media_agent_1765871028)
2025-12-16 15:58:05,981 - MCP Server - WARNING - Agent marked as inactive: file_agent (instance: file_agent_1765871023)
2025-12-16 15:58:05,982 - MCP Server - WARNING - Agent marked as inactive: settings_agent (instance: settings_agent_1765871024)
2025-12-16 15:58:05,982 - MCP Server - WARNING - Agent marked as inactive: network_agent (instance: network_agent_1765871025)
2025-12-16 15:58:05,982 - MCP Server - WARNING - Agent marked as inactive: app_agent (instance: app_agent_1765871026)
2025-12-16 15:58:05,982 - MCP Server - WARNING - Agent marked as inactive: monitor_agent (instance: monitor_agent_1765871027)
2025-12-16 15:58:05,982 - MCP Server - WARNING - Agent marked as inactive: media_agent (instance: media_agent_1765871028)
2025-12-16 15:58:08,985 - MCP Server - WARNING - Agent marked as inactive: file_agent (instance: file_agent_1765871023)
2025-12-16 15:58:08,985 - MCP Server - WARNING - Agent marked as inactive: settings_agent (instance: settings_agent_1765871024)
2025-12-16 15:58:08,985 - MCP Server - WARNING - Agent marked as inactive: network_agent (instance: network_agent_1765871025)
2025-12-16 15:58:08,986 - MCP Server - WARNING - Agent marked as inactive: app_agent (instance: app_agent_1765871026)
2025-12-16 15:58:08,986 - MCP Server - WARNING - Agent marked as inactive: monitor_agent (instance: monitor_agent_1765871027)
2025-12-16 15:58:08,986 - MCP Server - WARNING - Agent marked as inactive: media_agent (instance: media_agent_1765871028)
2025-12-16 15:58:11,989 - MCP Server - WARNING - Agent marked as inactive: file_agent (instance: file_agent_1765871023)
2025-12-16 15:58:11,989 - MCP Server - WARNING - Agent marked as inactive: settings_agent (instance: settings_agent_1765871024)
2025-12-16 15:58:11,989 - MCP Server - WARNING - Agent marked as inactive: network_agent (instance: network_agent_1765871025)
2025-12-16 15:58:11,989 - MCP Server - WARNING - Agent marked as inactive: app_agent (instance: app_agent_1765871026)
2025-12-16 15:58:11,989 - MCP Server - WARNING - Agent marked as inactive: monitor_agent (instance: monitor_agent_1765871027)
2025-12-16 15:58:11,989 - MCP Server - WARNING - Agent marked as inactive: media_agent (instance: media_agent_1765871028)
2025-12-16 15:58:14,993 - MCP Server - WARNING - Agent marked as inactive: file_agent (instance: file_agent_1765871023)
2025-12-16 15:58:14,993 - MCP Server - WARNING - Agent marked as inactive: settings_agent (instance: settings_agent_1765871024)
2025-12-16 15:58:14,993 - MCP Server - WARNING - Agent marked as inactive: network_agent (instance: network_agent_1765871025)
2025-12-16 15:58:14,993 - MCP Server - WARNING - Agent marked as inactive: app_agent (instance: app_agent_1765871026)
2025-12-16 15:58:14,993 - MCP Server - WARNING - Agent marked as inactive: monitor_agent (instance: monitor_agent_1765871027)
2025-12-16 15:58:14,993 - MCP Server - WARNING - Agent marked as inactive: media_agent (instance: media_agent_1765871028)
2025-12-16 15:58:17,996 - MCP Server - WARNING - Agent marked as inactive: file_agent (instance: file_agent_1765871023)
2025-12-16 15:58:17,996 - MCP Server - WARNING - Agent marked as inactive: settings_agent (instance: settings_agent_1765871024)
2025-12-16 15:58:17,996 - MCP Server - WARNING - Agent marked as inactive: network_agent (instance: network_agent_1765871025)
2025-12-16 15:58:17,997 - MCP Server - WARNING - Agent marked as inactive: app_agent (instance: app_agent_1765871026)
2025-12-16 15:58:17,997 - MCP Server - WARNING - Agent marked as inactive: monitor_agent (instance: monitor_agent_1765871027)
2025-12-16 15:58:17,997 - MCP Server - WARNING - Agent marked as inactive: media_agent (instance: media_agent_1765871028)
2025-12-16 15:58:21,000 - MCP Server - WARNING - Agent marked as inactive: file_agent (instance: file_agent_1765871023)
2025-12-16 15:58:21,000 - MCP Server - WARNING - Agent marked as inactive: settings_agent (instance: settings_agent_1765871024)
2025-12-16 15:58:21,000 - MCP Server - WARNING - Agent marked as inactive: network_agent (instance: network_agent_1765871025)
2025-12-16 15:58:21,000 - MCP Server - WARNING - Agent marked as inactive: app_agent (instance: app_agent_1765871026)
2025-12-16 15:58:21,000 - MCP Server - WARNING - Agent marked as inactive: monitor_agent (instance: monitor_agent_1765871027)
2025-12-16 15:58:21,000 - MCP Server - WARNING - Agent marked as inactive: media_agent (instance: media_agent_1765871028)
2025-12-16 15:58:24,004 - MCP Server - WARNING - Agent marked as inactive: file_agent (instance: file_agent_1765871023)
2025-12-16 15:58:24,004 - MCP Server - WARNING - Agent marked as inactive: settings_agent (instance: settings_agent_1765871024)
2025-12-16 15:58:24,004 - MCP Server - WARNING - Agent marked as inactive: network_agent (instance: network_agent_1765871025)
2025-12-16 15:58:24,004 - MCP Server - WARNING - Agent marked as inactive: app_agent (instance: app_agent_1765871026)
2025-12-16 15:58:24,004 - MCP Server - WARNING - Agent marked as inactive: monitor_agent (instance: monitor_agent_1765871027)
2025-12-16 15:58:24,004 - MCP Server - WARNING - Agent marked as inactive: media_agent (instance: media_agent_1765871028)
2025-12-16 15:58:27,007 - MCP Server - WARNING - Agent marked as inactive: file_agent (instance: file_agent_1765871023)
2025-12-16 15:58:27,007 - MCP Server - WARNING - Agent marked as inactive: settings_agent (instance: settings_agent_1765871024)
2025-12-16 15:58:27,008 - MCP Server - WARNING - Agent marked as inactive: network_agent (instance: network_agent_1765871025)
2025-12-16 15:58:27,008 - MCP Server - WARNING - Agent marked as inactive: app_agent (instance: app_agent_1765871026)
2025-12-16 15:58:27,008 - MCP Server - WARNING - Agent marked as inactive: monitor_agent (instance: monitor_agent_1765871027)
2025-12-16 15:58:27,008 - MCP Server - WARNING - Agent marked as inactive: media_agent (instance: media_agent_1765871028)
2025-12-16 15:58:30,011 - MCP Server - WARNING - Agent marked as inactive: file_agent (instance: file_agent_1765871023)
2025-12-16 15:58:30,011 - MCP Server - WARNING - Agent marked as inactive: settings_agent (instance: settings_agent_1765871024)
2025-12-16 15:58:30,011 - MCP Server - WARNING - Agent marked as inactive: network_agent (instance: network_agent_1765871025)
2025-12-16 15:58:30,011 - MCP Server - WARNING - Agent marked as inactive: app_agent (instance: app_agent_1765871026)
2025-12-16 15:58:30,011 - MCP Server - WARNING - Agent marked as inactive: monitor_agent (instance: monitor_agent_1765871027)
2025-12-16 15:58:30,012 - MCP Server - WARNING - Agent marked as inactive: media_agent (instance: media_agent_1765871028)
2025-12-16 15:58:33,015 - MCP Server - WARNING - Agent marked as inactive: file_agent (instance: file_agent_1765871023)
2025-12-16 15:58:33,015 - MCP Server - WARNING - Agent marked as inactive: settings_agent (instance: settings_agent_1765871024)
2025-12-16 15:58:33,015 - MCP Server - WARNING - Agent marked as inactive: network_agent (instance: network_agent_1765871025)
2025-12-16 15:58:33,015 - MCP Server - WARNING - Agent marked as inactive: app_agent (instance: app_agent_1765871026)
2025-12-16 15:58:33,015 - MCP Server - WARNING - Agent marked as inactive: monitor_agent (instance: monitor_agent_1765871027)
2025-12-16 15:58:33,015 - MCP Server - WARNING - Agent marked as inactive: media_agent (instance: media_agent_1765871028)
2025-12-16 15:58:36,019 - MCP Server - WARNING - Agent marked as inactive: file_agent (instance: file_agent_1765871023)
2025-12-16 15:58:36,019 - MCP Server - WARNING - Agent marked as inactive: settings_agent (instance: settings_agent_1765871024)
2025-12-16 15:58:36,019 - MCP Server - WARNING - Agent marked as inactive: network_agent (instance: network_agent_1765871025)
2025-12-16 15:58:36,019 - MCP Server - WARNING - Agent marked as inactive: app_agent (instance: app_agent_1765871026)
2025-12-16 15:58:36,019 - MCP Server - WARNING - Agent marked as inactive: monitor_agent (instance: monitor_agent_1765871027)
2025-12-16 15:58:36,019 - MCP Server - WARNING - Agent marked as inactive: media_agent (instance: media_agent_1765871028)
2025-12-16 15:58:39,022 - MCP Server - WARNING - Agent marked as inactive: file_agent (instance: file_agent_1765871023)
2025-12-16 15:58:39,022 - MCP Server - WARNING - Agent marked as inactive: settings_agent (instance: settings_agent_1765871024)
2025-12-16 15:58:39,023 - MCP Server - WARNING - Agent marked as inactive: network_agent (instance: network_agent_1765871025)
2025-12-16 15:58:39,023 - MCP Server - WARNING - Agent marked as inactive: app_agent (instance: app_agent_1765871026)
2025-12-16 15:58:39,023 - MCP Server - WARNING - Agent marked as inactive: monitor_agent (instance: monitor_agent_1765871027)
2025-12-16 15:58:39,023 - MCP Server - WARNING - Agent marked as inactive: media_agent (instance: media_agent_1765871028)
2025-12-16 15:58:39,575 - MCP Server - INFO - 📡 广播状态: file_agent (file_agent_1765871859) -> offline
2025-12-16 15:58:39,576 - MCP Server - WARNING - Agent marked as inactive: file_agent (instance: file_agent_1765871859)
2025-12-16 15:58:42,026 - MCP Server - WARNING - Agent marked as inactive: file_agent (instance: file_agent_1765871023)
2025-12-16 15:58:42,026 - MCP Server - WARNING - Agent marked as inactive: settings_agent (instance: settings_agent_1765871024)
2025-12-16 15:58:42,026 - MCP Server - WARNING - Agent marked as inactive: network_agent (instance: network_agent_1765871025)
2025-12-16 15:58:42,026 - MCP Server - WARNING - Agent marked as inactive: app_agent (instance: app_agent_1765871026)
2025-12-16 15:58:42,026 - MCP Server - WARNING - Agent marked as inactive: monitor_agent (instance: monitor_agent_1765871027)
2025-12-16 15:58:42,026 - MCP Server - WARNING - Agent marked as inactive: media_agent (instance: media_agent_1765871028)
2025-12-16 15:58:42,579 - MCP Server - WARNING - Agent marked as inactive: file_agent (instance: file_agent_1765871859)
2025-12-16 15:58:42,579 - MCP Server - INFO - 📡 广播状态: settings_agent (settings_agent_1765871860) -> offline
2025-12-16 15:58:42,579 - MCP Server - WARNING - Agent marked as inactive: settings_agent (instance: settings_agent_1765871860)
2025-12-16 15:58:42,579 - MCP Server - INFO - 📡 广播状态: network_agent (network_agent_1765871861) -> offline
2025-12-16 15:58:42,580 - MCP Server - WARNING - Agent marked as inactive: network_agent (instance: network_agent_1765871861)
2025-12-16 15:58:42,580 - MCP Server - INFO - 📡 广播状态: app_agent (app_agent_1765871862) -> offline
2025-12-16 15:58:42,580 - MCP Server - WARNING - Agent marked as inactive: app_agent (instance: app_agent_1765871862)
2025-12-16 15:58:45,029 - MCP Server - WARNING - Agent marked as inactive: file_agent (instance: file_agent_1765871023)
2025-12-16 15:58:45,030 - MCP Server - WARNING - Agent marked as inactive: settings_agent (instance: settings_agent_1765871024)
2025-12-16 15:58:45,030 - MCP Server - WARNING - Agent marked as inactive: network_agent (instance: network_agent_1765871025)
2025-12-16 15:58:45,030 - MCP Server - WARNING - Agent marked as inactive: app_agent (instance: app_agent_1765871026)
2025-12-16 15:58:45,030 - MCP Server - WARNING - Agent marked as inactive: monitor_agent (instance: monitor_agent_1765871027)
2025-12-16 15:58:45,030 - MCP Server - WARNING - Agent marked as inactive: media_agent (instance: media_agent_1765871028)
2025-12-16 15:58:45,583 - MCP Server - WARNING - Agent marked as inactive: file_agent (instance: file_agent_1765871859)
2025-12-16 15:58:45,583 - MCP Server - WARNING - Agent marked as inactive: settings_agent (instance: settings_agent_1765871860)
2025-12-16 15:58:45,583 - MCP Server - WARNING - Agent marked as inactive: network_agent (instance: network_agent_1765871861)
2025-12-16 15:58:45,583 - MCP Server - WARNING - Agent marked as inactive: app_agent (instance: app_agent_1765871862)
2025-12-16 15:58:45,584 - MCP Server - INFO - 📡 广播状态: monitor_agent (monitor_agent_1765871863) -> offline
2025-12-16 15:58:45,584 - MCP Server - WARNING - Agent marked as inactive: monitor_agent (instance: monitor_agent_1765871863)
2025-12-16 15:58:45,584 - MCP Server - INFO - 📡 广播状态: media_agent (media_agent_1765871864) -> offline
2025-12-16 15:58:45,584 - MCP Server - WARNING - Agent marked as inactive: media_agent (instance: media_agent_1765871864)
2025-12-16 15:58:48,033 - MCP Server - WARNING - Agent marked as inactive: file_agent (instance: file_agent_1765871023)
2025-12-16 15:58:48,033 - MCP Server - WARNING - Agent marked as inactive: settings_agent (instance: settings_agent_1765871024)
2025-12-16 15:58:48,034 - MCP Server - WARNING - Agent marked as inactive: network_agent (instance: network_agent_1765871025)
2025-12-16 15:58:48,034 - MCP Server - WARNING - Agent marked as inactive: app_agent (instance: app_agent_1765871026)
2025-12-16 15:58:48,034 - MCP Server - WARNING - Agent marked as inactive: monitor_agent (instance: monitor_agent_1765871027)
2025-12-16 15:58:48,034 - MCP Server - WARNING - Agent marked as inactive: media_agent (instance: media_agent_1765871028)
2025-12-16 15:58:48,587 - MCP Server - WARNING - Agent marked as inactive: file_agent (instance: file_agent_1765871859)
2025-12-16 15:58:48,587 - MCP Server - WARNING - Agent marked as inactive: settings_agent (instance: settings_agent_1765871860)
2025-12-16 15:58:48,587 - MCP Server - WARNING - Agent marked as inactive: network_agent (instance: network_agent_1765871861)
2025-12-16 15:58:48,588 - MCP Server - WARNING - Agent marked as inactive: app_agent (instance: app_agent_1765871862)
2025-12-16 15:58:48,588 - MCP Server - WARNING - Agent marked as inactive: monitor_agent (instance: monitor_agent_1765871863)
2025-12-16 15:58:48,588 - MCP Server - WARNING - Agent marked as inactive: media_agent (instance: media_agent_1765871864)
2025-12-16 15:58:51,037 - MCP Server - WARNING - Agent marked as inactive: file_agent (instance: file_agent_1765871023)
2025-12-16 15:58:51,037 - MCP Server - WARNING - Agent marked as inactive: settings_agent (instance: settings_agent_1765871024)
2025-12-16 15:58:51,037 - MCP Server - WARNING - Agent marked as inactive: network_agent (instance: network_agent_1765871025)
2025-12-16 15:58:51,037 - MCP Server - WARNING - Agent marked as inactive: app_agent (instance: app_agent_1765871026)
2025-12-16 15:58:51,037 - MCP Server - WARNING - Agent marked as inactive: monitor_agent (instance: monitor_agent_1765871027)
2025-12-16 15:58:51,037 - MCP Server - WARNING - Agent marked as inactive: media_agent (instance: media_agent_1765871028)
2025-12-16 15:58:51,590 - MCP Server - WARNING - Agent marked as inactive: file_agent (instance: file_agent_1765871859)
2025-12-16 15:58:51,590 - MCP Server - WARNING - Agent marked as inactive: settings_agent (instance: settings_agent_1765871860)
2025-12-16 15:58:51,590 - MCP Server - WARNING - Agent marked as inactive: network_agent (instance: network_agent_1765871861)
2025-12-16 15:58:51,590 - MCP Server - WARNING - Agent marked as inactive: app_agent (instance: app_agent_1765871862)
2025-12-16 15:58:51,591 - MCP Server - WARNING - Agent marked as inactive: monitor_agent (instance: monitor_agent_1765871863)
2025-12-16 15:58:51,591 - MCP Server - WARNING - Agent marked as inactive: media_agent (instance: media_agent_1765871864)
2025-12-16 15:58:54,041 - MCP Server - WARNING - Agent marked as inactive: file_agent (instance: file_agent_1765871023)
2025-12-16 15:58:54,041 - MCP Server - WARNING - Agent marked as inactive: settings_agent (instance: settings_agent_1765871024)
2025-12-16 15:58:54,041 - MCP Server - WARNING - Agent marked as inactive: network_agent (instance: network_agent_1765871025)
2025-12-16 15:58:54,041 - MCP Server - WARNING - Agent marked as inactive: app_agent (instance: app_agent_1765871026)
2025-12-16 15:58:54,041 - MCP Server - WARNING - Agent marked as inactive: monitor_agent (instance: monitor_agent_1765871027)
2025-12-16 15:58:54,041 - MCP Server - WARNING - Agent marked as inactive: media_agent (instance: media_agent_1765871028)
2025-12-16 15:58:54,594 - MCP Server - WARNING - Agent marked as inactive: file_agent (instance: file_agent_1765871859)
2025-12-16 15:58:54,594 - MCP Server - WARNING - Agent marked as inactive: settings_agent (instance: settings_agent_1765871860)
2025-12-16 15:58:54,594 - MCP Server - WARNING - Agent marked as inactive: network_agent (instance: network_agent_1765871861)
2025-12-16 15:58:54,594 - MCP Server - WARNING - Agent marked as inactive: app_agent (instance: app_agent_1765871862)
2025-12-16 15:58:54,595 - MCP Server - WARNING - Agent marked as inactive: monitor_agent (instance: monitor_agent_1765871863)
2025-12-16 15:58:54,595 - MCP Server - WARNING - Agent marked as inactive: media_agent (instance: media_agent_1765871864)
2025-12-16 15:58:57,044 - MCP Server - WARNING - Agent marked as inactive: file_agent (instance: file_agent_1765871023)
2025-12-16 15:58:57,045 - MCP Server - WARNING - Agent marked as inactive: settings_agent (instance: settings_agent_1765871024)
2025-12-16 15:58:57,045 - MCP Server - WARNING - Agent marked as inactive: network_agent (instance: network_agent_1765871025)
2025-12-16 15:58:57,045 - MCP Server - WARNING - Agent marked as inactive: app_agent (instance: app_agent_1765871026)
2025-12-16 15:58:57,045 - MCP Server - WARNING - Agent marked as inactive: monitor_agent (instance: monitor_agent_1765871027)
2025-12-16 15:58:57,045 - MCP Server - WARNING - Agent marked as inactive: media_agent (instance: media_agent_1765871028)
2025-12-16 15:58:57,597 - MCP Server - WARNING - Agent marked as inactive: file_agent (instance: file_agent_1765871859)
2025-12-16 15:58:57,597 - MCP Server - WARNING - Agent marked as inactive: settings_agent (instance: settings_agent_1765871860)
2025-12-16 15:58:57,597 - MCP Server - WARNING - Agent marked as inactive: network_agent (instance: network_agent_1765871861)
2025-12-16 15:58:57,598 - MCP Server - WARNING - Agent marked as inactive: app_agent (instance: app_agent_1765871862)
2025-12-16 15:58:57,598 - MCP Server - WARNING - Agent marked as inactive: monitor_agent (instance: monitor_agent_1765871863)
2025-12-16 15:58:57,598 - MCP Server - WARNING - Agent marked as inactive: media_agent (instance: media_agent_1765871864)
2025-12-16 15:59:00,048 - MCP Server - WARNING - Agent marked as inactive: file_agent (instance: file_agent_1765871023)
2025-12-16 15:59:00,048 - MCP Server - WARNING - Agent marked as inactive: settings_agent (instance: settings_agent_1765871024)
2025-12-16 15:59:00,049 - MCP Server - WARNING - Agent marked as inactive: network_agent (instance: network_agent_1765871025)
2025-12-16 15:59:00,049 - MCP Server - WARNING - Agent marked as inactive: app_agent (instance: app_agent_1765871026)
2025-12-16 15:59:00,049 - MCP Server - WARNING - Agent marked as inactive: monitor_agent (instance: monitor_agent_1765871027)
2025-12-16 15:59:00,049 - MCP Server - WARNING - Agent marked as inactive: media_agent (instance: media_agent_1765871028)
2025-12-16 15:59:00,601 - MCP Server - WARNING - Agent marked as inactive: file_agent (instance: file_agent_1765871859)
2025-12-16 15:59:00,601 - MCP Server - WARNING - Agent marked as inactive: settings_agent (instance: settings_agent_1765871860)
2025-12-16 15:59:00,601 - MCP Server - WARNING - Agent marked as inactive: network_agent (instance: network_agent_1765871861)
2025-12-16 15:59:00,601 - MCP Server - WARNING - Agent marked as inactive: app_agent (instance: app_agent_1765871862)
2025-12-16 15:59:00,602 - MCP Server - WARNING - Agent marked as inactive: monitor_agent (instance: monitor_agent_1765871863)
2025-12-16 15:59:00,602 - MCP Server - WARNING - Agent marked as inactive: media_agent (instance: media_agent_1765871864)
2025-12-16 15:59:03,052 - MCP Server - WARNING - Agent marked as inactive: file_agent (instance: file_agent_1765871023)
2025-12-16 15:59:03,052 - MCP Server - WARNING - Agent marked as inactive: settings_agent (instance: settings_agent_1765871024)
2025-12-16 15:59:03,052 - MCP Server - WARNING - Agent marked as inactive: network_agent (instance: network_agent_1765871025)
2025-12-16 15:59:03,052 - MCP Server - WARNING - Agent marked as inactive: app_agent (instance: app_agent_1765871026)
2025-12-16 15:59:03,052 - MCP Server - WARNING - Agent marked as inactive: monitor_agent (instance: monitor_agent_1765871027)
2025-12-16 15:59:03,053 - MCP Server - WARNING - Agent marked as inactive: media_agent (instance: media_agent_1765871028)
2025-12-16 15:59:03,605 - MCP Server - WARNING - Agent marked as inactive: file_agent (instance: file_agent_1765871859)
2025-12-16 15:59:03,605 - MCP Server - WARNING - Agent marked as inactive: settings_agent (instance: settings_agent_1765871860)
2025-12-16 15:59:03,605 - MCP Server - WARNING - Agent marked as inactive: network_agent (instance: network_agent_1765871861)
2025-12-16 15:59:03,605 - MCP Server - WARNING - Agent marked as inactive: app_agent (instance: app_agent_1765871862)
2025-12-16 15:59:03,606 - MCP Server - WARNING - Agent marked as inactive: monitor_agent (instance: monitor_agent_1765871863)
2025-12-16 15:59:03,606 - MCP Server - WARNING - Agent marked as inactive: media_agent (instance: media_agent_1765871864)
2025-12-16 15:59:06,056 - MCP Server - WARNING - Agent marked as inactive: file_agent (instance: file_agent_1765871023)
2025-12-16 15:59:06,056 - MCP Server - WARNING - Agent marked as inactive: settings_agent (instance: settings_agent_1765871024)
2025-12-16 15:59:06,056 - MCP Server - WARNING - Agent marked as inactive: network_agent (instance: network_agent_1765871025)
2025-12-16 15:59:06,056 - MCP Server - WARNING - Agent marked as inactive: app_agent (instance: app_agent_1765871026)
2025-12-16 15:59:06,056 - MCP Server - WARNING - Agent marked as inactive: monitor_agent (instance: monitor_agent_1765871027)
2025-12-16 15:59:06,056 - MCP Server - WARNING - Agent marked as inactive: media_agent (instance: media_agent_1765871028)
2025-12-16 15:59:06,609 - MCP Server - WARNING - Agent marked as inactive: file_agent (instance: file_agent_1765871859)
2025-12-16 15:59:06,609 - MCP Server - WARNING - Agent marked as inactive: settings_agent (instance: settings_agent_1765871860)
2025-12-16 15:59:06,609 - MCP Server - WARNING - Agent marked as inactive: network_agent (instance: network_agent_1765871861)
2025-12-16 15:59:06,609 - MCP Server - WARNING - Agent marked as inactive: app_agent (instance: app_agent_1765871862)
2025-12-16 15:59:06,609 - MCP Server - WARNING - Agent marked as inactive: monitor_agent (instance: monitor_agent_1765871863)
2025-12-16 15:59:06,610 - MCP Server - WARNING - Agent marked as inactive: media_agent (instance: media_agent_1765871864)
2025-12-16 15:59:09,059 - MCP Server - WARNING - Agent marked as inactive: file_agent (instance: file_agent_1765871023)
2025-12-16 15:59:09,059 - MCP Server - WARNING - Agent marked as inactive: settings_agent (instance: settings_agent_1765871024)
2025-12-16 15:59:09,060 - MCP Server - WARNING - Agent marked as inactive: network_agent (instance: network_agent_1765871025)
2025-12-16 15:59:09,060 - MCP Server - WARNING - Agent marked as inactive: app_agent (instance: app_agent_1765871026)
2025-12-16 15:59:09,060 - MCP Server - WARNING - Agent marked as inactive: monitor_agent (instance: monitor_agent_1765871027)
2025-12-16 15:59:09,060 - MCP Server - WARNING - Agent marked as inactive: media_agent (instance: media_agent_1765871028)
2025-12-16 15:59:09,613 - MCP Server - WARNING - Agent marked as inactive: file_agent (instance: file_agent_1765871859)
2025-12-16 15:59:09,613 - MCP Server - WARNING - Agent marked as inactive: settings_agent (instance: settings_agent_1765871860)
2025-12-16 15:59:09,613 - MCP Server - WARNING - Agent marked as inactive: network_agent (instance: network_agent_1765871861)
2025-12-16 15:59:09,613 - MCP Server - WARNING - Agent marked as inactive: app_agent (instance: app_agent_1765871862)
2025-12-16 15:59:09,613 - MCP Server - WARNING - Agent marked as inactive: monitor_agent (instance: monitor_agent_1765871863)
2025-12-16 15:59:09,614 - MCP Server - WARNING - Agent marked as inactive: media_agent (instance: media_agent_1765871864)
2025-12-16 15:59:12,063 - MCP Server - WARNING - Agent marked as inactive: file_agent (instance: file_agent_1765871023)
2025-12-16 15:59:12,063 - MCP Server - WARNING - Agent marked as inactive: settings_agent (instance: settings_agent_1765871024)
2025-12-16 15:59:12,063 - MCP Server - WARNING - Agent marked as inactive: network_agent (instance: network_agent_1765871025)
2025-12-16 15:59:12,063 - MCP Server - WARNING - Agent marked as inactive: app_agent (instance: app_agent_1765871026)
2025-12-16 15:59:12,063 - MCP Server - WARNING - Agent marked as inactive: monitor_agent (instance: monitor_agent_1765871027)
2025-12-16 15:59:12,063 - MCP Server - WARNING - Agent marked as inactive: media_agent (instance: media_agent_1765871028)
2025-12-16 15:59:12,617 - MCP Server - WARNING - Agent marked as inactive: file_agent (instance: file_agent_1765871859)
2025-12-16 15:59:12,617 - MCP Server - WARNING - Agent marked as inactive: settings_agent (instance: settings_agent_1765871860)
2025-12-16 15:59:12,617 - MCP Server - WARNING - Agent marked as inactive: network_agent (instance: network_agent_1765871861)
2025-12-16 15:59:12,617 - MCP Server - WARNING - Agent marked as inactive: app_agent (instance: app_agent_1765871862)
2025-12-16 15:59:12,617 - MCP Server - WARNING - Agent marked as inactive: monitor_agent (instance: monitor_agent_1765871863)
2025-12-16 15:59:12,617 - MCP Server - WARNING - Agent marked as inactive: media_agent (instance: media_agent_1765871864)
2025-12-16 15:59:15,067 - MCP Server - WARNING - Agent marked as inactive: file_agent (instance: file_agent_1765871023)
2025-12-16 15:59:15,067 - MCP Server - WARNING - Agent marked as inactive: settings_agent (instance: settings_agent_1765871024)
2025-12-16 15:59:15,067 - MCP Server - WARNING - Agent marked as inactive: network_agent (instance: network_agent_1765871025)
2025-12-16 15:59:15,067 - MCP Server - WARNING - Agent marked as inactive: app_agent (instance: app_agent_1765871026)
2025-12-16 15:59:15,067 - MCP Server - WARNING - Agent marked as inactive: monitor_agent (instance: monitor_agent_1765871027)
2025-12-16 15:59:15,067 - MCP Server - WARNING - Agent marked as inactive: media_agent (instance: media_agent_1765871028)
2025-12-16 15:59:15,620 - MCP Server - WARNING - Agent marked as inactive: file_agent (instance: file_agent_1765871859)
2025-12-16 15:59:15,620 - MCP Server - WARNING - Agent marked as inactive: settings_agent (instance: settings_agent_1765871860)
2025-12-16 15:59:15,620 - MCP Server - WARNING - Agent marked as inactive: network_agent (instance: network_agent_1765871861)
2025-12-16 15:59:15,620 - MCP Server - WARNING - Agent marked as inactive: app_agent (instance: app_agent_1765871862)
2025-12-16 15:59:15,621 - MCP Server - WARNING - Agent marked as inactive: monitor_agent (instance: monitor_agent_1765871863)
2025-12-16 15:59:15,621 - MCP Server - WARNING - Agent marked as inactive: media_agent (instance: media_agent_1765871864)
2025-12-16 15:59:18,070 - MCP Server - WARNING - Agent marked as inactive: file_agent (instance: file_agent_1765871023)
2025-12-16 15:59:18,070 - MCP Server - WARNING - Agent marked as inactive: settings_agent (instance: settings_agent_1765871024)
2025-12-16 15:59:18,071 - MCP Server - WARNING - Agent marked as inactive: network_agent (instance: network_agent_1765871025)
2025-12-16 15:59:18,071 - MCP Server - WARNING - Agent marked as inactive: app_agent (instance: app_agent_1765871026)
2025-12-16 15:59:18,071 - MCP Server - WARNING - Agent marked as inactive: monitor_agent (instance: monitor_agent_1765871027)
2025-12-16 15:59:18,071 - MCP Server - WARNING - Agent marked as inactive: media_agent (instance: media_agent_1765871028)
2025-12-16 15:59:18,624 - MCP Server - WARNING - Agent marked as inactive: file_agent (instance: file_agent_1765871859)
2025-12-16 15:59:18,624 - MCP Server - WARNING - Agent marked as inactive: settings_agent (instance: settings_agent_1765871860)
2025-12-16 15:59:18,624 - MCP Server - WARNING - Agent marked as inactive: network_agent (instance: network_agent_1765871861)
2025-12-16 15:59:18,624 - MCP Server - WARNING - Agent marked as inactive: app_agent (instance: app_agent_1765871862)
2025-12-16 15:59:18,625 - MCP Server - WARNING - Agent marked as inactive: monitor_agent (instance: monitor_agent_1765871863)
2025-12-16 15:59:18,625 - MCP Server - WARNING - Agent marked as inactive: media_agent (instance: media_agent_1765871864)
2025-12-16 15:59:21,074 - MCP Server - WARNING - Agent marked as inactive: file_agent (instance: file_agent_1765871023)
2025-12-16 15:59:21,074 - MCP Server - WARNING - Agent marked as inactive: settings_agent (instance: settings_agent_1765871024)
2025-12-16 15:59:21,074 - MCP Server - WARNING - Agent marked as inactive: network_agent (instance: network_agent_1765871025)
2025-12-16 15:59:21,074 - MCP Server - WARNING - Agent marked as inactive: app_agent (instance: app_agent_1765871026)
2025-12-16 15:59:21,074 - MCP Server - WARNING - Agent marked as inactive: monitor_agent (instance: monitor_agent_1765871027)
2025-12-16 15:59:21,075 - MCP Server - WARNING - Agent marked as inactive: media_agent (instance: media_agent_1765871028)
2025-12-16 15:59:21,628 - MCP Server - WARNING - Agent marked as inactive: file_agent (instance: file_agent_1765871859)
2025-12-16 15:59:21,628 - MCP Server - WARNING - Agent marked as inactive: settings_agent (instance: settings_agent_1765871860)
2025-12-16 15:59:21,628 - MCP Server - WARNING - Agent marked as inactive: network_agent (instance: network_agent_1765871861)
2025-12-16 15:59:21,628 - MCP Server - WARNING - Agent marked as inactive: app_agent (instance: app_agent_1765871862)
2025-12-16 15:59:21,628 - MCP Server - WARNING - Agent marked as inactive: monitor_agent (instance: monitor_agent_1765871863)
2025-12-16 15:59:21,629 - MCP Server - WARNING - Agent marked as inactive: media_agent (instance: media_agent_1765871864)
2025-12-16 15:59:24,078 - MCP Server - WARNING - Agent marked as inactive: file_agent (instance: file_agent_1765871023)
2025-12-16 15:59:24,078 - MCP Server - WARNING - Agent marked as inactive: settings_agent (instance: settings_agent_1765871024)
2025-12-16 15:59:24,078 - MCP Server - WARNING - Agent marked as inactive: network_agent (instance: network_agent_1765871025)
2025-12-16 15:59:24,078 - MCP Server - WARNING - Agent marked as inactive: app_agent (instance: app_agent_1765871026)
2025-12-16 15:59:24,078 - MCP Server - WARNING - Agent marked as inactive: monitor_agent (instance: monitor_agent_1765871027)
2025-12-16 15:59:24,078 - MCP Server - WARNING - Agent marked as inactive: media_agent (instance: media_agent_1765871028)
2025-12-16 15:59:24,632 - MCP Server - WARNING - Agent marked as inactive: file_agent (instance: file_agent_1765871859)
2025-12-16 15:59:24,632 - MCP Server - WARNING - Agent marked as inactive: settings_agent (instance: settings_agent_1765871860)
2025-12-16 15:59:24,632 - MCP Server - WARNING - Agent marked as inactive: network_agent (instance: network_agent_1765871861)
2025-12-16 15:59:24,632 - MCP Server - WARNING - Agent marked as inactive: app_agent (instance: app_agent_1765871862)
2025-12-16 15:59:24,632 - MCP Server - WARNING - Agent marked as inactive: monitor_agent (instance: monitor_agent_1765871863)
2025-12-16 15:59:24,632 - MCP Server - WARNING - Agent marked as inactive: media_agent (instance: media_agent_1765871864)
2025-12-16 15:59:27,081 - MCP Server - WARNING - Agent marked as inactive: file_agent (instance: file_agent_1765871023)
2025-12-16 15:59:27,082 - MCP Server - WARNING - Agent marked as inactive: settings_agent (instance: settings_agent_1765871024)
2025-12-16 15:59:27,082 - MCP Server - WARNING - Agent marked as inactive: network_agent (instance: network_agent_1765871025)
2025-12-16 15:59:27,082 - MCP Server - WARNING - Agent marked as inactive: app_agent (instance: app_agent_1765871026)
2025-12-16 15:59:27,082 - MCP Server - WARNING - Agent marked as inactive: monitor_agent (instance: monitor_agent_1765871027)
2025-12-16 15:59:27,082 - MCP Server - WARNING - Agent marked as inactive: media_agent (instance: media_agent_1765871028)
2025-12-16 15:59:27,635 - MCP Server - WARNING - Agent marked as inactive: file_agent (instance: file_agent_1765871859)
2025-12-16 15:59:27,636 - MCP Server - WARNING - Agent marked as inactive: settings_agent (instance: settings_agent_1765871860)
2025-12-16 15:59:27,636 - MCP Server - WARNING - Agent marked as inactive: network_agent (instance: network_agent_1765871861)
2025-12-16 15:59:27,636 - MCP Server - WARNING - Agent marked as inactive: app_agent (instance: app_agent_1765871862)
2025-12-16 15:59:27,636 - MCP Server - WARNING - Agent marked as inactive: monitor_agent (instance: monitor_agent_1765871863)
2025-12-16 15:59:27,636 - MCP Server - WARNING - Agent marked as inactive: media_agent (instance: media_agent_1765871864)
2025-12-16 15:59:30,085 - MCP Server - WARNING - Agent marked as inactive: file_agent (instance: file_agent_1765871023)
2025-12-16 15:59:30,085 - MCP Server - WARNING - Agent marked as inactive: settings_agent (instance: settings_agent_1765871024)
2025-12-16 15:59:30,085 - MCP Server - WARNING - Agent marked as inactive: network_agent (instance: network_agent_1765871025)
2025-12-16 15:59:30,085 - MCP Server - WARNING - Agent marked as inactive: app_agent (instance: app_agent_1765871026)
2025-12-16 15:59:30,085 - MCP Server - WARNING - Agent marked as inactive: monitor_agent (instance: monitor_agent_1765871027)
2025-12-16 15:59:30,086 - MCP Server - WARNING - Agent marked as inactive: media_agent (instance: media_agent_1765871028)
2025-12-16 15:59:30,639 - MCP Server - WARNING - Agent marked as inactive: file_agent (instance: file_agent_1765871859)
2025-12-16 15:59:30,639 - MCP Server - WARNING - Agent marked as inactive: settings_agent (instance: settings_agent_1765871860)
2025-12-16 15:59:30,640 - MCP Server - WARNING - Agent marked as inactive: network_agent (instance: network_agent_1765871861)
2025-12-16 15:59:30,640 - MCP Server - WARNING - Agent marked as inactive: app_agent (instance: app_agent_1765871862)
2025-12-16 15:59:30,640 - MCP Server - WARNING - Agent marked as inactive: monitor_agent (instance: monitor_agent_1765871863)
2025-12-16 15:59:30,640 - MCP Server - WARNING - Agent marked as inactive: media_agent (instance: media_agent_1765871864)
2025-12-16 15:59:33,089 - MCP Server - WARNING - Agent marked as inactive: file_agent (instance: file_agent_1765871023)
2025-12-16 15:59:33,089 - MCP Server - WARNING - Agent marked as inactive: settings_agent (instance: settings_agent_1765871024)
2025-12-16 15:59:33,089 - MCP Server - WARNING - Agent marked as inactive: network_agent (instance: network_agent_1765871025)
2025-12-16 15:59:33,089 - MCP Server - WARNING - Agent marked as inactive: app_agent (instance: app_agent_1765871026)
2025-12-16 15:59:33,089 - MCP Server - WARNING - Agent marked as inactive: monitor_agent (instance: monitor_agent_1765871027)
2025-12-16 15:59:33,089 - MCP Server - WARNING - Agent marked as inactive: media_agent (instance: media_agent_1765871028)
2025-12-16 15:59:33,643 - MCP Server - WARNING - Agent marked as inactive: file_agent (instance: file_agent_1765871859)
2025-12-16 15:59:33,643 - MCP Server - WARNING - Agent marked as inactive: settings_agent (instance: settings_agent_1765871860)
2025-12-16 15:59:33,644 - MCP Server - WARNING - Agent marked as inactive: network_agent (instance: network_agent_1765871861)
2025-12-16 15:59:33,644 - MCP Server - WARNING - Agent marked as inactive: app_agent (instance: app_agent_1765871862)
2025-12-16 15:59:33,644 - MCP Server - WARNING - Agent marked as inactive: monitor_agent (instance: monitor_agent_1765871863)
2025-12-16 15:59:33,644 - MCP Server - WARNING - Agent marked as inactive: media_agent (instance: media_agent_1765871864)
2025-12-16 15:59:36,092 - MCP Server - WARNING - Agent marked as inactive: file_agent (instance: file_agent_1765871023)
2025-12-16 15:59:36,093 - MCP Server - WARNING - Agent marked as inactive: settings_agent (instance: settings_agent_1765871024)
2025-12-16 15:59:36,093 - MCP Server - WARNING - Agent marked as inactive: network_agent (instance: network_agent_1765871025)
2025-12-16 15:59:36,093 - MCP Server - WARNING - Agent marked as inactive: app_agent (instance: app_agent_1765871026)
2025-12-16 15:59:36,093 - MCP Server - WARNING - Agent marked as inactive: monitor_agent (instance: monitor_agent_1765871027)
2025-12-16 15:59:36,093 - MCP Server - WARNING - Agent marked as inactive: media_agent (instance: media_agent_1765871028)
2025-12-16 15:59:36,647 - MCP Server - WARNING - Agent marked as inactive: file_agent (instance: file_agent_1765871859)
2025-12-16 15:59:36,647 - MCP Server - WARNING - Agent marked as inactive: settings_agent (instance: settings_agent_1765871860)
2025-12-16 15:59:36,648 - MCP Server - WARNING - Agent marked as inactive: network_agent (instance: network_agent_1765871861)
2025-12-16 15:59:36,648 - MCP Server - WARNING - Agent marked as inactive: app_agent (instance: app_agent_1765871862)
2025-12-16 15:59:36,648 - MCP Server - WARNING - Agent marked as inactive: monitor_agent (instance: monitor_agent_1765871863)
2025-12-16 15:59:36,648 - MCP Server - WARNING - Agent marked as inactive: media_agent (instance: media_agent_1765871864)
2025-12-16 15:59:39,096 - MCP Server - WARNING - Agent marked as inactive: file_agent (instance: file_agent_1765871023)
2025-12-16 15:59:39,096 - MCP Server - WARNING - Agent marked as inactive: settings_agent (instance: settings_agent_1765871024)
2025-12-16 15:59:39,096 - MCP Server - WARNING - Agent marked as inactive: network_agent (instance: network_agent_1765871025)
2025-12-16 15:59:39,097 - MCP Server - WARNING - Agent marked as inactive: app_agent (instance: app_agent_1765871026)
2025-12-16 15:59:39,097 - MCP Server - WARNING - Agent marked as inactive: monitor_agent (instance: monitor_agent_1765871027)
2025-12-16 15:59:39,097 - MCP Server - WARNING - Agent marked as inactive: media_agent (instance: media_agent_1765871028)
2025-12-16 15:59:39,651 - MCP Server - WARNING - Agent marked as inactive: file_agent (instance: file_agent_1765871859)
2025-12-16 15:59:39,651 - MCP Server - WARNING - Agent marked as inactive: settings_agent (instance: settings_agent_1765871860)
2025-12-16 15:59:39,651 - MCP Server - WARNING - Agent marked as inactive: network_agent (instance: network_agent_1765871861)
2025-12-16 15:59:39,652 - MCP Server - WARNING - Agent marked as inactive: app_agent (instance: app_agent_1765871862)
2025-12-16 15:59:39,652 - MCP Server - WARNING - Agent marked as inactive: monitor_agent (instance: monitor_agent_1765871863)
2025-12-16 15:59:39,652 - MCP Server - WARNING - Agent marked as inactive: media_agent (instance: media_agent_1765871864)
2025-12-16 15:59:42,099 - MCP Server - WARNING - Agent marked as inactive: file_agent (instance: file_agent_1765871023)
2025-12-16 15:59:42,099 - MCP Server - WARNING - Agent marked as inactive: settings_agent (instance: settings_agent_1765871024)
2025-12-16 15:59:42,099 - MCP Server - WARNING - Agent marked as inactive: network_agent (instance: network_agent_1765871025)
2025-12-16 15:59:42,099 - MCP Server - WARNING - Agent marked as inactive: app_agent (instance: app_agent_1765871026)
2025-12-16 15:59:42,100 - MCP Server - WARNING - Agent marked as inactive: monitor_agent (instance: monitor_agent_1765871027)
2025-12-16 15:59:42,100 - MCP Server - WARNING - Agent marked as inactive: media_agent (instance: media_agent_1765871028)
2025-12-16 15:59:42,655 - MCP Server - WARNING - Agent marked as inactive: file_agent (instance: file_agent_1765871859)
2025-12-16 15:59:42,655 - MCP Server - WARNING - Agent marked as inactive: settings_agent (instance: settings_agent_1765871860)
2025-12-16 15:59:42,655 - MCP Server - WARNING - Agent marked as inactive: network_agent (instance: network_agent_1765871861)
2025-12-16 15:59:42,656 - MCP Server - WARNING - Agent marked as inactive: app_agent (instance: app_agent_1765871862)
2025-12-16 15:59:42,656 - MCP Server - WARNING - Agent marked as inactive: monitor_agent (instance: monitor_agent_1765871863)
2025-12-16 15:59:42,656 - MCP Server - WARNING - Agent marked as inactive: media_agent (instance: media_agent_1765871864)
2025-12-16 15:59:45,103 - MCP Server - WARNING - Agent marked as inactive: file_agent (instance: file_agent_1765871023)
2025-12-16 15:59:45,103 - MCP Server - WARNING - Agent marked as inactive: settings_agent (instance: settings_agent_1765871024)
2025-12-16 15:59:45,103 - MCP Server - WARNING - Agent marked as inactive: network_agent (instance: network_agent_1765871025)
2025-12-16 15:59:45,103 - MCP Server - WARNING - Agent marked as inactive: app_agent (instance: app_agent_1765871026)
2025-12-16 15:59:45,103 - MCP Server - WARNING - Agent marked as inactive: monitor_agent (instance: monitor_agent_1765871027)
2025-12-16 15:59:45,103 - MCP Server - WARNING - Agent marked as inactive: media_agent (instance: media_agent_1765871028)
2025-12-16 15:59:45,659 - MCP Server - WARNING - Agent marked as inactive: file_agent (instance: file_agent_1765871859)
2025-12-16 15:59:45,659 - MCP Server - WARNING - Agent marked as inactive: settings_agent (instance: settings_agent_1765871860)
2025-12-16 15:59:45,659 - MCP Server - WARNING - Agent marked as inactive: network_agent (instance: network_agent_1765871861)
2025-12-16 15:59:45,659 - MCP Server - WARNING - Agent marked as inactive: app_agent (instance: app_agent_1765871862)
2025-12-16 15:59:45,660 - MCP Server - WARNING - Agent marked as inactive: monitor_agent (instance: monitor_agent_1765871863)
2025-12-16 15:59:45,660 - MCP Server - WARNING - Agent marked as inactive: media_agent (instance: media_agent_1765871864)
2025-12-16 15:59:48,106 - MCP Server - WARNING - Agent marked as inactive: file_agent (instance: file_agent_1765871023)
2025-12-16 15:59:48,107 - MCP Server - WARNING - Agent marked as inactive: settings_agent (instance: settings_agent_1765871024)
2025-12-16 15:59:48,107 - MCP Server - WARNING - Agent marked as inactive: network_agent (instance: network_agent_1765871025)
2025-12-16 15:59:48,107 - MCP Server - WARNING - Agent marked as inactive: app_agent (instance: app_agent_1765871026)
2025-12-16 15:59:48,107 - MCP Server - WARNING - Agent marked as inactive: monitor_agent (instance: monitor_agent_1765871027)
2025-12-16 15:59:48,107 - MCP Server - WARNING - Agent marked as inactive: media_agent (instance: media_agent_1765871028)
2025-12-16 15:59:48,663 - MCP Server - WARNING - Agent marked as inactive: file_agent (instance: file_agent_1765871859)
2025-12-16 15:59:48,663 - MCP Server - WARNING - Agent marked as inactive: settings_agent (instance: settings_agent_1765871860)
2025-12-16 15:59:48,663 - MCP Server - WARNING - Agent marked as inactive: network_agent (instance: network_agent_1765871861)
2025-12-16 15:59:48,663 - MCP Server - WARNING - Agent marked as inactive: app_agent (instance: app_agent_1765871862)
2025-12-16 15:59:48,664 - MCP Server - WARNING - Agent marked as inactive: monitor_agent (instance: monitor_agent_1765871863)
2025-12-16 15:59:48,664 - MCP Server - WARNING - Agent marked as inactive: media_agent (instance: media_agent_1765871864)
2025-12-16 15:59:51,110 - MCP Server - WARNING - Agent marked as inactive: file_agent (instance: file_agent_1765871023)
2025-12-16 15:59:51,110 - MCP Server - WARNING - Agent marked as inactive: settings_agent (instance: settings_agent_1765871024)
2025-12-16 15:59:51,110 - MCP Server - WARNING - Agent marked as inactive: network_agent (instance: network_agent_1765871025)
2025-12-16 15:59:51,110 - MCP Server - WARNING - Agent marked as inactive: app_agent (instance: app_agent_1765871026)
2025-12-16 15:59:51,111 - MCP Server - WARNING - Agent marked as inactive: monitor_agent (instance: monitor_agent_1765871027)
2025-12-16 15:59:51,111 - MCP Server - WARNING - Agent marked as inactive: media_agent (instance: media_agent_1765871028)
2025-12-16 15:59:51,667 - MCP Server - WARNING - Agent marked as inactive: file_agent (instance: file_agent_1765871859)
2025-12-16 15:59:51,667 - MCP Server - WARNING - Agent marked as inactive: settings_agent (instance: settings_agent_1765871860)
2025-12-16 15:59:51,667 - MCP Server - WARNING - Agent marked as inactive: network_agent (instance: network_agent_1765871861)
2025-12-16 15:59:51,667 - MCP Server - WARNING - Agent marked as inactive: app_agent (instance: app_agent_1765871862)
2025-12-16 15:59:51,667 - MCP Server - WARNING - Agent marked as inactive: monitor_agent (instance: monitor_agent_1765871863)
2025-12-16 15:59:51,668 - MCP Server - WARNING - Agent marked as inactive: media_agent (instance: media_agent_1765871864)
2025-12-16 15:59:54,114 - MCP Server - WARNING - Agent marked as inactive: file_agent (instance: file_agent_1765871023)
2025-12-16 15:59:54,114 - MCP Server - WARNING - Agent marked as inactive: settings_agent (instance: settings_agent_1765871024)
2025-12-16 15:59:54,114 - MCP Server - WARNING - Agent marked as inactive: network_agent (instance: network_agent_1765871025)
2025-12-16 15:59:54,114 - MCP Server - WARNING - Agent marked as inactive: app_agent (instance: app_agent_1765871026)
2025-12-16 15:59:54,114 - MCP Server - WARNING - Agent marked as inactive: monitor_agent (instance: monitor_agent_1765871027)
2025-12-16 15:59:54,115 - MCP Server - WARNING - Agent marked as inactive: media_agent (instance: media_agent_1765871028)
2025-12-16 15:59:54,671 - MCP Server - WARNING - Agent marked as inactive: file_agent (instance: file_agent_1765871859)
2025-12-16 15:59:54,671 - MCP Server - WARNING - Agent marked as inactive: settings_agent (instance: settings_agent_1765871860)
2025-12-16 15:59:54,671 - MCP Server - WARNING - Agent marked as inactive: network_agent (instance: network_agent_1765871861)
2025-12-16 15:59:54,671 - MCP Server - WARNING - Agent marked as inactive: app_agent (instance: app_agent_1765871862)
2025-12-16 15:59:54,671 - MCP Server - WARNING - Agent marked as inactive: monitor_agent (instance: monitor_agent_1765871863)
2025-12-16 15:59:54,672 - MCP Server - WARNING - Agent marked as inactive: media_agent (instance: media_agent_1765871864)
2025-12-16 15:59:57,118 - MCP Server - WARNING - Agent marked as inactive: file_agent (instance: file_agent_1765871023)
2025-12-16 15:59:57,118 - MCP Server - WARNING - Agent marked as inactive: settings_agent (instance: settings_agent_1765871024)
2025-12-16 15:59:57,118 - MCP Server - WARNING - Agent marked as inactive: network_agent (instance: network_agent_1765871025)
2025-12-16 15:59:57,118 - MCP Server - WARNING - Agent marked as inactive: app_agent (instance: app_agent_1765871026)
2025-12-16 15:59:57,118 - MCP Server - WARNING - Agent marked as inactive: monitor_agent (instance: monitor_agent_1765871027)
2025-12-16 15:59:57,118 - MCP Server - WARNING - Agent marked as inactive: media_agent (instance: media_agent_1765871028)
2025-12-16 15:59:57,675 - MCP Server - WARNING - Agent marked as inactive: file_agent (instance: file_agent_1765871859)
2025-12-16 15:59:57,675 - MCP Server - WARNING - Agent marked as inactive: settings_agent (instance: settings_agent_1765871860)
2025-12-16 15:59:57,675 - MCP Server - WARNING - Agent marked as inactive: network_agent (instance: network_agent_1765871861)
2025-12-16 15:59:57,675 - MCP Server - WARNING - Agent marked as inactive: app_agent (instance: app_agent_1765871862)
2025-12-16 15:59:57,675 - MCP Server - WARNING - Agent marked as inactive: monitor_agent (instance: monitor_agent_1765871863)
2025-12-16 15:59:57,675 - MCP Server - WARNING - Agent marked as inactive: media_agent (instance: media_agent_1765871864)
2025-12-16 16:00:00,122 - MCP Server - WARNING - Agent marked as inactive: file_agent (instance: file_agent_1765871023)
2025-12-16 16:00:00,122 - MCP Server - WARNING - Agent marked as inactive: settings_agent (instance: settings_agent_1765871024)
2025-12-16 16:00:00,122 - MCP Server - WARNING - Agent marked as inactive: network_agent (instance: network_agent_1765871025)
2025-12-16 16:00:00,122 - MCP Server - WARNING - Agent marked as inactive: app_agent (instance: app_agent_1765871026)
2025-12-16 16:00:00,122 - MCP Server - WARNING - Agent marked as inactive: monitor_agent (instance: monitor_agent_1765871027)
2025-12-16 16:00:00,122 - MCP Server - WARNING - Agent marked as inactive: media_agent (instance: media_agent_1765871028)
2025-12-16 16:00:00,679 - MCP Server - WARNING - Agent marked as inactive: file_agent (instance: file_agent_1765871859)
2025-12-16 16:00:00,679 - MCP Server - WARNING - Agent marked as inactive: settings_agent (instance: settings_agent_1765871860)
2025-12-16 16:00:00,679 - MCP Server - WARNING - Agent marked as inactive: network_agent (instance: network_agent_1765871861)
2025-12-16 16:00:00,679 - MCP Server - WARNING - Agent marked as inactive: app_agent (instance: app_agent_1765871862)
2025-12-16 16:00:00,679 - MCP Server - WARNING - Agent marked as inactive: monitor_agent (instance: monitor_agent_1765871863)
2025-12-16 16:00:00,680 - MCP Server - WARNING - Agent marked as inactive: media_agent (instance: media_agent_1765871864)
2025-12-16 16:00:03,125 - MCP Server - WARNING - Agent marked as inactive: file_agent (instance: file_agent_1765871023)
2025-12-16 16:00:03,126 - MCP Server - WARNING - Agent marked as inactive: settings_agent (instance: settings_agent_1765871024)
2025-12-16 16:00:03,126 - MCP Server - WARNING - Agent marked as inactive: network_agent (instance: network_agent_1765871025)
2025-12-16 16:00:03,126 - MCP Server - WARNING - Agent marked as inactive: app_agent (instance: app_agent_1765871026)
2025-12-16 16:00:03,126 - MCP Server - WARNING - Agent marked as inactive: monitor_agent (instance: monitor_agent_1765871027)
2025-12-16 16:00:03,126 - MCP Server - WARNING - Agent marked as inactive: media_agent (instance: media_agent_1765871028)
2025-12-16 16:00:03,683 - MCP Server - WARNING - Agent marked as inactive: file_agent (instance: file_agent_1765871859)
2025-12-16 16:00:03,683 - MCP Server - WARNING - Agent marked as inactive: settings_agent (instance: settings_agent_1765871860)
2025-12-16 16:00:03,683 - MCP Server - WARNING - Agent marked as inactive: network_agent (instance: network_agent_1765871861)
2025-12-16 16:00:03,683 - MCP Server - WARNING - Agent marked as inactive: app_agent (instance: app_agent_1765871862)
2025-12-16 16:00:03,683 - MCP Server - WARNING - Agent marked as inactive: monitor_agent (instance: monitor_agent_1765871863)
2025-12-16 16:00:03,683 - MCP Server - WARNING - Agent marked as inactive: media_agent (instance: media_agent_1765871864)
2025-12-16 16:00:06,129 - MCP Server - WARNING - Agent marked as inactive: file_agent (instance: file_agent_1765871023)
2025-12-16 16:00:06,130 - MCP Server - WARNING - Agent marked as inactive: settings_agent (instance: settings_agent_1765871024)
2025-12-16 16:00:06,130 - MCP Server - WARNING - Agent marked as inactive: network_agent (instance: network_agent_1765871025)
2025-12-16 16:00:06,130 - MCP Server - WARNING - Agent marked as inactive: app_agent (instance: app_agent_1765871026)
2025-12-16 16:00:06,130 - MCP Server - WARNING - Agent marked as inactive: monitor_agent (instance: monitor_agent_1765871027)
2025-12-16 16:00:06,130 - MCP Server - WARNING - Agent marked as inactive: media_agent (instance: media_agent_1765871028)
2025-12-16 16:00:06,686 - MCP Server - WARNING - Agent marked as inactive: file_agent (instance: file_agent_1765871859)
2025-12-16 16:00:06,686 - MCP Server - WARNING - Agent marked as inactive: settings_agent (instance: settings_agent_1765871860)
2025-12-16 16:00:06,686 - MCP Server - WARNING - Agent marked as inactive: network_agent (instance: network_agent_1765871861)
2025-12-16 16:00:06,686 - MCP Server - WARNING - Agent marked as inactive: app_agent (instance: app_agent_1765871862)
2025-12-16 16:00:06,687 - MCP Server - WARNING - Agent marked as inactive: monitor_agent (instance: monitor_agent_1765871863)
2025-12-16 16:00:06,687 - MCP Server - WARNING - Agent marked as inactive: media_agent (instance: media_agent_1765871864)
2025-12-16 16:00:09,690 - MCP Server - WARNING - Agent marked as inactive: file_agent (instance: file_agent_1765871859)
2025-12-16 16:00:09,690 - MCP Server - WARNING - Agent marked as inactive: settings_agent (instance: settings_agent_1765871860)
2025-12-16 16:00:09,690 - MCP Server - WARNING - Agent marked as inactive: network_agent (instance: network_agent_1765871861)
2025-12-16 16:00:09,690 - MCP Server - WARNING - Agent marked as inactive: app_agent (instance: app_agent_1765871862)
2025-12-16 16:00:09,691 - MCP Server - WARNING - Agent marked as inactive: monitor_agent (instance: monitor_agent_1765871863)
2025-12-16 16:00:09,691 - MCP Server - WARNING - Agent marked as inactive: media_agent (instance: media_agent_1765871864)
2025-12-16 16:00:12,694 - MCP Server - WARNING - Agent marked as inactive: file_agent (instance: file_agent_1765871859)
2025-12-16 16:00:12,694 - MCP Server - WARNING - Agent marked as inactive: settings_agent (instance: settings_agent_1765871860)
2025-12-16 16:00:12,694 - MCP Server - WARNING - Agent marked as inactive: network_agent (instance: network_agent_1765871861)
2025-12-16 16:00:12,694 - MCP Server - WARNING - Agent marked as inactive: app_agent (instance: app_agent_1765871862)
2025-12-16 16:00:12,694 - MCP Server - WARNING - Agent marked as inactive: monitor_agent (instance: monitor_agent_1765871863)
2025-12-16 16:00:12,695 - MCP Server - WARNING - Agent marked as inactive: media_agent (instance: media_agent_1765871864)
2025-12-16 16:00:15,698 - MCP Server - WARNING - Agent marked as inactive: file_agent (instance: file_agent_1765871859)
2025-12-16 16:00:15,698 - MCP Server - WARNING - Agent marked as inactive: settings_agent (instance: settings_agent_1765871860)
2025-12-16 16:00:15,698 - MCP Server - WARNING - Agent marked as inactive: network_agent (instance: network_agent_1765871861)
2025-12-16 16:00:15,698 - MCP Server - WARNING - Agent marked as inactive: app_agent (instance: app_agent_1765871862)
2025-12-16 16:00:15,698 - MCP Server - WARNING - Agent marked as inactive: monitor_agent (instance: monitor_agent_1765871863)
2025-12-16 16:00:15,698 - MCP Server - WARNING - Agent marked as inactive: media_agent (instance: media_agent_1765871864)
2025-12-16 16:00:18,701 - MCP Server - WARNING - Agent marked as inactive: file_agent (instance: file_agent_1765871859)
2025-12-16 16:00:18,702 - MCP Server - WARNING - Agent marked as inactive: settings_agent (instance: settings_agent_1765871860)
2025-12-16 16:00:18,702 - MCP Server - WARNING - Agent marked as inactive: network_agent (instance: network_agent_1765871861)
2025-12-16 16:00:18,702 - MCP Server - WARNING - Agent marked as inactive: app_agent (instance: app_agent_1765871862)
2025-12-16 16:00:18,702 - MCP Server - WARNING - Agent marked as inactive: monitor_agent (instance: monitor_agent_1765871863)
2025-12-16 16:00:18,702 - MCP Server - WARNING - Agent marked as inactive: media_agent (instance: media_agent_1765871864)
2025-12-16 16:00:21,705 - MCP Server - WARNING - Agent marked as inactive: file_agent (instance: file_agent_1765871859)
2025-12-16 16:00:21,706 - MCP Server - WARNING - Agent marked as inactive: settings_agent (instance: settings_agent_1765871860)
2025-12-16 16:00:21,706 - MCP Server - WARNING - Agent marked as inactive: network_agent (instance: network_agent_1765871861)
2025-12-16 16:00:21,706 - MCP Server - WARNING - Agent marked as inactive: app_agent (instance: app_agent_1765871862)
2025-12-16 16:00:21,706 - MCP Server - WARNING - Agent marked as inactive: monitor_agent (instance: monitor_agent_1765871863)
2025-12-16 16:00:21,706 - MCP Server - WARNING - Agent marked as inactive: media_agent (instance: media_agent_1765871864)
2025-12-16 16:00:24,709 - MCP Server - WARNING - Agent marked as inactive: file_agent (instance: file_agent_1765871859)
2025-12-16 16:00:24,710 - MCP Server - WARNING - Agent marked as inactive: settings_agent (instance: settings_agent_1765871860)
2025-12-16 16:00:24,710 - MCP Server - WARNING - Agent marked as inactive: network_agent (instance: network_agent_1765871861)
2025-12-16 16:00:24,710 - MCP Server - WARNING - Agent marked as inactive: app_agent (instance: app_agent_1765871862)
2025-12-16 16:00:24,710 - MCP Server - WARNING - Agent marked as inactive: monitor_agent (instance: monitor_agent_1765871863)
2025-12-16 16:00:24,710 - MCP Server - WARNING - Agent marked as inactive: media_agent (instance: media_agent_1765871864)
2025-12-16 16:00:27,713 - MCP Server - WARNING - Agent marked as inactive: file_agent (instance: file_agent_1765871859)
2025-12-16 16:00:27,714 - MCP Server - WARNING - Agent marked as inactive: settings_agent (instance: settings_agent_1765871860)
2025-12-16 16:00:27,714 - MCP Server - WARNING - Agent marked as inactive: network_agent (instance: network_agent_1765871861)
2025-12-16 16:00:27,714 - MCP Server - WARNING - Agent marked as inactive: app_agent (instance: app_agent_1765871862)
2025-12-16 16:00:27,714 - MCP Server - WARNING - Agent marked as inactive: monitor_agent (instance: monitor_agent_1765871863)
2025-12-16 16:00:27,714 - MCP Server - WARNING - Agent marked as inactive: media_agent (instance: media_agent_1765871864)
2025-12-16 16:00:30,717 - MCP Server - WARNING - Agent marked as inactive: file_agent (instance: file_agent_1765871859)
2025-12-16 16:00:30,717 - MCP Server - WARNING - Agent marked as inactive: settings_agent (instance: settings_agent_1765871860)
2025-12-16 16:00:30,717 - MCP Server - WARNING - Agent marked as inactive: network_agent (instance: network_agent_1765871861)
2025-12-16 16:00:30,717 - MCP Server - WARNING - Agent marked as inactive: app_agent (instance: app_agent_1765871862)
2025-12-16 16:00:30,718 - MCP Server - WARNING - Agent marked as inactive: monitor_agent (instance: monitor_agent_1765871863)
2025-12-16 16:00:30,718 - MCP Server - WARNING - Agent marked as inactive: media_agent (instance: media_agent_1765871864)
2025-12-16 16:00:33,721 - MCP Server - WARNING - Agent marked as inactive: file_agent (instance: file_agent_1765871859)
2025-12-16 16:00:33,721 - MCP Server - WARNING - Agent marked as inactive: settings_agent (instance: settings_agent_1765871860)
2025-12-16 16:00:33,721 - MCP Server - WARNING - Agent marked as inactive: network_agent (instance: network_agent_1765871861)
2025-12-16 16:00:33,721 - MCP Server - WARNING - Agent marked as inactive: app_agent (instance: app_agent_1765871862)
2025-12-16 16:00:33,721 - MCP Server - WARNING - Agent marked as inactive: monitor_agent (instance: monitor_agent_1765871863)
2025-12-16 16:00:33,721 - MCP Server - WARNING - Agent marked as inactive: media_agent (instance: media_agent_1765871864)
2025-12-16 16:00:36,725 - MCP Server - WARNING - Agent marked as inactive: file_agent (instance: file_agent_1765871859)
2025-12-16 16:00:36,725 - MCP Server - WARNING - Agent marked as inactive: settings_agent (instance: settings_agent_1765871860)
2025-12-16 16:00:36,725 - MCP Server - WARNING - Agent marked as inactive: network_agent (instance: network_agent_1765871861)
2025-12-16 16:00:36,725 - MCP Server - WARNING - Agent marked as inactive: app_agent (instance: app_agent_1765871862)
2025-12-16 16:00:36,725 - MCP Server - WARNING - Agent marked as inactive: monitor_agent (instance: monitor_agent_1765871863)
2025-12-16 16:00:36,725 - MCP Server - WARNING - Agent marked as inactive: media_agent (instance: media_agent_1765871864)
2025-12-16 16:00:39,728 - MCP Server - WARNING - Agent marked as inactive: file_agent (instance: file_agent_1765871859)
2025-12-16 16:00:39,729 - MCP Server - WARNING - Agent marked as inactive: settings_agent (instance: settings_agent_1765871860)
2025-12-16 16:00:39,729 - MCP Server - WARNING - Agent marked as inactive: network_agent (instance: network_agent_1765871861)
2025-12-16 16:00:39,729 - MCP Server - WARNING - Agent marked as inactive: app_agent (instance: app_agent_1765871862)
2025-12-16 16:00:39,729 - MCP Server - WARNING - Agent marked as inactive: monitor_agent (instance: monitor_agent_1765871863)
2025-12-16 16:00:39,729 - MCP Server - WARNING - Agent marked as inactive: media_agent (instance: media_agent_1765871864)
2025-12-16 16:00:42,732 - MCP Server - WARNING - Agent marked as inactive: file_agent (instance: file_agent_1765871859)
2025-12-16 16:00:42,733 - MCP Server - WARNING - Agent marked as inactive: settings_agent (instance: settings_agent_1765871860)
2025-12-16 16:00:42,733 - MCP Server - WARNING - Agent marked as inactive: network_agent (instance: network_agent_1765871861)
2025-12-16 16:00:42,733 - MCP Server - WARNING - Agent marked as inactive: app_agent (instance: app_agent_1765871862)
2025-12-16 16:00:42,733 - MCP Server - WARNING - Agent marked as inactive: monitor_agent (instance: monitor_agent_1765871863)
2025-12-16 16:00:42,733 - MCP Server - WARNING - Agent marked as inactive: media_agent (instance: media_agent_1765871864)
2025-12-16 16:00:45,736 - MCP Server - WARNING - Agent marked as inactive: file_agent (instance: file_agent_1765871859)
2025-12-16 16:00:45,736 - MCP Server - WARNING - Agent marked as inactive: settings_agent (instance: settings_agent_1765871860)
2025-12-16 16:00:45,736 - MCP Server - WARNING - Agent marked as inactive: network_agent (instance: network_agent_1765871861)
2025-12-16 16:00:45,736 - MCP Server - WARNING - Agent marked as inactive: app_agent (instance: app_agent_1765871862)
2025-12-16 16:00:45,736 - MCP Server - WARNING - Agent marked as inactive: monitor_agent (instance: monitor_agent_1765871863)
2025-12-16 16:00:45,736 - MCP Server - WARNING - Agent marked as inactive: media_agent (instance: media_agent_1765871864)
2025-12-16 16:00:48,739 - MCP Server - WARNING - Agent marked as inactive: file_agent (instance: file_agent_1765871859)
2025-12-16 16:00:48,739 - MCP Server - WARNING - Agent marked as inactive: settings_agent (instance: settings_agent_1765871860)
2025-12-16 16:00:48,740 - MCP Server - WARNING - Agent marked as inactive: network_agent (instance: network_agent_1765871861)
2025-12-16 16:00:48,740 - MCP Server - WARNING - Agent marked as inactive: app_agent (instance: app_agent_1765871862)
2025-12-16 16:00:48,740 - MCP Server - WARNING - Agent marked as inactive: monitor_agent (instance: monitor_agent_1765871863)
2025-12-16 16:00:48,740 - MCP Server - WARNING - Agent marked as inactive: media_agent (instance: media_agent_1765871864)
2025-12-16 16:00:51,743 - MCP Server - WARNING - Agent marked as inactive: file_agent (instance: file_agent_1765871859)
2025-12-16 16:00:51,743 - MCP Server - WARNING - Agent marked as inactive: settings_agent (instance: settings_agent_1765871860)
2025-12-16 16:00:51,743 - MCP Server - WARNING - Agent marked as inactive: network_agent (instance: network_agent_1765871861)
2025-12-16 16:00:51,744 - MCP Server - WARNING - Agent marked as inactive: app_agent (instance: app_agent_1765871862)
2025-12-16 16:00:51,744 - MCP Server - WARNING - Agent marked as inactive: monitor_agent (instance: monitor_agent_1765871863)
2025-12-16 16:00:51,744 - MCP Server - WARNING - Agent marked as inactive: media_agent (instance: media_agent_1765871864)
2025-12-16 16:00:54,747 - MCP Server - WARNING - Agent marked as inactive: file_agent (instance: file_agent_1765871859)
2025-12-16 16:00:54,747 - MCP Server - WARNING - Agent marked as inactive: settings_agent (instance: settings_agent_1765871860)
2025-12-16 16:00:54,747 - MCP Server - WARNING - Agent marked as inactive: network_agent (instance: network_agent_1765871861)
2025-12-16 16:00:54,748 - MCP Server - WARNING - Agent marked as inactive: app_agent (instance: app_agent_1765871862)
2025-12-16 16:00:54,748 - MCP Server - WARNING - Agent marked as inactive: monitor_agent (instance: monitor_agent_1765871863)
2025-12-16 16:00:54,748 - MCP Server - WARNING - Agent marked as inactive: media_agent (instance: media_agent_1765871864)
2025-12-16 16:00:57,751 - MCP Server - WARNING - Agent marked as inactive: file_agent (instance: file_agent_1765871859)
2025-12-16 16:00:57,751 - MCP Server - WARNING - Agent marked as inactive: settings_agent (instance: settings_agent_1765871860)
2025-12-16 16:00:57,751 - MCP Server - WARNING - Agent marked as inactive: network_agent (instance: network_agent_1765871861)
2025-12-16 16:00:57,751 - MCP Server - WARNING - Agent marked as inactive: app_agent (instance: app_agent_1765871862)
2025-12-16 16:00:57,752 - MCP Server - WARNING - Agent marked as inactive: monitor_agent (instance: monitor_agent_1765871863)
2025-12-16 16:00:57,752 - MCP Server - WARNING - Agent marked as inactive: media_agent (instance: media_agent_1765871864)
2025-12-16 16:01:00,755 - MCP Server - WARNING - Agent marked as inactive: file_agent (instance: file_agent_1765871859)
2025-12-16 16:01:00,755 - MCP Server - WARNING - Agent marked as inactive: settings_agent (instance: settings_agent_1765871860)
2025-12-16 16:01:00,755 - MCP Server - WARNING - Agent marked as inactive: network_agent (instance: network_agent_1765871861)
2025-12-16 16:01:00,755 - MCP Server - WARNING - Agent marked as inactive: app_agent (instance: app_agent_1765871862)
2025-12-16 16:01:00,755 - MCP Server - WARNING - Agent marked as inactive: monitor_agent (instance: monitor_agent_1765871863)
2025-12-16 16:01:00,756 - MCP Server - WARNING - Agent marked as inactive: media_agent (instance: media_agent_1765871864)
2025-12-16 16:01:02,618 - MCP Server - WARNING - 协作日志模块未找到，日志记录功能不可用
2025-12-16 16:01:02,619 - MCP Server - INFO - MCP Server initialized and registered on DBus
2025-12-16 16:01:02,619 - MCP Server - INFO - Tool added: echo
2025-12-16 16:01:02,620 - MCP Server - INFO - Heartbeat monitor started (3s interval)
2025-12-16 16:01:02,620 - MCP Server - INFO - ============================================================
2025-12-16 16:01:02,620 - MCP Server - INFO - MCP Server started successfully
2025-12-16 16:01:02,620 - MCP Server - INFO - ============================================================
2025-12-16 16:01:02,620 - MCP Server - INFO - Service name: com.kylin.mcp.MasterAgent
2025-12-16 16:01:02,620 - MCP Server - INFO - Object path: /com/kylin/mcp/MasterAgent
2025-12-16 16:01:02,620 - MCP Server - INFO - Interface name: com.kylin.mcp.MasterAgent
2025-12-16 16:01:02,620 - MCP Server - INFO - 
2025-12-16 16:01:02,620 - MCP Server - INFO - 等待子智能体注册...
2025-12-16 16:01:02,620 - MCP Server - INFO - ============================================================
2025-12-16 16:01:05,649 - MCP Server - INFO - Child agent registered: file_agent (instance: file_agent_1765872065)
2025-12-16 16:01:05,649 - MCP Server - INFO -   Tools: ['file_agent.search_file', 'file_agent.move_to_trash', 'file_agent.batch_rename']
2025-12-16 16:01:06,651 - MCP Server - INFO - Child agent registered: settings_agent (instance: settings_agent_1765872066)
2025-12-16 16:01:06,651 - MCP Server - INFO -   Tools: ['settings_agent.change_wallpaper', 'settings_agent.adjust_volume', 'settings_agent.bluetooth_manage']
2025-12-16 16:01:07,653 - MCP Server - INFO - Child agent registered: network_agent (instance: network_agent_1765872067)
2025-12-16 16:01:07,654 - MCP Server - INFO -   Tools: ['network_agent.list_wifi', 'network_agent.connect_wifi', 'network_agent.disconnect_wifi', 'network_agent.get_wifi_status', 'network_agent.set_proxy', 'network_agent.clear_proxy', 'network_agent.get_proxy_status', 'network_agent.speed_test', 'network_agent.get_network_status']
2025-12-16 16:01:08,665 - MCP Server - INFO - Child agent registered: app_agent (instance: app_agent_1765872068)
2025-12-16 16:01:08,665 - MCP Server - INFO -   Tools: ['app_agent.find_app', 'app_agent.launch_app', 'app_agent.close_app', 'app_agent.list_running_apps', 'app_agent.is_app_running', 'app_agent.app_quick_operation']
2025-12-16 16:01:09,666 - MCP Server - INFO - Child agent registered: monitor_agent (instance: monitor_agent_1765872069)
2025-12-16 16:01:09,667 - MCP Server - INFO -   Tools: ['monitor_agent.get_system_status', 'monitor_agent.clean_background_process', 'monitor_agent.monitor_agent_status']
2025-12-16 16:01:10,664 - MCP Server - INFO - Child agent registered: media_agent (instance: media_agent_1765872070)
2025-12-16 16:01:10,664 - MCP Server - INFO -   Tools: ['media_agent.play_media', 'media_agent.media_control', 'media_agent.capture_media_frame']
2025-12-16 16:01:32,625 - MCP Server - INFO - 📡 广播状态: file_agent (file_agent_1765872065) -> busy
2025-12-16 16:01:32,625 - MCP Server - INFO - 📡 广播状态: settings_agent (settings_agent_1765872066) -> busy
2025-12-16 16:01:32,625 - MCP Server - INFO - 📡 广播状态: network_agent (network_agent_1765872067) -> busy
2025-12-16 16:01:32,626 - MCP Server - INFO - 📡 广播状态: app_agent (app_agent_1765872068) -> busy
2025-12-16 16:01:32,626 - MCP Server - INFO - 📡 广播状态: monitor_agent (monitor_agent_1765872069) -> busy
2025-12-16 16:01:32,626 - MCP Server - INFO - 📡 广播状态: media_agent (media_agent_1765872070) -> busy
2025-12-16 16:02:32,683 - MCP Server - INFO - 📡 广播状态: file_agent (file_agent_1765872065) -> offline
2025-12-16 16:02:32,683 - MCP Server - INFO - 📡 广播状态: settings_agent (settings_agent_1765872066) -> offline
2025-12-16 16:02:32,683 - MCP Server - INFO - 📡 广播状态: network_agent (network_agent_1765872067) -> offline
2025-12-16 16:02:32,684 - MCP Server - INFO - 📡 广播状态: app_agent (app_agent_1765872068) -> offline
2025-12-16 16:02:32,684 - MCP Server - INFO - 📡 广播状态: monitor_agent (monitor_agent_1765872069) -> offline
2025-12-16 16:02:32,684 - MCP Server - INFO - 📡 广播状态: media_agent (media_agent_1765872070) -> offline
2025-12-16 16:03:30,403 - MCP Server - WARNING - 协作日志模块未找到，日志记录功能不可用
2025-12-16 16:03:30,404 - MCP Server - INFO - MCP Server initialized and registered on DBus
2025-12-16 16:03:30,404 - MCP Server - INFO - Tool added: echo
2025-12-16 16:03:30,405 - MCP Server - INFO - Heartbeat monitor started (3s interval)
2025-12-16 16:03:30,405 - MCP Server - INFO - ============================================================
2025-12-16 16:03:30,405 - MCP Server - INFO - MCP Server started successfully
2025-12-16 16:03:30,405 - MCP Server - INFO - ============================================================
2025-12-16 16:03:30,405 - MCP Server - INFO - Service name: com.kylin.mcp.MasterAgent
2025-12-16 16:03:30,405 - MCP Server - INFO - Object path: /com/kylin/mcp/MasterAgent
2025-12-16 16:03:30,405 - MCP Server - INFO - Interface name: com.kylin.mcp.MasterAgent
2025-12-16 16:03:30,405 - MCP Server - INFO - 
2025-12-16 16:03:30,405 - MCP Server - INFO - 等待子智能体注册...
2025-12-16 16:03:30,405 - MCP Server - INFO - ============================================================
2025-12-16 16:03:33,435 - MCP Server - INFO - Child agent registered: file_agent (instance: file_agent_1765872213)
2025-12-16 16:03:33,435 - MCP Server - INFO -   Tools: ['file_agent.search_file', 'file_agent.move_to_trash', 'file_agent.batch_rename']
2025-12-16 16:03:34,431 - MCP Server - INFO - Child agent registered: settings_agent (instance: settings_agent_1765872214)
2025-12-16 16:03:34,431 - MCP Server - INFO -   Tools: ['settings_agent.change_wallpaper', 'settings_agent.adjust_volume', 'settings_agent.bluetooth_manage']
2025-12-16 16:03:35,436 - MCP Server - INFO - Child agent registered: network_agent (instance: network_agent_1765872215)
2025-12-16 16:03:35,436 - MCP Server - INFO -   Tools: ['network_agent.list_wifi', 'network_agent.connect_wifi', 'network_agent.disconnect_wifi', 'network_agent.get_wifi_status', 'network_agent.set_proxy', 'network_agent.clear_proxy', 'network_agent.get_proxy_status', 'network_agent.speed_test', 'network_agent.get_network_status']
2025-12-16 16:03:36,448 - MCP Server - INFO - Child agent registered: app_agent (instance: app_agent_1765872216)
2025-12-16 16:03:36,448 - MCP Server - INFO -   Tools: ['app_agent.find_app', 'app_agent.launch_app', 'app_agent.close_app', 'app_agent.list_running_apps', 'app_agent.is_app_running', 'app_agent.app_quick_operation']
2025-12-16 16:03:37,449 - MCP Server - INFO - Child agent registered: monitor_agent (instance: monitor_agent_1765872217)
2025-12-16 16:03:37,450 - MCP Server - INFO -   Tools: ['monitor_agent.get_system_status', 'monitor_agent.clean_background_process', 'monitor_agent.monitor_agent_status']
2025-12-16 16:03:38,446 - MCP Server - INFO - Child agent registered: media_agent (instance: media_agent_1765872218)
2025-12-16 16:03:38,447 - MCP Server - INFO -   Tools: ['media_agent.play_media', 'media_agent.media_control', 'media_agent.capture_media_frame']
2025-12-16 16:04:00,434 - MCP Server - INFO - 📡 广播状态: file_agent (file_agent_1765872213) -> busy
2025-12-16 16:04:00,434 - MCP Server - INFO - 📡 广播状态: settings_agent (settings_agent_1765872214) -> busy
2025-12-16 16:04:00,434 - MCP Server - INFO - 📡 广播状态: network_agent (network_agent_1765872215) -> busy
2025-12-16 16:04:00,435 - MCP Server - INFO - 📡 广播状态: app_agent (app_agent_1765872216) -> busy
2025-12-16 16:04:00,435 - MCP Server - INFO - 📡 广播状态: monitor_agent (monitor_agent_1765872217) -> busy
2025-12-16 16:04:00,435 - MCP Server - INFO - 📡 广播状态: media_agent (media_agent_1765872218) -> busy
2025-12-16 16:05:00,486 - MCP Server - INFO - 📡 广播状态: file_agent (file_agent_1765872213) -> offline
2025-12-16 16:05:00,486 - MCP Server - INFO - 📡 广播状态: settings_agent (settings_agent_1765872214) -> offline
2025-12-16 16:05:00,486 - MCP Server - INFO - 📡 广播状态: network_agent (network_agent_1765872215) -> offline
2025-12-16 16:05:00,486 - MCP Server - INFO - 📡 广播状态: app_agent (app_agent_1765872216) -> offline
2025-12-16 16:05:00,486 - MCP Server - INFO - 📡 广播状态: monitor_agent (monitor_agent_1765872217) -> offline
2025-12-16 16:05:00,486 - MCP Server - INFO - 📡 广播状态: media_agent (media_agent_1765872218) -> offline
2025-12-16 16:07:21,437 - MCP Server - WARNING - 协作日志模块未找到，日志记录功能不可用
2025-12-16 16:07:21,448 - MCP Server - INFO - MCP Server initialized and registered on DBus
2025-12-16 16:07:21,449 - MCP Server - INFO - Tool added: echo
2025-12-16 16:07:21,453 - MCP Server - INFO - Heartbeat monitor started (3s interval)
2025-12-16 16:07:21,453 - MCP Server - INFO - ============================================================
2025-12-16 16:07:21,453 - MCP Server - INFO - MCP Server started successfully
2025-12-16 16:07:21,454 - MCP Server - INFO - ============================================================
2025-12-16 16:07:21,454 - MCP Server - INFO - Service name: com.kylin.mcp.MasterAgent
2025-12-16 16:07:21,454 - MCP Server - INFO - Object path: /com/kylin/mcp/MasterAgent
2025-12-16 16:07:21,454 - MCP Server - INFO - Interface name: com.kylin.mcp.MasterAgent
2025-12-16 16:07:21,454 - MCP Server - INFO - 
2025-12-16 16:07:21,454 - MCP Server - INFO - 等待子智能体注册...
2025-12-16 16:07:21,454 - MCP Server - INFO - ============================================================
2025-12-16 16:07:24,444 - MCP Server - INFO - Child agent registered: file_agent (instance: file_agent_1765872444)
2025-12-16 16:07:24,446 - MCP Server - INFO -   Tools: ['file_agent.search_file', 'file_agent.move_to_trash', 'file_agent.batch_rename']
2025-12-16 16:07:25,442 - MCP Server - INFO - Child agent registered: settings_agent (instance: settings_agent_1765872445)
2025-12-16 16:07:25,444 - MCP Server - INFO -   Tools: ['settings_agent.change_wallpaper', 'settings_agent.adjust_volume', 'settings_agent.bluetooth_manage']
2025-12-16 16:07:26,470 - MCP Server - INFO - Child agent registered: network_agent (instance: network_agent_1765872446)
2025-12-16 16:07:26,472 - MCP Server - INFO -   Tools: ['network_agent.list_wifi', 'network_agent.connect_wifi', 'network_agent.disconnect_wifi', 'network_agent.get_wifi_status', 'network_agent.set_proxy', 'network_agent.clear_proxy', 'network_agent.get_proxy_status', 'network_agent.speed_test', 'network_agent.get_network_status']
2025-12-16 16:07:27,625 - MCP Server - INFO - Child agent registered: app_agent (instance: app_agent_1765872447)
2025-12-16 16:07:27,627 - MCP Server - INFO -   Tools: ['app_agent.find_app', 'app_agent.launch_app', 'app_agent.close_app', 'app_agent.list_running_apps', 'app_agent.is_app_running', 'app_agent.app_quick_operation']
2025-12-16 16:07:28,578 - MCP Server - INFO - Child agent registered: monitor_agent (instance: monitor_agent_1765872448)
2025-12-16 16:07:28,579 - MCP Server - INFO -   Tools: ['monitor_agent.get_system_status', 'monitor_agent.clean_background_process', 'monitor_agent.monitor_agent_status']
2025-12-16 16:07:29,511 - MCP Server - INFO - Child agent registered: media_agent (instance: media_agent_1765872449)
2025-12-16 16:07:29,512 - MCP Server - INFO -   Tools: ['media_agent.play_media', 'media_agent.media_control', 'media_agent.capture_media_frame']
2025-12-16 16:07:51,484 - MCP Server - INFO - 📡 广播状态: file_agent (file_agent_1765872444) -> busy
2025-12-16 16:07:51,486 - MCP Server - INFO - 📡 广播状态: settings_agent (settings_agent_1765872445) -> busy
2025-12-16 16:07:51,487 - MCP Server - INFO - 📡 广播状态: network_agent (network_agent_1765872446) -> busy
2025-12-16 16:07:51,487 - MCP Server - INFO - 📡 广播状态: app_agent (app_agent_1765872447) -> busy
2025-12-16 16:07:51,487 - MCP Server - INFO - 📡 广播状态: monitor_agent (monitor_agent_1765872448) -> busy
2025-12-16 16:07:51,487 - MCP Server - INFO - 📡 广播状态: media_agent (media_agent_1765872449) -> busy
2025-12-16 16:08:51,548 - MCP Server - INFO - 📡 广播状态: file_agent (file_agent_1765872444) -> offline
2025-12-16 16:08:51,550 - MCP Server - INFO - 📡 广播状态: settings_agent (settings_agent_1765872445) -> offline
2025-12-16 16:08:51,550 - MCP Server - INFO - 📡 广播状态: network_agent (network_agent_1765872446) -> offline
2025-12-16 16:08:51,551 - MCP Server - INFO - 📡 广播状态: app_agent (app_agent_1765872447) -> offline
2025-12-16 16:08:51,551 - MCP Server - INFO - 📡 广播状态: monitor_agent (monitor_agent_1765872448) -> offline
2025-12-16 16:08:51,551 - MCP Server - INFO - 📡 广播状态: media_agent (media_agent_1765872449) -> offline
2025-12-16 16:09:43,749 - MCP Server - WARNING - 协作日志模块未找到，日志记录功能不可用
2025-12-16 16:09:43,759 - MCP Server - INFO - MCP Server initialized and registered on DBus
2025-12-16 16:09:43,760 - MCP Server - INFO - Tool added: echo
2025-12-16 16:09:43,764 - MCP Server - INFO - Heartbeat monitor started (3s interval)
2025-12-16 16:09:43,764 - MCP Server - INFO - ============================================================
2025-12-16 16:09:43,764 - MCP Server - INFO - MCP Server started successfully
2025-12-16 16:09:43,764 - MCP Server - INFO - ============================================================
2025-12-16 16:09:43,764 - MCP Server - INFO - Service name: com.kylin.mcp.MasterAgent
2025-12-16 16:09:43,764 - MCP Server - INFO - Object path: /com/kylin/mcp/MasterAgent
2025-12-16 16:09:43,764 - MCP Server - INFO - Interface name: com.kylin.mcp.MasterAgent
2025-12-16 16:09:43,764 - MCP Server - INFO - 
2025-12-16 16:09:43,764 - MCP Server - INFO - 等待子智能体注册...
2025-12-16 16:09:43,764 - MCP Server - INFO - ============================================================
2025-12-16 16:09:46,818 - MCP Server - INFO - Child agent registered: file_agent (instance: file_agent_1765872586)
2025-12-16 16:09:46,819 - MCP Server - INFO -   Tools: ['file_agent.search_file', 'file_agent.move_to_trash', 'file_agent.batch_rename']
2025-12-16 16:09:47,809 - MCP Server - INFO - Child agent registered: settings_agent (instance: settings_agent_1765872587)
2025-12-16 16:09:47,811 - MCP Server - INFO -   Tools: ['settings_agent.change_wallpaper', 'settings_agent.adjust_volume', 'settings_agent.bluetooth_manage']
2025-12-16 16:09:48,888 - MCP Server - INFO - Child agent registered: network_agent (instance: network_agent_1765872588)
2025-12-16 16:09:48,889 - MCP Server - INFO -   Tools: ['network_agent.list_wifi', 'network_agent.connect_wifi', 'network_agent.disconnect_wifi', 'network_agent.get_wifi_status', 'network_agent.set_proxy', 'network_agent.clear_proxy', 'network_agent.get_proxy_status', 'network_agent.speed_test', 'network_agent.get_network_status']
2025-12-16 16:09:49,842 - MCP Server - INFO - Child agent registered: app_agent (instance: app_agent_1765872589)
2025-12-16 16:09:49,843 - MCP Server - INFO -   Tools: ['app_agent.find_app', 'app_agent.launch_app', 'app_agent.close_app', 'app_agent.list_running_apps', 'app_agent.is_app_running', 'app_agent.app_quick_operation']
2025-12-16 16:09:50,832 - MCP Server - INFO - Child agent registered: monitor_agent (instance: monitor_agent_1765872590)
2025-12-16 16:09:50,834 - MCP Server - INFO -   Tools: ['monitor_agent.get_system_status', 'monitor_agent.clean_background_process', 'monitor_agent.monitor_agent_status']
2025-12-16 16:09:51,952 - MCP Server - INFO - Child agent registered: media_agent (instance: media_agent_1765872591)
2025-12-16 16:09:51,953 - MCP Server - INFO -   Tools: ['media_agent.play_media', 'media_agent.media_control', 'media_agent.capture_media_frame']
2025-12-16 16:10:13,795 - MCP Server - INFO - 📡 广播状态: file_agent (file_agent_1765872586) -> busy
2025-12-16 16:10:13,797 - MCP Server - INFO - 📡 广播状态: settings_agent (settings_agent_1765872587) -> busy
2025-12-16 16:10:13,797 - MCP Server - INFO - 📡 广播状态: network_agent (network_agent_1765872588) -> busy
2025-12-16 16:10:13,797 - MCP Server - INFO - 📡 广播状态: app_agent (app_agent_1765872589) -> busy
2025-12-16 16:10:13,797 - MCP Server - INFO - 📡 广播状态: monitor_agent (monitor_agent_1765872590) -> busy
2025-12-16 16:10:13,797 - MCP Server - INFO - 📡 广播状态: media_agent (media_agent_1765872591) -> busy
2025-12-16 16:11:13,849 - MCP Server - INFO - 📡 广播状态: file_agent (file_agent_1765872586) -> offline
2025-12-16 16:11:13,850 - MCP Server - INFO - 📡 广播状态: settings_agent (settings_agent_1765872587) -> offline
2025-12-16 16:11:13,851 - MCP Server - INFO - 📡 广播状态: network_agent (network_agent_1765872588) -> offline
2025-12-16 16:11:13,851 - MCP Server - INFO - 📡 广播状态: app_agent (app_agent_1765872589) -> offline
2025-12-16 16:11:13,851 - MCP Server - INFO - 📡 广播状态: monitor_agent (monitor_agent_1765872590) -> offline
2025-12-16 16:11:13,851 - MCP Server - INFO - 📡 广播状态: media_agent (media_agent_1765872591) -> offline
2025-12-16 16:11:18,373 - MCP Server - WARNING - 协作日志模块未找到，日志记录功能不可用
2025-12-16 16:11:18,381 - MCP Server - INFO - MCP Server initialized and registered on DBus
2025-12-16 16:11:18,381 - MCP Server - INFO - Tool added: echo
2025-12-16 16:11:18,385 - MCP Server - INFO - Heartbeat monitor started (3s interval)
2025-12-16 16:11:18,385 - MCP Server - INFO - ============================================================
2025-12-16 16:11:18,385 - MCP Server - INFO - MCP Server started successfully
2025-12-16 16:11:18,385 - MCP Server - INFO - ============================================================
2025-12-16 16:11:18,385 - MCP Server - INFO - Service name: com.kylin.mcp.MasterAgent
2025-12-16 16:11:18,385 - MCP Server - INFO - Object path: /com/kylin/mcp/MasterAgent
2025-12-16 16:11:18,385 - MCP Server - INFO - Interface name: com.kylin.mcp.MasterAgent
2025-12-16 16:11:18,385 - MCP Server - INFO - 
2025-12-16 16:11:18,385 - MCP Server - INFO - 等待子智能体注册...
2025-12-16 16:11:18,385 - MCP Server - INFO - ============================================================
2025-12-16 16:11:21,567 - MCP Server - INFO - Child agent registered: file_agent (instance: file_agent_1765872681)
2025-12-16 16:11:21,569 - MCP Server - INFO -   Tools: ['file_agent.search_file', 'file_agent.move_to_trash', 'file_agent.batch_rename']
2025-12-16 16:11:22,532 - MCP Server - INFO - Child agent registered: settings_agent (instance: settings_agent_1765872682)
2025-12-16 16:11:22,534 - MCP Server - INFO -   Tools: ['settings_agent.change_wallpaper', 'settings_agent.adjust_volume', 'settings_agent.bluetooth_manage']
2025-12-16 16:11:23,498 - MCP Server - INFO - Child agent registered: network_agent (instance: network_agent_1765872683)
2025-12-16 16:11:23,499 - MCP Server - INFO -   Tools: ['network_agent.list_wifi', 'network_agent.connect_wifi', 'network_agent.disconnect_wifi', 'network_agent.get_wifi_status', 'network_agent.set_proxy', 'network_agent.clear_proxy', 'network_agent.get_proxy_status', 'network_agent.speed_test', 'network_agent.get_network_status']
2025-12-16 16:11:24,574 - MCP Server - INFO - Child agent registered: app_agent (instance: app_agent_1765872684)
2025-12-16 16:11:24,575 - MCP Server - INFO -   Tools: ['app_agent.find_app', 'app_agent.launch_app', 'app_agent.close_app', 'app_agent.list_running_apps', 'app_agent.is_app_running', 'app_agent.app_quick_operation']
2025-12-16 16:11:25,515 - MCP Server - INFO - Child agent registered: monitor_agent (instance: monitor_agent_1765872685)
2025-12-16 16:11:25,516 - MCP Server - INFO -   Tools: ['monitor_agent.get_system_status', 'monitor_agent.clean_background_process', 'monitor_agent.monitor_agent_status']
2025-12-16 16:11:26,365 - MCP Server - INFO - Child agent registered: media_agent (instance: media_agent_1765872686)
2025-12-16 16:11:26,365 - MCP Server - INFO -   Tools: ['media_agent.play_media', 'media_agent.media_control', 'media_agent.capture_media_frame']
2025-12-16 16:11:48,416 - MCP Server - INFO - 📡 广播状态: file_agent (file_agent_1765872681) -> busy
2025-12-16 16:11:48,417 - MCP Server - INFO - 📡 广播状态: settings_agent (settings_agent_1765872682) -> busy
2025-12-16 16:11:48,417 - MCP Server - INFO - 📡 广播状态: network_agent (network_agent_1765872683) -> busy
2025-12-16 16:11:48,417 - MCP Server - INFO - 📡 广播状态: app_agent (app_agent_1765872684) -> busy
2025-12-16 16:11:48,417 - MCP Server - INFO - 📡 广播状态: monitor_agent (monitor_agent_1765872685) -> busy
2025-12-16 16:11:48,417 - MCP Server - INFO - 📡 广播状态: media_agent (media_agent_1765872686) -> busy
2025-12-16 16:12:48,480 - MCP Server - INFO - 📡 广播状态: file_agent (file_agent_1765872681) -> offline
2025-12-16 16:12:48,482 - MCP Server - INFO - 📡 广播状态: settings_agent (settings_agent_1765872682) -> offline
2025-12-16 16:12:48,483 - MCP Server - INFO - 📡 广播状态: network_agent (network_agent_1765872683) -> offline
2025-12-16 16:12:48,483 - MCP Server - INFO - 📡 广播状态: app_agent (app_agent_1765872684) -> offline
2025-12-16 16:12:48,483 - MCP Server - INFO - 📡 广播状态: monitor_agent (monitor_agent_1765872685) -> offline
2025-12-16 16:12:48,484 - MCP Server - INFO - 📡 广播状态: media_agent (media_agent_1765872686) -> offline
2025-12-16 16:41:51,237 - MCP Server - WARNING - 协作日志模块未找到，日志记录功能不可用
2025-12-16 16:41:51,238 - MCP Server - INFO - MCP Server initialized and registered on DBus
2025-12-16 16:41:51,238 - MCP Server - INFO - Tool added: echo
2025-12-16 16:41:51,239 - MCP Server - INFO - Heartbeat monitor started (3s interval)
2025-12-16 16:41:51,239 - MCP Server - INFO - ============================================================
2025-12-16 16:41:51,239 - MCP Server - INFO - MCP Server started successfully
2025-12-16 16:41:51,239 - MCP Server - INFO - ============================================================
2025-12-16 16:41:51,239 - MCP Server - INFO - Service name: com.kylin.mcp.MasterAgent
2025-12-16 16:41:51,239 - MCP Server - INFO - Object path: /com/kylin/mcp/MasterAgent
2025-12-16 16:41:51,239 - MCP Server - INFO - Interface name: com.kylin.mcp.MasterAgent
2025-12-16 16:41:51,239 - MCP Server - INFO - 
2025-12-16 16:41:51,239 - MCP Server - INFO - 等待子智能体注册...
2025-12-16 16:41:51,239 - MCP Server - INFO - ============================================================
2025-12-16 16:41:54,733 - MCP Server - INFO - Child agent registered: file_agent (instance: file_agent_1765874514)
2025-12-16 16:41:54,735 - MCP Server - INFO -   Tools: ['file_agent.search_file', 'file_agent.move_to_trash', 'file_agent.batch_rename']
2025-12-16 16:41:55,862 - MCP Server - INFO - Child agent registered: settings_agent (instance: settings_agent_1765874515)
2025-12-16 16:41:55,866 - MCP Server - INFO -   Tools: ['settings_agent.change_wallpaper', 'settings_agent.adjust_volume', 'settings_agent.bluetooth_manage']
2025-12-16 16:41:56,782 - MCP Server - INFO - Child agent registered: network_agent (instance: network_agent_1765874516)
2025-12-16 16:41:56,783 - MCP Server - INFO -   Tools: ['network_agent.list_wifi', 'network_agent.connect_wifi', 'network_agent.disconnect_wifi', 'network_agent.get_wifi_status', 'network_agent.set_proxy', 'network_agent.clear_proxy', 'network_agent.get_proxy_status', 'network_agent.speed_test', 'network_agent.get_network_status']
2025-12-16 16:41:57,830 - MCP Server - INFO - Child agent registered: app_agent (instance: app_agent_1765874517)
2025-12-16 16:41:57,831 - MCP Server - INFO -   Tools: ['app_agent.find_app', 'app_agent.launch_app', 'app_agent.close_app', 'app_agent.list_running_apps', 'app_agent.is_app_running', 'app_agent.app_quick_operation']
2025-12-16 16:41:58,860 - MCP Server - INFO - Child agent registered: monitor_agent (instance: monitor_agent_1765874518)
2025-12-16 16:41:58,862 - MCP Server - INFO -   Tools: ['monitor_agent.get_system_status', 'monitor_agent.clean_background_process', 'monitor_agent.monitor_agent_status']
2025-12-16 16:41:59,790 - MCP Server - INFO - Child agent registered: media_agent (instance: media_agent_1765874519)
2025-12-16 16:41:59,791 - MCP Server - INFO -   Tools: ['media_agent.play_media', 'media_agent.media_control', 'media_agent.capture_media_frame']
2025-12-16 16:42:21,252 - MCP Server - INFO - 📡 广播状态: file_agent (file_agent_1765874514) -> busy
2025-12-16 16:42:21,255 - MCP Server - INFO - 📡 广播状态: settings_agent (settings_agent_1765874515) -> busy
2025-12-16 16:42:21,255 - MCP Server - INFO - 📡 广播状态: network_agent (network_agent_1765874516) -> busy
2025-12-16 16:42:21,255 - MCP Server - INFO - 📡 广播状态: app_agent (app_agent_1765874517) -> busy
2025-12-16 16:42:21,256 - MCP Server - INFO - 📡 广播状态: monitor_agent (monitor_agent_1765874518) -> busy
2025-12-16 16:42:21,256 - MCP Server - INFO - 📡 广播状态: media_agent (media_agent_1765874519) -> busy
2025-12-16 16:45:31,614 - MCP Server - WARNING - 协作日志模块未找到，日志记录功能不可用
2025-12-16 16:45:31,622 - MCP Server - INFO - MCP Server initialized and registered on DBus
2025-12-16 16:45:31,623 - MCP Server - INFO - Tool added: echo
2025-12-16 16:45:31,626 - MCP Server - INFO - Heartbeat monitor started (3s interval)
2025-12-16 16:45:31,627 - MCP Server - INFO - ============================================================
2025-12-16 16:45:31,627 - MCP Server - INFO - MCP Server started successfully
2025-12-16 16:45:31,627 - MCP Server - INFO - ============================================================
2025-12-16 16:45:31,627 - MCP Server - INFO - Service name: com.kylin.mcp.MasterAgent
2025-12-16 16:45:31,627 - MCP Server - INFO - Object path: /com/kylin/mcp/MasterAgent
2025-12-16 16:45:31,627 - MCP Server - INFO - Interface name: com.kylin.mcp.MasterAgent
2025-12-16 16:45:31,627 - MCP Server - INFO - 
2025-12-16 16:45:31,627 - MCP Server - INFO - 等待子智能体注册...
2025-12-16 16:45:31,627 - MCP Server - INFO - ============================================================
2025-12-16 16:45:34,760 - MCP Server - INFO - Child agent registered: file_agent (instance: file_agent_1765874734)
2025-12-16 16:45:34,761 - MCP Server - INFO -   Tools: ['file_agent.search_file', 'file_agent.move_to_trash', 'file_agent.batch_rename']
2025-12-16 16:45:35,712 - MCP Server - INFO - Child agent registered: settings_agent (instance: settings_agent_1765874735)
2025-12-16 16:45:35,714 - MCP Server - INFO -   Tools: ['settings_agent.change_wallpaper', 'settings_agent.adjust_volume', 'settings_agent.bluetooth_manage']
2025-12-16 16:45:36,748 - MCP Server - INFO - Child agent registered: network_agent (instance: network_agent_1765874736)
2025-12-16 16:45:36,751 - MCP Server - INFO -   Tools: ['network_agent.list_wifi', 'network_agent.connect_wifi', 'network_agent.disconnect_wifi', 'network_agent.get_wifi_status', 'network_agent.set_proxy', 'network_agent.clear_proxy', 'network_agent.get_proxy_status', 'network_agent.speed_test', 'network_agent.get_network_status']
2025-12-16 16:45:37,806 - MCP Server - INFO - Child agent registered: app_agent (instance: app_agent_1765874737)
2025-12-16 16:45:37,808 - MCP Server - INFO -   Tools: ['app_agent.find_app', 'app_agent.launch_app', 'app_agent.close_app', 'app_agent.list_running_apps', 'app_agent.is_app_running', 'app_agent.app_quick_operation']
2025-12-16 16:45:39,003 - MCP Server - INFO - Child agent registered: monitor_agent (instance: monitor_agent_1765874739)
2025-12-16 16:45:39,005 - MCP Server - INFO -   Tools: ['monitor_agent.get_system_status', 'monitor_agent.clean_background_process', 'monitor_agent.monitor_agent_status']
2025-12-16 16:45:39,873 - MCP Server - INFO - Child agent registered: media_agent (instance: media_agent_1765874739)
2025-12-16 16:45:39,874 - MCP Server - INFO -   Tools: ['media_agent.play_media', 'media_agent.media_control', 'media_agent.capture_media_frame']
2025-12-16 16:46:01,656 - MCP Server - INFO - 📡 广播状态: file_agent (file_agent_1765874734) -> busy
2025-12-16 16:46:01,659 - MCP Server - INFO - 📡 广播状态: settings_agent (settings_agent_1765874735) -> busy
2025-12-16 16:46:01,659 - MCP Server - INFO - 📡 广播状态: network_agent (network_agent_1765874736) -> busy
2025-12-16 16:46:01,660 - MCP Server - INFO - 📡 广播状态: app_agent (app_agent_1765874737) -> busy
2025-12-16 16:46:01,660 - MCP Server - INFO - 📡 广播状态: monitor_agent (monitor_agent_1765874739) -> busy
2025-12-16 16:46:01,660 - MCP Server - INFO - 📡 广播状态: media_agent (media_agent_1765874739) -> busy
2025-12-16 16:47:01,702 - MCP Server - INFO - 📡 广播状态: file_agent (file_agent_1765874734) -> offline
2025-12-16 16:47:01,704 - MCP Server - INFO - 📡 广播状态: settings_agent (settings_agent_1765874735) -> offline
2025-12-16 16:47:01,704 - MCP Server - INFO - 📡 广播状态: network_agent (network_agent_1765874736) -> offline
2025-12-16 16:47:01,704 - MCP Server - INFO - 📡 广播状态: app_agent (app_agent_1765874737) -> offline
2025-12-16 16:47:01,704 - MCP Server - INFO - 📡 广播状态: monitor_agent (monitor_agent_1765874739) -> offline
2025-12-16 16:47:01,704 - MCP Server - INFO - 📡 广播状态: media_agent (media_agent_1765874739) -> offline
2025-12-16 16:50:59,996 - MCP Server - WARNING - 协作日志模块未找到，日志记录功能不可用
2025-12-16 16:51:00,007 - MCP Server - INFO - MCP Server initialized and registered on DBus
2025-12-16 16:51:00,009 - MCP Server - INFO - Tool added: echo
2025-12-16 16:51:00,013 - MCP Server - INFO - Heartbeat monitor started (3s interval)
2025-12-16 16:51:00,014 - MCP Server - INFO - ============================================================
2025-12-16 16:51:00,014 - MCP Server - INFO - MCP Server started successfully
2025-12-16 16:51:00,014 - MCP Server - INFO - ============================================================
2025-12-16 16:51:00,014 - MCP Server - INFO - Service name: com.kylin.mcp.MasterAgent
2025-12-16 16:51:00,014 - MCP Server - INFO - Object path: /com/kylin/mcp/MasterAgent
2025-12-16 16:51:00,015 - MCP Server - INFO - Interface name: com.kylin.mcp.MasterAgent
2025-12-16 16:51:00,015 - MCP Server - INFO - 
2025-12-16 16:51:00,015 - MCP Server - INFO - 等待子智能体注册...
2025-12-16 16:51:00,015 - MCP Server - INFO - ============================================================
2025-12-16 16:51:03,058 - MCP Server - INFO - Child agent registered: file_agent (instance: file_agent_1765875063)
2025-12-16 16:51:03,059 - MCP Server - INFO -   Tools: ['file_agent.search_file', 'file_agent.move_to_trash', 'file_agent.batch_rename']
2025-12-16 16:51:04,174 - MCP Server - INFO - Child agent registered: settings_agent (instance: settings_agent_1765875064)
2025-12-16 16:51:04,176 - MCP Server - INFO -   Tools: ['settings_agent.change_wallpaper', 'settings_agent.adjust_volume', 'settings_agent.bluetooth_manage']
2025-12-16 16:51:05,205 - MCP Server - INFO - Child agent registered: network_agent (instance: network_agent_1765875065)
2025-12-16 16:51:05,206 - MCP Server - INFO -   Tools: ['network_agent.list_wifi', 'network_agent.connect_wifi', 'network_agent.disconnect_wifi', 'network_agent.get_wifi_status', 'network_agent.set_proxy', 'network_agent.clear_proxy', 'network_agent.get_proxy_status', 'network_agent.speed_test', 'network_agent.get_network_status']
2025-12-16 16:51:06,662 - MCP Server - INFO - Child agent registered: app_agent (instance: app_agent_1765875066)
2025-12-16 16:51:06,664 - MCP Server - INFO -   Tools: ['app_agent.find_app', 'app_agent.launch_app', 'app_agent.close_app', 'app_agent.list_running_apps', 'app_agent.is_app_running', 'app_agent.app_quick_operation']
2025-12-16 16:51:07,340 - MCP Server - INFO - Child agent registered: monitor_agent (instance: monitor_agent_1765875067)
2025-12-16 16:51:07,342 - MCP Server - INFO -   Tools: ['monitor_agent.get_system_status', 'monitor_agent.clean_background_process', 'monitor_agent.monitor_agent_status']
2025-12-16 16:51:08,385 - MCP Server - INFO - Child agent registered: media_agent (instance: media_agent_1765875068)
2025-12-16 16:51:08,387 - MCP Server - INFO -   Tools: ['media_agent.play_media', 'media_agent.media_control', 'media_agent.capture_media_frame']
2025-12-16 16:51:30,044 - MCP Server - INFO - 📡 广播状态: file_agent (file_agent_1765875063) -> busy
2025-12-16 16:51:30,048 - MCP Server - INFO - 📡 广播状态: settings_agent (settings_agent_1765875064) -> busy
2025-12-16 16:51:30,048 - MCP Server - INFO - 📡 广播状态: network_agent (network_agent_1765875065) -> busy
2025-12-16 16:51:30,048 - MCP Server - INFO - 📡 广播状态: app_agent (app_agent_1765875066) -> busy
2025-12-16 16:51:30,049 - MCP Server - INFO - 📡 广播状态: monitor_agent (monitor_agent_1765875067) -> busy
2025-12-16 16:51:30,049 - MCP Server - INFO - 📡 广播状态: media_agent (media_agent_1765875068) -> busy
2025-12-16 16:52:30,110 - MCP Server - INFO - 📡 广播状态: file_agent (file_agent_1765875063) -> offline
2025-12-16 16:52:30,112 - MCP Server - INFO - 📡 广播状态: settings_agent (settings_agent_1765875064) -> offline
2025-12-16 16:52:30,112 - MCP Server - INFO - 📡 广播状态: network_agent (network_agent_1765875065) -> offline
2025-12-16 16:52:30,112 - MCP Server - INFO - 📡 广播状态: app_agent (app_agent_1765875066) -> offline
2025-12-16 16:52:30,112 - MCP Server - INFO - 📡 广播状态: monitor_agent (monitor_agent_1765875067) -> offline
2025-12-16 16:52:30,113 - MCP Server - INFO - 📡 广播状态: media_agent (media_agent_1765875068) -> offline
2025-12-16 16:54:27,361 - MCP Server - WARNING - 协作日志模块未找到，日志记录功能不可用
2025-12-16 16:54:27,371 - MCP Server - INFO - MCP Server initialized and registered on DBus
2025-12-16 16:54:27,372 - MCP Server - INFO - Tool added: echo
2025-12-16 16:54:27,375 - MCP Server - INFO - Heartbeat monitor started (3s interval)
2025-12-16 16:54:27,376 - MCP Server - INFO - ============================================================
2025-12-16 16:54:27,376 - MCP Server - INFO - MCP Server started successfully
2025-12-16 16:54:27,376 - MCP Server - INFO - ============================================================
2025-12-16 16:54:27,376 - MCP Server - INFO - Service name: com.kylin.mcp.MasterAgent
2025-12-16 16:54:27,376 - MCP Server - INFO - Object path: /com/kylin/mcp/MasterAgent
2025-12-16 16:54:27,376 - MCP Server - INFO - Interface name: com.kylin.mcp.MasterAgent
2025-12-16 16:54:27,376 - MCP Server - INFO - 
2025-12-16 16:54:27,376 - MCP Server - INFO - 等待子智能体注册...
2025-12-16 16:54:27,377 - MCP Server - INFO - ============================================================
2025-12-16 16:54:27,904 - MCP Server - WARNING - 协作日志模块未找到，日志记录功能不可用
2025-12-16 16:54:27,914 - MCP Server - INFO - MCP Server initialized and registered on DBus
2025-12-16 16:54:27,915 - MCP Server - INFO - Tool added: echo
2025-12-16 16:54:27,919 - MCP Server - INFO - Heartbeat monitor started (3s interval)
2025-12-16 16:54:27,919 - MCP Server - INFO - ============================================================
2025-12-16 16:54:27,919 - MCP Server - INFO - MCP Server started successfully
2025-12-16 16:54:27,919 - MCP Server - INFO - ============================================================
2025-12-16 16:54:27,919 - MCP Server - INFO - Service name: com.kylin.mcp.MasterAgent
2025-12-16 16:54:27,919 - MCP Server - INFO - Object path: /com/kylin/mcp/MasterAgent
2025-12-16 16:54:27,919 - MCP Server - INFO - Interface name: com.kylin.mcp.MasterAgent
2025-12-16 16:54:27,919 - MCP Server - INFO - 
2025-12-16 16:54:27,919 - MCP Server - INFO - 等待子智能体注册...
2025-12-16 16:54:27,920 - MCP Server - INFO - ============================================================
2025-12-16 16:54:30,381 - MCP Server - INFO - Child agent registered: file_agent (instance: file_agent_1765875270)
2025-12-16 16:54:30,383 - MCP Server - INFO -   Tools: ['file_agent.search_file', 'file_agent.move_to_trash', 'file_agent.batch_rename']
2025-12-16 16:54:31,056 - MCP Server - INFO - Child agent registered: file_agent (instance: file_agent_1765875271)
2025-12-16 16:54:31,058 - MCP Server - INFO -   Tools: ['file_agent.search_file', 'file_agent.move_to_trash', 'file_agent.batch_rename']
2025-12-16 16:54:31,351 - MCP Server - INFO - Child agent registered: settings_agent (instance: settings_agent_1765875271)
2025-12-16 16:54:31,353 - MCP Server - INFO -   Tools: ['settings_agent.change_wallpaper', 'settings_agent.adjust_volume', 'settings_agent.bluetooth_manage']
2025-12-16 16:54:32,095 - MCP Server - INFO - Child agent registered: settings_agent (instance: settings_agent_1765875272)
2025-12-16 16:54:32,097 - MCP Server - INFO -   Tools: ['settings_agent.change_wallpaper', 'settings_agent.adjust_volume', 'settings_agent.bluetooth_manage']
2025-12-16 16:54:32,309 - MCP Server - INFO - Child agent registered: network_agent (instance: network_agent_1765875272)
2025-12-16 16:54:32,310 - MCP Server - INFO -   Tools: ['network_agent.list_wifi', 'network_agent.connect_wifi', 'network_agent.disconnect_wifi', 'network_agent.get_wifi_status', 'network_agent.set_proxy', 'network_agent.clear_proxy', 'network_agent.get_proxy_status', 'network_agent.speed_test', 'network_agent.get_network_status']
2025-12-16 16:54:33,114 - MCP Server - INFO - Child agent registered: network_agent (instance: network_agent_1765875273)
2025-12-16 16:54:33,116 - MCP Server - INFO -   Tools: ['network_agent.list_wifi', 'network_agent.connect_wifi', 'network_agent.disconnect_wifi', 'network_agent.get_wifi_status', 'network_agent.set_proxy', 'network_agent.clear_proxy', 'network_agent.get_proxy_status', 'network_agent.speed_test', 'network_agent.get_network_status']
2025-12-16 16:54:33,482 - MCP Server - INFO - Child agent registered: app_agent (instance: app_agent_1765875273)
2025-12-16 16:54:33,483 - MCP Server - INFO -   Tools: ['app_agent.find_app', 'app_agent.launch_app', 'app_agent.close_app', 'app_agent.list_running_apps', 'app_agent.is_app_running', 'app_agent.app_quick_operation']
2025-12-16 16:54:34,253 - MCP Server - INFO - Child agent registered: app_agent (instance: app_agent_1765875274)
2025-12-16 16:54:34,255 - MCP Server - INFO -   Tools: ['app_agent.find_app', 'app_agent.launch_app', 'app_agent.close_app', 'app_agent.list_running_apps', 'app_agent.is_app_running', 'app_agent.app_quick_operation']
2025-12-16 16:54:34,407 - MCP Server - INFO - Child agent registered: monitor_agent (instance: monitor_agent_1765875274)
2025-12-16 16:54:34,409 - MCP Server - INFO -   Tools: ['monitor_agent.get_system_status', 'monitor_agent.clean_background_process', 'monitor_agent.monitor_agent_status']
2025-12-16 16:54:35,409 - MCP Server - INFO - Child agent registered: monitor_agent (instance: monitor_agent_1765875275)
2025-12-16 16:54:35,410 - MCP Server - INFO -   Tools: ['monitor_agent.get_system_status', 'monitor_agent.clean_background_process', 'monitor_agent.monitor_agent_status']
2025-12-16 16:54:35,595 - MCP Server - INFO - Child agent registered: media_agent (instance: media_agent_1765875275)
2025-12-16 16:54:35,597 - MCP Server - INFO -   Tools: ['media_agent.play_media', 'media_agent.media_control', 'media_agent.capture_media_frame']
2025-12-16 16:54:36,177 - MCP Server - INFO - Child agent registered: media_agent (instance: media_agent_1765875276)
2025-12-16 16:54:36,178 - MCP Server - INFO -   Tools: ['media_agent.play_media', 'media_agent.media_control', 'media_agent.capture_media_frame']
2025-12-16 16:54:57,405 - MCP Server - INFO - 📡 广播状态: file_agent (file_agent_1765875270) -> busy
2025-12-16 16:54:57,406 - MCP Server - INFO - 📡 广播状态: settings_agent (settings_agent_1765875271) -> busy
2025-12-16 16:54:57,406 - MCP Server - INFO - 📡 广播状态: network_agent (network_agent_1765875272) -> busy
2025-12-16 16:54:57,406 - MCP Server - INFO - 📡 广播状态: app_agent (app_agent_1765875273) -> busy
2025-12-16 16:54:57,406 - MCP Server - INFO - 📡 广播状态: monitor_agent (monitor_agent_1765875274) -> busy
2025-12-16 16:54:57,406 - MCP Server - INFO - 📡 广播状态: media_agent (media_agent_1765875275) -> busy
2025-12-16 16:54:57,948 - MCP Server - INFO - 📡 广播状态: file_agent (file_agent_1765875271) -> busy
2025-12-16 16:54:57,948 - MCP Server - INFO - 📡 广播状态: settings_agent (settings_agent_1765875272) -> busy
2025-12-16 16:54:57,948 - MCP Server - INFO - 📡 广播状态: network_agent (network_agent_1765875273) -> busy
2025-12-16 16:54:57,948 - MCP Server - INFO - 📡 广播状态: app_agent (app_agent_1765875274) -> busy
2025-12-16 16:54:57,948 - MCP Server - INFO - 📡 广播状态: monitor_agent (monitor_agent_1765875275) -> busy
2025-12-16 16:54:57,948 - MCP Server - INFO - 📡 广播状态: media_agent (media_agent_1765875276) -> busy
2025-12-16 16:55:57,467 - MCP Server - INFO - 📡 广播状态: file_agent (file_agent_1765875270) -> offline
2025-12-16 16:55:57,469 - MCP Server - INFO - 📡 广播状态: settings_agent (settings_agent_1765875271) -> offline
2025-12-16 16:55:57,469 - MCP Server - INFO - 📡 广播状态: network_agent (network_agent_1765875272) -> offline
2025-12-16 16:55:57,470 - MCP Server - INFO - 📡 广播状态: app_agent (app_agent_1765875273) -> offline
2025-12-16 16:55:57,470 - MCP Server - INFO - 📡 广播状态: monitor_agent (monitor_agent_1765875274) -> offline
2025-12-16 16:55:57,470 - MCP Server - INFO - 📡 广播状态: media_agent (media_agent_1765875275) -> offline
2025-12-16 16:56:43,916 - MCP Server - WARNING - 协作日志模块未找到，日志记录功能不可用
2025-12-16 16:56:43,927 - MCP Server - INFO - MCP Server initialized and registered on DBus
2025-12-16 16:56:43,930 - MCP Server - INFO - Tool added: echo
2025-12-16 16:56:43,933 - MCP Server - INFO - Heartbeat monitor started (3s interval)
2025-12-16 16:56:43,934 - MCP Server - INFO - ============================================================
2025-12-16 16:56:43,934 - MCP Server - INFO - MCP Server started successfully
2025-12-16 16:56:43,934 - MCP Server - INFO - ============================================================
2025-12-16 16:56:43,934 - MCP Server - INFO - Service name: com.kylin.mcp.MasterAgent
2025-12-16 16:56:43,934 - MCP Server - INFO - Object path: /com/kylin/mcp/MasterAgent
2025-12-16 16:56:43,934 - MCP Server - INFO - Interface name: com.kylin.mcp.MasterAgent
2025-12-16 16:56:43,934 - MCP Server - INFO - 
2025-12-16 16:56:43,935 - MCP Server - INFO - 等待子智能体注册...
2025-12-16 16:56:43,935 - MCP Server - INFO - ============================================================
2025-12-16 16:56:47,082 - MCP Server - INFO - Child agent registered: file_agent (instance: file_agent_1765875407)
2025-12-16 16:56:47,086 - MCP Server - INFO -   Tools: ['file_agent.search_file', 'file_agent.move_to_trash', 'file_agent.batch_rename']
2025-12-16 16:56:48,118 - MCP Server - INFO - Child agent registered: settings_agent (instance: settings_agent_1765875408)
2025-12-16 16:56:48,121 - MCP Server - INFO -   Tools: ['settings_agent.change_wallpaper', 'settings_agent.adjust_volume', 'settings_agent.bluetooth_manage']
2025-12-16 16:56:49,004 - MCP Server - INFO - Child agent registered: network_agent (instance: network_agent_1765875409)
2025-12-16 16:56:49,006 - MCP Server - INFO -   Tools: ['network_agent.list_wifi', 'network_agent.connect_wifi', 'network_agent.disconnect_wifi', 'network_agent.get_wifi_status', 'network_agent.set_proxy', 'network_agent.clear_proxy', 'network_agent.get_proxy_status', 'network_agent.speed_test', 'network_agent.get_network_status']
2025-12-16 16:56:50,096 - MCP Server - INFO - Child agent registered: app_agent (instance: app_agent_1765875410)
2025-12-16 16:56:50,098 - MCP Server - INFO -   Tools: ['app_agent.find_app', 'app_agent.launch_app', 'app_agent.close_app', 'app_agent.list_running_apps', 'app_agent.is_app_running', 'app_agent.app_quick_operation']
2025-12-16 16:56:51,284 - MCP Server - INFO - Child agent registered: monitor_agent (instance: monitor_agent_1765875411)
2025-12-16 16:56:51,285 - MCP Server - INFO -   Tools: ['monitor_agent.get_system_status', 'monitor_agent.clean_background_process', 'monitor_agent.monitor_agent_status']
2025-12-16 16:56:52,127 - MCP Server - INFO - Child agent registered: media_agent (instance: media_agent_1765875412)
2025-12-16 16:56:52,129 - MCP Server - INFO -   Tools: ['media_agent.play_media', 'media_agent.media_control', 'media_agent.capture_media_frame']
2025-12-16 16:57:13,964 - MCP Server - INFO - 📡 广播状态: file_agent (file_agent_1765875407) -> busy
2025-12-16 16:57:13,967 - MCP Server - INFO - 📡 广播状态: settings_agent (settings_agent_1765875408) -> busy
2025-12-16 16:57:13,967 - MCP Server - INFO - 📡 广播状态: network_agent (network_agent_1765875409) -> busy
2025-12-16 16:57:13,968 - MCP Server - INFO - 📡 广播状态: app_agent (app_agent_1765875410) -> busy
2025-12-16 16:57:13,968 - MCP Server - INFO - 📡 广播状态: monitor_agent (monitor_agent_1765875411) -> busy
2025-12-16 16:57:13,968 - MCP Server - INFO - 📡 广播状态: media_agent (media_agent_1765875412) -> busy
2025-12-16 16:58:14,030 - MCP Server - INFO - 📡 广播状态: file_agent (file_agent_1765875407) -> offline
2025-12-16 16:58:14,030 - MCP Server - INFO - 📡 广播状态: settings_agent (settings_agent_1765875408) -> offline
2025-12-16 16:58:14,030 - MCP Server - INFO - 📡 广播状态: network_agent (network_agent_1765875409) -> offline
2025-12-16 16:58:14,030 - MCP Server - INFO - 📡 广播状态: app_agent (app_agent_1765875410) -> offline
2025-12-16 16:58:14,030 - MCP Server - INFO - 📡 广播状态: monitor_agent (monitor_agent_1765875411) -> offline
2025-12-16 16:58:14,030 - MCP Server - INFO - 📡 广播状态: media_agent (media_agent_1765875412) -> offline
2025-12-16 17:01:35,127 - MCP Server - WARNING - 协作日志模块未找到，日志记录功能不可用
2025-12-16 17:01:35,130 - MCP Server - INFO - MCP Server initialized and registered on DBus
2025-12-16 17:01:35,131 - MCP Server - INFO - Tool added: echo
2025-12-16 17:01:35,131 - MCP Server - INFO - Heartbeat monitor started (3s interval)
2025-12-16 17:01:35,132 - MCP Server - INFO - ============================================================
2025-12-16 17:01:35,132 - MCP Server - INFO - MCP Server started successfully
2025-12-16 17:01:35,132 - MCP Server - INFO - ============================================================
2025-12-16 17:01:35,132 - MCP Server - INFO - Service name: com.kylin.mcp.MasterAgent
2025-12-16 17:01:35,132 - MCP Server - INFO - Object path: /com/kylin/mcp/MasterAgent
2025-12-16 17:01:35,132 - MCP Server - INFO - Interface name: com.kylin.mcp.MasterAgent
2025-12-16 17:01:35,132 - MCP Server - INFO - 
2025-12-16 17:01:35,132 - MCP Server - INFO - 等待子智能体注册...
2025-12-16 17:01:35,132 - MCP Server - INFO - ============================================================
2025-12-16 17:01:38,377 - MCP Server - INFO - Child agent registered: file_agent (instance: file_agent_1765875698)
2025-12-16 17:01:38,378 - MCP Server - INFO -   Tools: ['file_agent.search_file', 'file_agent.move_to_trash', 'file_agent.batch_rename']
2025-12-16 17:01:39,262 - MCP Server - INFO - Child agent registered: settings_agent (instance: settings_agent_1765875699)
2025-12-16 17:01:39,265 - MCP Server - INFO -   Tools: ['settings_agent.change_wallpaper', 'settings_agent.adjust_volume', 'settings_agent.bluetooth_manage']
2025-12-16 17:01:40,415 - MCP Server - INFO - Child agent registered: network_agent (instance: network_agent_1765875700)
2025-12-16 17:01:40,416 - MCP Server - INFO -   Tools: ['network_agent.list_wifi', 'network_agent.connect_wifi', 'network_agent.disconnect_wifi', 'network_agent.get_wifi_status', 'network_agent.set_proxy', 'network_agent.clear_proxy', 'network_agent.get_proxy_status', 'network_agent.speed_test', 'network_agent.get_network_status']
2025-12-16 17:01:41,403 - MCP Server - INFO - Child agent registered: app_agent (instance: app_agent_1765875701)
2025-12-16 17:01:41,404 - MCP Server - INFO -   Tools: ['app_agent.find_app', 'app_agent.launch_app', 'app_agent.close_app', 'app_agent.list_running_apps', 'app_agent.is_app_running', 'app_agent.app_quick_operation']
2025-12-16 17:01:42,678 - MCP Server - INFO - Child agent registered: monitor_agent (instance: monitor_agent_1765875702)
2025-12-16 17:01:42,680 - MCP Server - INFO -   Tools: ['monitor_agent.get_system_status', 'monitor_agent.clean_background_process', 'monitor_agent.monitor_agent_status']
2025-12-16 17:01:43,612 - MCP Server - INFO - Child agent registered: media_agent (instance: media_agent_1765875703)
2025-12-16 17:01:43,614 - MCP Server - INFO -   Tools: ['media_agent.play_media', 'media_agent.media_control', 'media_agent.capture_media_frame']
2025-12-16 17:02:05,162 - MCP Server - INFO - 📡 广播状态: file_agent (file_agent_1765875698) -> busy
2025-12-16 17:02:05,165 - MCP Server - INFO - 📡 广播状态: settings_agent (settings_agent_1765875699) -> busy
2025-12-16 17:02:05,165 - MCP Server - INFO - 📡 广播状态: network_agent (network_agent_1765875700) -> busy
2025-12-16 17:02:05,165 - MCP Server - INFO - 📡 广播状态: app_agent (app_agent_1765875701) -> busy
2025-12-16 17:02:05,166 - MCP Server - INFO - 📡 广播状态: monitor_agent (monitor_agent_1765875702) -> busy
2025-12-16 17:02:05,166 - MCP Server - INFO - 📡 广播状态: media_agent (media_agent_1765875703) -> busy
2025-12-16 17:03:05,208 - MCP Server - INFO - 📡 广播状态: file_agent (file_agent_1765875698) -> offline
2025-12-16 17:03:05,211 - MCP Server - INFO - 📡 广播状态: settings_agent (settings_agent_1765875699) -> offline
2025-12-16 17:03:05,212 - MCP Server - INFO - 📡 广播状态: network_agent (network_agent_1765875700) -> offline
2025-12-16 17:03:05,212 - MCP Server - INFO - 📡 广播状态: app_agent (app_agent_1765875701) -> offline
2025-12-16 17:03:05,212 - MCP Server - INFO - 📡 广播状态: monitor_agent (monitor_agent_1765875702) -> offline
2025-12-16 17:03:05,212 - MCP Server - INFO - 📡 广播状态: media_agent (media_agent_1765875703) -> offline
2025-12-16 17:07:52,448 - MCP Server - WARNING - 协作日志模块未找到，日志记录功能不可用
2025-12-16 17:07:52,459 - MCP Server - INFO - MCP Server initialized and registered on DBus
2025-12-16 17:07:52,460 - MCP Server - INFO - Tool added: echo
2025-12-16 17:07:52,463 - MCP Server - INFO - Heartbeat monitor started (3s interval)
2025-12-16 17:07:52,463 - MCP Server - INFO - ============================================================
2025-12-16 17:07:52,463 - MCP Server - INFO - MCP Server started successfully
2025-12-16 17:07:52,463 - MCP Server - INFO - ============================================================
2025-12-16 17:07:52,463 - MCP Server - INFO - Service name: com.kylin.mcp.MasterAgent
2025-12-16 17:07:52,463 - MCP Server - INFO - Object path: /com/kylin/mcp/MasterAgent
2025-12-16 17:07:52,463 - MCP Server - INFO - Interface name: com.kylin.mcp.MasterAgent
2025-12-16 17:07:52,463 - MCP Server - INFO - 
2025-12-16 17:07:52,463 - MCP Server - INFO - 等待子智能体注册...
2025-12-16 17:07:52,464 - MCP Server - INFO - ============================================================
2025-12-16 17:07:55,676 - MCP Server - INFO - Child agent registered: file_agent (instance: file_agent_1765876075)
2025-12-16 17:07:55,678 - MCP Server - INFO -   Tools: ['file_agent.search_file', 'file_agent.move_to_trash', 'file_agent.batch_rename']
2025-12-16 17:07:57,715 - MCP Server - INFO - Child agent registered: network_agent (instance: network_agent_1765876077)
2025-12-16 17:07:57,717 - MCP Server - INFO -   Tools: ['network_agent.list_wifi', 'network_agent.connect_wifi', 'network_agent.disconnect_wifi', 'network_agent.get_wifi_status', 'network_agent.set_proxy', 'network_agent.clear_proxy', 'network_agent.get_proxy_status', 'network_agent.speed_test', 'network_agent.get_network_status']
2025-12-16 17:07:58,826 - MCP Server - INFO - Child agent registered: app_agent (instance: app_agent_1765876078)
2025-12-16 17:07:58,828 - MCP Server - INFO -   Tools: ['app_agent.find_app', 'app_agent.launch_app', 'app_agent.close_app', 'app_agent.list_running_apps', 'app_agent.is_app_running', 'app_agent.app_quick_operation']
2025-12-16 17:07:59,799 - MCP Server - INFO - Child agent registered: monitor_agent (instance: monitor_agent_1765876079)
2025-12-16 17:07:59,801 - MCP Server - INFO -   Tools: ['monitor_agent.get_system_status', 'monitor_agent.clean_background_process', 'monitor_agent.monitor_agent_status']
2025-12-16 17:08:01,243 - MCP Server - INFO - Child agent registered: media_agent (instance: media_agent_1765876081)
2025-12-16 17:08:01,245 - MCP Server - INFO -   Tools: ['media_agent.play_media', 'media_agent.media_control', 'media_agent.capture_media_frame']
2025-12-16 17:10:27,535 - MCP Server - WARNING - 协作日志模块未找到，日志记录功能不可用
2025-12-16 17:10:27,548 - MCP Server - INFO - MCP Server initialized and registered on DBus
2025-12-16 17:10:27,550 - MCP Server - INFO - Tool added: echo
2025-12-16 17:10:27,554 - MCP Server - INFO - Heartbeat monitor started (3s interval)
2025-12-16 17:10:27,555 - MCP Server - INFO - ============================================================
2025-12-16 17:10:27,555 - MCP Server - INFO - MCP Server started successfully
2025-12-16 17:10:27,555 - MCP Server - INFO - ============================================================
2025-12-16 17:10:27,555 - MCP Server - INFO - Service name: com.kylin.mcp.MasterAgent
2025-12-16 17:10:27,555 - MCP Server - INFO - Object path: /com/kylin/mcp/MasterAgent
2025-12-16 17:10:27,555 - MCP Server - INFO - Interface name: com.kylin.mcp.MasterAgent
2025-12-16 17:10:27,555 - MCP Server - INFO - 
2025-12-16 17:10:27,556 - MCP Server - INFO - 等待子智能体注册...
2025-12-16 17:10:27,556 - MCP Server - INFO - ============================================================
2025-12-16 17:10:30,599 - MCP Server - INFO - Child agent registered: file_agent (instance: file_agent_1765876230)
2025-12-16 17:10:30,599 - MCP Server - INFO -   Tools: ['file_agent.search_file', 'file_agent.move_to_trash', 'file_agent.batch_rename']
2025-12-16 17:10:31,719 - MCP Server - INFO - Child agent registered: settings_agent (instance: settings_agent_1765876231)
2025-12-16 17:10:31,722 - MCP Server - INFO -   Tools: ['settings_agent.change_wallpaper', 'settings_agent.adjust_volume', 'settings_agent.bluetooth_manage']
2025-12-16 17:10:32,688 - MCP Server - INFO - Child agent registered: network_agent (instance: network_agent_1765876232)
2025-12-16 17:10:32,690 - MCP Server - INFO -   Tools: ['network_agent.list_wifi', 'network_agent.connect_wifi', 'network_agent.disconnect_wifi', 'network_agent.get_wifi_status', 'network_agent.set_proxy', 'network_agent.clear_proxy', 'network_agent.get_proxy_status', 'network_agent.speed_test', 'network_agent.get_network_status']
2025-12-16 17:10:33,769 - MCP Server - INFO - Child agent registered: app_agent (instance: app_agent_1765876233)
2025-12-16 17:10:33,771 - MCP Server - INFO -   Tools: ['app_agent.find_app', 'app_agent.launch_app', 'app_agent.close_app', 'app_agent.list_running_apps', 'app_agent.is_app_running', 'app_agent.app_quick_operation']
2025-12-16 17:10:34,763 - MCP Server - INFO - Child agent registered: monitor_agent (instance: monitor_agent_1765876234)
2025-12-16 17:10:34,765 - MCP Server - INFO -   Tools: ['monitor_agent.get_system_status', 'monitor_agent.clean_background_process', 'monitor_agent.monitor_agent_status']
2025-12-16 17:10:35,770 - MCP Server - INFO - Child agent registered: media_agent (instance: media_agent_1765876235)
2025-12-16 17:10:35,772 - MCP Server - INFO -   Tools: ['media_agent.play_media', 'media_agent.media_control', 'media_agent.capture_media_frame']
2025-12-16 17:10:57,585 - MCP Server - INFO - 📡 广播状态: file_agent (file_agent_1765876230) -> busy
2025-12-16 17:10:57,587 - MCP Server - INFO - 📡 广播状态: settings_agent (settings_agent_1765876231) -> busy
2025-12-16 17:10:57,588 - MCP Server - INFO - 📡 广播状态: network_agent (network_agent_1765876232) -> busy
2025-12-16 17:10:57,588 - MCP Server - INFO - 📡 广播状态: app_agent (app_agent_1765876233) -> busy
2025-12-16 17:10:57,588 - MCP Server - INFO - 📡 广播状态: monitor_agent (monitor_agent_1765876234) -> busy
2025-12-16 17:10:57,588 - MCP Server - INFO - 📡 广播状态: media_agent (media_agent_1765876235) -> busy
2025-12-16 17:11:57,628 - MCP Server - INFO - 📡 广播状态: file_agent (file_agent_1765876230) -> offline
2025-12-16 17:11:57,632 - MCP Server - INFO - 📡 广播状态: settings_agent (settings_agent_1765876231) -> offline
2025-12-16 17:11:57,634 - MCP Server - INFO - 📡 广播状态: network_agent (network_agent_1765876232) -> offline
2025-12-16 17:11:57,634 - MCP Server - INFO - 📡 广播状态: app_agent (app_agent_1765876233) -> offline
2025-12-16 17:11:57,635 - MCP Server - INFO - 📡 广播状态: monitor_agent (monitor_agent_1765876234) -> offline
2025-12-16 17:11:57,635 - MCP Server - INFO - 📡 广播状态: media_agent (media_agent_1765876235) -> offline
2025-12-16 17:19:05,957 - MCP Server - WARNING - 协作日志模块未找到，日志记录功能不可用
2025-12-16 17:19:05,960 - MCP Server - INFO - MCP Server initialized and registered on DBus
2025-12-16 17:19:05,961 - MCP Server - INFO - Tool added: echo
2025-12-16 17:19:05,964 - MCP Server - INFO - Heartbeat monitor started (3s interval)
2025-12-16 17:19:05,964 - MCP Server - INFO - ============================================================
2025-12-16 17:19:05,964 - MCP Server - INFO - MCP Server started successfully
2025-12-16 17:19:05,964 - MCP Server - INFO - ============================================================
2025-12-16 17:19:05,965 - MCP Server - INFO - Service name: com.kylin.mcp.MasterAgent
2025-12-16 17:19:05,965 - MCP Server - INFO - Object path: /com/kylin/mcp/MasterAgent
2025-12-16 17:19:05,965 - MCP Server - INFO - Interface name: com.kylin.mcp.MasterAgent
2025-12-16 17:19:05,965 - MCP Server - INFO - 
2025-12-16 17:19:05,965 - MCP Server - INFO - 等待子智能体注册...
2025-12-16 17:19:05,965 - MCP Server - INFO - ============================================================
2025-12-16 17:19:09,213 - MCP Server - INFO - Child agent registered: file_agent (instance: file_agent_1765876749)
2025-12-16 17:19:09,215 - MCP Server - INFO -   Tools: ['file_agent.search_file', 'file_agent.move_to_trash', 'file_agent.batch_rename']
2025-12-16 17:19:10,360 - MCP Server - INFO - Child agent registered: settings_agent (instance: settings_agent_1765876750)
2025-12-16 17:19:10,363 - MCP Server - INFO -   Tools: ['settings_agent.change_wallpaper', 'settings_agent.adjust_volume', 'settings_agent.bluetooth_manage']
2025-12-16 17:19:11,228 - MCP Server - INFO - Child agent registered: network_agent (instance: network_agent_1765876751)
2025-12-16 17:19:11,230 - MCP Server - INFO -   Tools: ['network_agent.list_wifi', 'network_agent.connect_wifi', 'network_agent.disconnect_wifi', 'network_agent.get_wifi_status', 'network_agent.set_proxy', 'network_agent.clear_proxy', 'network_agent.get_proxy_status', 'network_agent.speed_test', 'network_agent.get_network_status']
2025-12-16 17:19:12,325 - MCP Server - INFO - Child agent registered: app_agent (instance: app_agent_1765876752)
2025-12-16 17:19:12,326 - MCP Server - INFO -   Tools: ['app_agent.find_app', 'app_agent.launch_app', 'app_agent.close_app', 'app_agent.list_running_apps', 'app_agent.is_app_running', 'app_agent.app_quick_operation']
2025-12-16 17:19:13,404 - MCP Server - INFO - Child agent registered: monitor_agent (instance: monitor_agent_1765876753)
2025-12-16 17:19:13,406 - MCP Server - INFO -   Tools: ['monitor_agent.get_system_status', 'monitor_agent.clean_background_process', 'monitor_agent.monitor_agent_status']
2025-12-16 17:19:14,298 - MCP Server - INFO - Child agent registered: media_agent (instance: media_agent_1765876754)
2025-12-16 17:19:14,299 - MCP Server - INFO -   Tools: ['media_agent.play_media', 'media_agent.media_control', 'media_agent.capture_media_frame']
2025-12-16 17:19:35,996 - MCP Server - INFO - 📡 广播状态: file_agent (file_agent_1765876749) -> busy
2025-12-16 17:19:35,999 - MCP Server - INFO - 📡 广播状态: settings_agent (settings_agent_1765876750) -> busy
2025-12-16 17:19:35,999 - MCP Server - INFO - 📡 广播状态: network_agent (network_agent_1765876751) -> busy
2025-12-16 17:19:35,999 - MCP Server - INFO - 📡 广播状态: app_agent (app_agent_1765876752) -> busy
2025-12-16 17:19:35,999 - MCP Server - INFO - 📡 广播状态: monitor_agent (monitor_agent_1765876753) -> busy
2025-12-16 17:19:36,000 - MCP Server - INFO - 📡 广播状态: media_agent (media_agent_1765876754) -> busy
2025-12-16 17:20:36,061 - MCP Server - INFO - 📡 广播状态: file_agent (file_agent_1765876749) -> offline
2025-12-16 17:20:36,063 - MCP Server - INFO - 📡 广播状态: settings_agent (settings_agent_1765876750) -> offline
2025-12-16 17:20:36,063 - MCP Server - INFO - 📡 广播状态: network_agent (network_agent_1765876751) -> offline
2025-12-16 17:20:36,064 - MCP Server - INFO - 📡 广播状态: app_agent (app_agent_1765876752) -> offline
2025-12-16 17:20:36,064 - MCP Server - INFO - 📡 广播状态: monitor_agent (monitor_agent_1765876753) -> offline
2025-12-16 17:20:36,064 - MCP Server - INFO - 📡 广播状态: media_agent (media_agent_1765876754) -> offline
2025-12-16 17:25:08,735 - MCP Server - WARNING - 协作日志模块未找到，日志记录功能不可用
2025-12-16 17:25:08,749 - MCP Server - INFO - MCP Server initialized and registered on DBus
2025-12-16 17:25:08,751 - MCP Server - INFO - Tool added: echo
2025-12-16 17:25:08,755 - MCP Server - INFO - Heartbeat monitor started (3s interval)
2025-12-16 17:25:08,755 - MCP Server - INFO - ============================================================
2025-12-16 17:25:08,755 - MCP Server - INFO - MCP Server started successfully
2025-12-16 17:25:08,755 - MCP Server - INFO - ============================================================
2025-12-16 17:25:08,756 - MCP Server - INFO - Service name: com.kylin.mcp.MasterAgent
2025-12-16 17:25:08,756 - MCP Server - INFO - Object path: /com/kylin/mcp/MasterAgent
2025-12-16 17:25:08,756 - MCP Server - INFO - Interface name: com.kylin.mcp.MasterAgent
2025-12-16 17:25:08,756 - MCP Server - INFO - 
2025-12-16 17:25:08,756 - MCP Server - INFO - 等待子智能体注册...
2025-12-16 17:25:08,756 - MCP Server - INFO - ============================================================
2025-12-16 17:25:12,203 - MCP Server - INFO - Child agent registered: file_agent (instance: file_agent_1765877112)
2025-12-16 17:25:12,205 - MCP Server - INFO -   Tools: ['file_agent.search_file', 'file_agent.move_to_trash', 'file_agent.batch_rename']
2025-12-16 17:25:13,336 - MCP Server - INFO - Child agent registered: settings_agent (instance: settings_agent_1765877113)
2025-12-16 17:25:13,339 - MCP Server - INFO -   Tools: ['settings_agent.change_wallpaper', 'settings_agent.adjust_volume', 'settings_agent.bluetooth_manage']
2025-12-16 17:25:14,090 - MCP Server - INFO - Child agent registered: network_agent (instance: network_agent_1765877114)
2025-12-16 17:25:14,092 - MCP Server - INFO -   Tools: ['network_agent.list_wifi', 'network_agent.connect_wifi', 'network_agent.disconnect_wifi', 'network_agent.get_wifi_status', 'network_agent.set_proxy', 'network_agent.clear_proxy', 'network_agent.get_proxy_status', 'network_agent.speed_test', 'network_agent.get_network_status']
2025-12-16 17:25:15,163 - MCP Server - INFO - Child agent registered: app_agent (instance: app_agent_1765877115)
2025-12-16 17:25:15,165 - MCP Server - INFO -   Tools: ['app_agent.find_app', 'app_agent.launch_app', 'app_agent.close_app', 'app_agent.list_running_apps', 'app_agent.is_app_running', 'app_agent.app_quick_operation']
2025-12-16 17:25:16,359 - MCP Server - INFO - Child agent registered: monitor_agent (instance: monitor_agent_1765877116)
2025-12-16 17:25:16,360 - MCP Server - INFO -   Tools: ['monitor_agent.get_system_status', 'monitor_agent.clean_background_process', 'monitor_agent.monitor_agent_status']
2025-12-16 17:25:17,231 - MCP Server - INFO - Child agent registered: media_agent (instance: media_agent_1765877117)
2025-12-16 17:25:17,234 - MCP Server - INFO -   Tools: ['media_agent.play_media', 'media_agent.media_control', 'media_agent.capture_media_frame']
2025-12-16 17:25:38,786 - MCP Server - INFO - 📡 广播状态: file_agent (file_agent_1765877112) -> busy
2025-12-16 17:25:38,789 - MCP Server - INFO - 📡 广播状态: settings_agent (settings_agent_1765877113) -> busy
2025-12-16 17:25:38,789 - MCP Server - INFO - 📡 广播状态: network_agent (network_agent_1765877114) -> busy
2025-12-16 17:25:38,790 - MCP Server - INFO - 📡 广播状态: app_agent (app_agent_1765877115) -> busy
2025-12-16 17:25:38,790 - MCP Server - INFO - 📡 广播状态: monitor_agent (monitor_agent_1765877116) -> busy
2025-12-16 17:25:38,790 - MCP Server - INFO - 📡 广播状态: media_agent (media_agent_1765877117) -> busy
2025-12-16 17:26:38,830 - MCP Server - INFO - 📡 广播状态: file_agent (file_agent_1765877112) -> offline
2025-12-16 17:26:38,831 - MCP Server - INFO - 📡 广播状态: settings_agent (settings_agent_1765877113) -> offline
2025-12-16 17:26:38,831 - MCP Server - INFO - 📡 广播状态: network_agent (network_agent_1765877114) -> offline
2025-12-16 17:26:38,831 - MCP Server - INFO - 📡 广播状态: app_agent (app_agent_1765877115) -> offline
2025-12-16 17:26:38,832 - MCP Server - INFO - 📡 广播状态: monitor_agent (monitor_agent_1765877116) -> offline
2025-12-16 17:26:38,832 - MCP Server - INFO - 📡 广播状态: media_agent (media_agent_1765877117) -> offline
2025-12-16 19:28:40,002 - MCP Server - WARNING - 协作日志模块未找到，日志记录功能不可用
2025-12-16 19:28:40,004 - MCP Server - INFO - MCP Server initialized and registered on DBus
2025-12-16 19:28:40,004 - MCP Server - INFO - Tool added: echo
2025-12-16 19:28:40,004 - MCP Server - INFO - Heartbeat monitor started (3s interval)
2025-12-16 19:28:40,004 - MCP Server - INFO - ============================================================
2025-12-16 19:28:40,004 - MCP Server - INFO - MCP Server started successfully
2025-12-16 19:28:40,004 - MCP Server - INFO - ============================================================
2025-12-16 19:28:40,004 - MCP Server - INFO - Service name: com.kylin.mcp.MasterAgent
2025-12-16 19:28:40,004 - MCP Server - INFO - Object path: /com/kylin/mcp/MasterAgent
2025-12-16 19:28:40,004 - MCP Server - INFO - Interface name: com.kylin.mcp.MasterAgent
2025-12-16 19:28:40,004 - MCP Server - INFO - 
2025-12-16 19:28:40,004 - MCP Server - INFO - 等待子智能体注册...
2025-12-16 19:28:40,004 - MCP Server - INFO - ============================================================
2025-12-16 19:28:43,040 - MCP Server - INFO - Child agent registered: file_agent (instance: file_agent_1765884523)
2025-12-16 19:28:43,040 - MCP Server - INFO -   Tools: ['file_agent.search_file', 'file_agent.move_to_trash', 'file_agent.batch_rename']
2025-12-16 19:28:44,042 - MCP Server - INFO - Child agent registered: settings_agent (instance: settings_agent_1765884524)
2025-12-16 19:28:44,043 - MCP Server - INFO -   Tools: ['settings_agent.change_wallpaper', 'settings_agent.adjust_volume', 'settings_agent.bluetooth_manage']
2025-12-16 19:28:45,047 - MCP Server - INFO - Child agent registered: network_agent (instance: network_agent_1765884525)
2025-12-16 19:28:45,047 - MCP Server - INFO -   Tools: ['network_agent.list_wifi', 'network_agent.connect_wifi', 'network_agent.disconnect_wifi', 'network_agent.get_wifi_status', 'network_agent.set_proxy', 'network_agent.clear_proxy', 'network_agent.get_proxy_status', 'network_agent.speed_test', 'network_agent.get_network_status']
2025-12-16 19:28:46,057 - MCP Server - INFO - Child agent registered: app_agent (instance: app_agent_1765884526)
2025-12-16 19:28:46,057 - MCP Server - INFO -   Tools: ['app_agent.find_app', 'app_agent.launch_app', 'app_agent.close_app', 'app_agent.list_running_apps', 'app_agent.is_app_running', 'app_agent.app_quick_operation']
2025-12-16 19:28:47,061 - MCP Server - INFO - Child agent registered: monitor_agent (instance: monitor_agent_1765884527)
2025-12-16 19:28:47,061 - MCP Server - INFO -   Tools: ['monitor_agent.get_system_status', 'monitor_agent.clean_background_process', 'monitor_agent.monitor_agent_status']
2025-12-16 19:28:48,058 - MCP Server - INFO - Child agent registered: media_agent (instance: media_agent_1765884528)
2025-12-16 19:28:48,058 - MCP Server - INFO -   Tools: ['media_agent.play_media', 'media_agent.media_control', 'media_agent.capture_media_frame']
2025-12-16 19:29:10,034 - MCP Server - INFO - 📡 广播状态: file_agent (file_agent_1765884523) -> busy
2025-12-16 19:29:10,035 - MCP Server - INFO - 📡 广播状态: settings_agent (settings_agent_1765884524) -> busy
2025-12-16 19:29:10,035 - MCP Server - INFO - 📡 广播状态: network_agent (network_agent_1765884525) -> busy
2025-12-16 19:29:10,035 - MCP Server - INFO - 📡 广播状态: app_agent (app_agent_1765884526) -> busy
2025-12-16 19:29:10,035 - MCP Server - INFO - 📡 广播状态: monitor_agent (monitor_agent_1765884527) -> busy
2025-12-16 19:29:10,036 - MCP Server - INFO - 📡 广播状态: media_agent (media_agent_1765884528) -> busy
2025-12-16 19:30:14,704 - MCP Server - WARNING - 协作日志模块未找到，日志记录功能不可用
2025-12-16 19:30:14,705 - MCP Server - INFO - MCP Server initialized and registered on DBus
2025-12-16 19:30:14,705 - MCP Server - INFO - Tool added: echo
2025-12-16 19:30:14,706 - MCP Server - INFO - Heartbeat monitor started (3s interval)
2025-12-16 19:30:14,706 - MCP Server - INFO - ============================================================
2025-12-16 19:30:14,706 - MCP Server - INFO - MCP Server started successfully
2025-12-16 19:30:14,706 - MCP Server - INFO - ============================================================
2025-12-16 19:30:14,706 - MCP Server - INFO - Service name: com.kylin.mcp.MasterAgent
2025-12-16 19:30:14,706 - MCP Server - INFO - Object path: /com/kylin/mcp/MasterAgent
2025-12-16 19:30:14,706 - MCP Server - INFO - Interface name: com.kylin.mcp.MasterAgent
2025-12-16 19:30:14,706 - MCP Server - INFO - 
2025-12-16 19:30:14,706 - MCP Server - INFO - 等待子智能体注册...
2025-12-16 19:30:14,706 - MCP Server - INFO - ============================================================
2025-12-16 19:30:17,737 - MCP Server - INFO - Child agent registered: file_agent (instance: file_agent_1765884617)
2025-12-16 19:30:17,737 - MCP Server - INFO -   Tools: ['file_agent.search_file', 'file_agent.move_to_trash', 'file_agent.batch_rename']
2025-12-16 19:30:18,742 - MCP Server - INFO - Child agent registered: settings_agent (instance: settings_agent_1765884618)
2025-12-16 19:30:18,742 - MCP Server - INFO -   Tools: ['settings_agent.change_wallpaper', 'settings_agent.adjust_volume', 'settings_agent.bluetooth_manage']
2025-12-16 19:30:19,743 - MCP Server - INFO - Child agent registered: network_agent (instance: network_agent_1765884619)
2025-12-16 19:30:19,744 - MCP Server - INFO -   Tools: ['network_agent.list_wifi', 'network_agent.connect_wifi', 'network_agent.disconnect_wifi', 'network_agent.get_wifi_status', 'network_agent.set_proxy', 'network_agent.clear_proxy', 'network_agent.get_proxy_status', 'network_agent.speed_test', 'network_agent.get_network_status']
2025-12-16 19:30:20,756 - MCP Server - INFO - Child agent registered: app_agent (instance: app_agent_1765884620)
2025-12-16 19:30:20,756 - MCP Server - INFO -   Tools: ['app_agent.find_app', 'app_agent.launch_app', 'app_agent.close_app', 'app_agent.list_running_apps', 'app_agent.is_app_running', 'app_agent.app_quick_operation']
2025-12-16 19:30:21,753 - MCP Server - INFO - Child agent registered: monitor_agent (instance: monitor_agent_1765884621)
2025-12-16 19:30:21,753 - MCP Server - INFO -   Tools: ['monitor_agent.get_system_status', 'monitor_agent.clean_background_process', 'monitor_agent.monitor_agent_status']
2025-12-16 19:30:22,755 - MCP Server - INFO - Child agent registered: media_agent (instance: media_agent_1765884622)
2025-12-16 19:30:22,755 - MCP Server - INFO -   Tools: ['media_agent.play_media', 'media_agent.media_control', 'media_agent.capture_media_frame']
2025-12-16 19:30:44,711 - MCP Server - INFO - 📡 广播状态: file_agent (file_agent_1765884617) -> busy
2025-12-16 19:30:44,711 - MCP Server - INFO - 📡 广播状态: settings_agent (settings_agent_1765884618) -> busy
2025-12-16 19:30:44,712 - MCP Server - INFO - 📡 广播状态: network_agent (network_agent_1765884619) -> busy
2025-12-16 19:30:44,712 - MCP Server - INFO - 📡 广播状态: app_agent (app_agent_1765884620) -> busy
2025-12-16 19:30:44,712 - MCP Server - INFO - 📡 广播状态: monitor_agent (monitor_agent_1765884621) -> busy
2025-12-16 19:30:44,712 - MCP Server - INFO - 📡 广播状态: media_agent (media_agent_1765884622) -> busy
2025-12-16 19:31:44,772 - MCP Server - INFO - 📡 广播状态: file_agent (file_agent_1765884617) -> offline
2025-12-16 19:31:44,772 - MCP Server - INFO - 📡 广播状态: settings_agent (settings_agent_1765884618) -> offline
2025-12-16 19:31:44,773 - MCP Server - INFO - 📡 广播状态: network_agent (network_agent_1765884619) -> offline
2025-12-16 19:31:44,773 - MCP Server - INFO - 📡 广播状态: app_agent (app_agent_1765884620) -> offline
2025-12-16 19:31:44,773 - MCP Server - INFO - 📡 广播状态: monitor_agent (monitor_agent_1765884621) -> offline
2025-12-16 19:31:44,773 - MCP Server - INFO - 📡 广播状态: media_agent (media_agent_1765884622) -> offline
2025-12-16 19:31:56,533 - MCP Server - WARNING - 协作日志模块未找到，日志记录功能不可用
2025-12-16 19:31:56,534 - MCP Server - INFO - MCP Server initialized and registered on DBus
2025-12-16 19:31:56,534 - MCP Server - INFO - Tool added: echo
2025-12-16 19:31:56,534 - MCP Server - INFO - Heartbeat monitor started (3s interval)
2025-12-16 19:31:56,534 - MCP Server - INFO - ============================================================
2025-12-16 19:31:56,534 - MCP Server - INFO - MCP Server started successfully
2025-12-16 19:31:56,534 - MCP Server - INFO - ============================================================
2025-12-16 19:31:56,534 - MCP Server - INFO - Service name: com.kylin.mcp.MasterAgent
2025-12-16 19:31:56,534 - MCP Server - INFO - Object path: /com/kylin/mcp/MasterAgent
2025-12-16 19:31:56,534 - MCP Server - INFO - Interface name: com.kylin.mcp.MasterAgent
2025-12-16 19:31:56,534 - MCP Server - INFO - 
2025-12-16 19:31:56,534 - MCP Server - INFO - 等待子智能体注册...
2025-12-16 19:31:56,534 - MCP Server - INFO - ============================================================
2025-12-16 19:31:59,557 - MCP Server - INFO - Child agent registered: file_agent (instance: file_agent_1765884719)
2025-12-16 19:31:59,557 - MCP Server - INFO -   Tools: ['file_agent.search_file', 'file_agent.move_to_trash', 'file_agent.batch_rename']
2025-12-16 19:32:00,556 - MCP Server - INFO - Child agent registered: settings_agent (instance: settings_agent_1765884720)
2025-12-16 19:32:00,556 - MCP Server - INFO -   Tools: ['settings_agent.change_wallpaper', 'settings_agent.adjust_volume', 'settings_agent.bluetooth_manage']
2025-12-16 19:32:01,560 - MCP Server - INFO - Child agent registered: network_agent (instance: network_agent_1765884721)
2025-12-16 19:32:01,560 - MCP Server - INFO -   Tools: ['network_agent.list_wifi', 'network_agent.connect_wifi', 'network_agent.disconnect_wifi', 'network_agent.get_wifi_status', 'network_agent.set_proxy', 'network_agent.clear_proxy', 'network_agent.get_proxy_status', 'network_agent.speed_test', 'network_agent.get_network_status']
2025-12-16 19:32:02,573 - MCP Server - INFO - Child agent registered: app_agent (instance: app_agent_1765884722)
2025-12-16 19:32:02,574 - MCP Server - INFO -   Tools: ['app_agent.find_app', 'app_agent.launch_app', 'app_agent.close_app', 'app_agent.list_running_apps', 'app_agent.is_app_running', 'app_agent.app_quick_operation']
2025-12-16 19:32:03,577 - MCP Server - INFO - Child agent registered: monitor_agent (instance: monitor_agent_1765884723)
2025-12-16 19:32:03,578 - MCP Server - INFO -   Tools: ['monitor_agent.get_system_status', 'monitor_agent.clean_background_process', 'monitor_agent.monitor_agent_status']
2025-12-16 19:32:04,572 - MCP Server - INFO - Child agent registered: media_agent (instance: media_agent_1765884724)
2025-12-16 19:32:04,572 - MCP Server - INFO -   Tools: ['media_agent.play_media', 'media_agent.media_control', 'media_agent.capture_media_frame']
2025-12-16 19:32:26,564 - MCP Server - INFO - 📡 广播状态: file_agent (file_agent_1765884719) -> busy
2025-12-16 19:32:26,564 - MCP Server - INFO - 📡 广播状态: settings_agent (settings_agent_1765884720) -> busy
2025-12-16 19:32:26,564 - MCP Server - INFO - 📡 广播状态: network_agent (network_agent_1765884721) -> busy
2025-12-16 19:32:26,564 - MCP Server - INFO - 📡 广播状态: app_agent (app_agent_1765884722) -> busy
2025-12-16 19:32:26,564 - MCP Server - INFO - 📡 广播状态: monitor_agent (monitor_agent_1765884723) -> busy
2025-12-16 19:32:26,564 - MCP Server - INFO - 📡 广播状态: media_agent (media_agent_1765884724) -> busy
2025-12-16 19:33:08,188 - MCP Server - WARNING - 协作日志模块未找到，日志记录功能不可用
2025-12-16 19:33:08,189 - MCP Server - INFO - MCP Server initialized and registered on DBus
2025-12-16 19:33:08,189 - MCP Server - INFO - Tool added: echo
2025-12-16 19:33:08,190 - MCP Server - INFO - Heartbeat monitor started (3s interval)
2025-12-16 19:33:08,190 - MCP Server - INFO - ============================================================
2025-12-16 19:33:08,190 - MCP Server - INFO - MCP Server started successfully
2025-12-16 19:33:08,190 - MCP Server - INFO - ============================================================
2025-12-16 19:33:08,190 - MCP Server - INFO - Service name: com.kylin.mcp.MasterAgent
2025-12-16 19:33:08,190 - MCP Server - INFO - Object path: /com/kylin/mcp/MasterAgent
2025-12-16 19:33:08,190 - MCP Server - INFO - Interface name: com.kylin.mcp.MasterAgent
2025-12-16 19:33:08,190 - MCP Server - INFO - 
2025-12-16 19:33:08,190 - MCP Server - INFO - 等待子智能体注册...
2025-12-16 19:33:08,190 - MCP Server - INFO - ============================================================
2025-12-16 19:33:11,227 - MCP Server - INFO - Child agent registered: file_agent (instance: file_agent_1765884791)
2025-12-16 19:33:11,228 - MCP Server - INFO -   Tools: ['file_agent.search_file', 'file_agent.move_to_trash', 'file_agent.batch_rename']
2025-12-16 19:33:12,225 - MCP Server - INFO - Child agent registered: settings_agent (instance: settings_agent_1765884792)
2025-12-16 19:33:12,225 - MCP Server - INFO -   Tools: ['settings_agent.change_wallpaper', 'settings_agent.adjust_volume', 'settings_agent.bluetooth_manage']
2025-12-16 19:33:13,232 - MCP Server - INFO - Child agent registered: network_agent (instance: network_agent_1765884793)
2025-12-16 19:33:13,232 - MCP Server - INFO -   Tools: ['network_agent.list_wifi', 'network_agent.connect_wifi', 'network_agent.disconnect_wifi', 'network_agent.get_wifi_status', 'network_agent.set_proxy', 'network_agent.clear_proxy', 'network_agent.get_proxy_status', 'network_agent.speed_test', 'network_agent.get_network_status']
2025-12-16 19:33:14,241 - MCP Server - INFO - Child agent registered: app_agent (instance: app_agent_1765884794)
2025-12-16 19:33:14,242 - MCP Server - INFO -   Tools: ['app_agent.find_app', 'app_agent.launch_app', 'app_agent.close_app', 'app_agent.list_running_apps', 'app_agent.is_app_running', 'app_agent.app_quick_operation']
2025-12-16 19:33:15,244 - MCP Server - INFO - Child agent registered: monitor_agent (instance: monitor_agent_1765884795)
2025-12-16 19:33:15,244 - MCP Server - INFO -   Tools: ['monitor_agent.get_system_status', 'monitor_agent.clean_background_process', 'monitor_agent.monitor_agent_status']
2025-12-16 19:33:16,243 - MCP Server - INFO - Child agent registered: media_agent (instance: media_agent_1765884796)
2025-12-16 19:33:16,243 - MCP Server - INFO -   Tools: ['media_agent.play_media', 'media_agent.media_control', 'media_agent.capture_media_frame']
2025-12-16 19:33:38,220 - MCP Server - INFO - 📡 广播状态: file_agent (file_agent_1765884791) -> busy
2025-12-16 19:33:38,220 - MCP Server - INFO - 📡 广播状态: settings_agent (settings_agent_1765884792) -> busy
2025-12-16 19:33:38,220 - MCP Server - INFO - 📡 广播状态: network_agent (network_agent_1765884793) -> busy
2025-12-16 19:33:38,220 - MCP Server - INFO - 📡 广播状态: app_agent (app_agent_1765884794) -> busy
2025-12-16 19:33:38,221 - MCP Server - INFO - 📡 广播状态: monitor_agent (monitor_agent_1765884795) -> busy
2025-12-16 19:33:38,221 - MCP Server - INFO - 📡 广播状态: media_agent (media_agent_1765884796) -> busy
2025-12-16 19:34:38,258 - MCP Server - INFO - 📡 广播状态: file_agent (file_agent_1765884791) -> offline
2025-12-16 19:34:38,258 - MCP Server - INFO - 📡 广播状态: settings_agent (settings_agent_1765884792) -> offline
2025-12-16 19:34:38,258 - MCP Server - INFO - 📡 广播状态: network_agent (network_agent_1765884793) -> offline
2025-12-16 19:34:38,258 - MCP Server - INFO - 📡 广播状态: app_agent (app_agent_1765884794) -> offline
2025-12-16 19:34:38,259 - MCP Server - INFO - 📡 广播状态: monitor_agent (monitor_agent_1765884795) -> offline
2025-12-16 19:34:38,259 - MCP Server - INFO - 📡 广播状态: media_agent (media_agent_1765884796) -> offline
2025-12-16 19:44:58,569 - MCP Server - WARNING - 协作日志模块未找到，日志记录功能不可用
2025-12-16 19:44:58,570 - MCP Server - INFO - MCP Server initialized and registered on DBus
2025-12-16 19:44:58,570 - MCP Server - INFO - Tool added: echo
2025-12-16 19:44:58,570 - MCP Server - INFO - Heartbeat monitor started (3s interval)
2025-12-16 19:44:58,570 - MCP Server - INFO - ============================================================
2025-12-16 19:44:58,570 - MCP Server - INFO - MCP Server started successfully
2025-12-16 19:44:58,570 - MCP Server - INFO - ============================================================
2025-12-16 19:44:58,570 - MCP Server - INFO - Service name: com.kylin.mcp.MasterAgent
2025-12-16 19:44:58,570 - MCP Server - INFO - Object path: /com/kylin/mcp/MasterAgent
2025-12-16 19:44:58,570 - MCP Server - INFO - Interface name: com.kylin.mcp.MasterAgent
2025-12-16 19:44:58,570 - MCP Server - INFO - 
2025-12-16 19:44:58,570 - MCP Server - INFO - 等待子智能体注册...
2025-12-16 19:44:58,570 - MCP Server - INFO - ============================================================
2025-12-16 19:45:01,606 - MCP Server - INFO - Child agent registered: file_agent (instance: file_agent_1765885501)
2025-12-16 19:45:01,606 - MCP Server - INFO -   Tools: ['file_agent.search_file', 'file_agent.move_to_trash', 'file_agent.batch_rename']
2025-12-16 19:45:02,606 - MCP Server - INFO - Child agent registered: settings_agent (instance: settings_agent_1765885502)
2025-12-16 19:45:02,607 - MCP Server - INFO -   Tools: ['settings_agent.change_wallpaper', 'settings_agent.adjust_volume', 'settings_agent.bluetooth_manage']
2025-12-16 19:45:03,608 - MCP Server - INFO - Child agent registered: network_agent (instance: network_agent_1765885503)
2025-12-16 19:45:03,609 - MCP Server - INFO -   Tools: ['network_agent.list_wifi', 'network_agent.connect_wifi', 'network_agent.disconnect_wifi', 'network_agent.get_wifi_status', 'network_agent.set_proxy', 'network_agent.clear_proxy', 'network_agent.get_proxy_status', 'network_agent.speed_test', 'network_agent.get_network_status']
2025-12-16 19:45:04,619 - MCP Server - INFO - Child agent registered: app_agent (instance: app_agent_1765885504)
2025-12-16 19:45:04,619 - MCP Server - INFO -   Tools: ['app_agent.find_app', 'app_agent.launch_app', 'app_agent.close_app', 'app_agent.list_running_apps', 'app_agent.is_app_running', 'app_agent.app_quick_operation']
2025-12-16 19:45:05,623 - MCP Server - INFO - Child agent registered: monitor_agent (instance: monitor_agent_1765885505)
2025-12-16 19:45:05,623 - MCP Server - INFO -   Tools: ['monitor_agent.get_system_status', 'monitor_agent.clean_background_process', 'monitor_agent.monitor_agent_status']
2025-12-16 19:45:06,618 - MCP Server - INFO - Child agent registered: media_agent (instance: media_agent_1765885506)
2025-12-16 19:45:06,619 - MCP Server - INFO -   Tools: ['media_agent.play_media', 'media_agent.media_control', 'media_agent.capture_media_frame']
2025-12-16 19:45:24,218 - MCP Server - WARNING - 协作日志模块未找到，日志记录功能不可用
2025-12-16 19:45:24,219 - MCP Server - INFO - MCP Server initialized and registered on DBus
2025-12-16 19:45:24,219 - MCP Server - INFO - Tool added: echo
2025-12-16 19:45:24,219 - MCP Server - INFO - Heartbeat monitor started (3s interval)
2025-12-16 19:45:24,219 - MCP Server - INFO - ============================================================
2025-12-16 19:45:24,219 - MCP Server - INFO - MCP Server started successfully
2025-12-16 19:45:24,219 - MCP Server - INFO - ============================================================
2025-12-16 19:45:24,219 - MCP Server - INFO - Service name: com.kylin.mcp.MasterAgent
2025-12-16 19:45:24,219 - MCP Server - INFO - Object path: /com/kylin/mcp/MasterAgent
2025-12-16 19:45:24,219 - MCP Server - INFO - Interface name: com.kylin.mcp.MasterAgent
2025-12-16 19:45:24,220 - MCP Server - INFO - 
2025-12-16 19:45:24,220 - MCP Server - INFO - 等待子智能体注册...
2025-12-16 19:45:24,220 - MCP Server - INFO - ============================================================
2025-12-16 19:45:27,255 - MCP Server - INFO - Child agent registered: file_agent (instance: file_agent_1765885527)
2025-12-16 19:45:27,256 - MCP Server - INFO -   Tools: ['file_agent.search_file', 'file_agent.move_to_trash', 'file_agent.batch_rename']
2025-12-16 19:45:28,257 - MCP Server - INFO - Child agent registered: settings_agent (instance: settings_agent_1765885528)
2025-12-16 19:45:28,258 - MCP Server - INFO -   Tools: ['settings_agent.change_wallpaper', 'settings_agent.adjust_volume', 'settings_agent.bluetooth_manage']
2025-12-16 19:45:28,600 - MCP Server - INFO - 📡 广播状态: file_agent (file_agent_1765885501) -> busy
2025-12-16 19:45:28,601 - MCP Server - INFO - 📡 广播状态: settings_agent (settings_agent_1765885502) -> busy
2025-12-16 19:45:28,601 - MCP Server - INFO - 📡 广播状态: network_agent (network_agent_1765885503) -> busy
2025-12-16 19:45:28,601 - MCP Server - INFO - 📡 广播状态: app_agent (app_agent_1765885504) -> busy
2025-12-16 19:45:28,601 - MCP Server - INFO - 📡 广播状态: monitor_agent (monitor_agent_1765885505) -> busy
2025-12-16 19:45:28,601 - MCP Server - INFO - 📡 广播状态: media_agent (media_agent_1765885506) -> busy
2025-12-16 19:45:29,261 - MCP Server - INFO - Child agent registered: network_agent (instance: network_agent_1765885529)
2025-12-16 19:45:29,262 - MCP Server - INFO -   Tools: ['network_agent.list_wifi', 'network_agent.connect_wifi', 'network_agent.disconnect_wifi', 'network_agent.get_wifi_status', 'network_agent.set_proxy', 'network_agent.clear_proxy', 'network_agent.get_proxy_status', 'network_agent.speed_test', 'network_agent.get_network_status']
2025-12-16 19:45:30,269 - MCP Server - INFO - Child agent registered: app_agent (instance: app_agent_1765885530)
2025-12-16 19:45:30,269 - MCP Server - INFO -   Tools: ['app_agent.find_app', 'app_agent.launch_app', 'app_agent.close_app', 'app_agent.list_running_apps', 'app_agent.is_app_running', 'app_agent.app_quick_operation']
2025-12-16 19:45:31,271 - MCP Server - INFO - Child agent registered: monitor_agent (instance: monitor_agent_1765885531)
2025-12-16 19:45:31,271 - MCP Server - INFO -   Tools: ['monitor_agent.get_system_status', 'monitor_agent.clean_background_process', 'monitor_agent.monitor_agent_status']
2025-12-16 19:45:32,268 - MCP Server - INFO - Child agent registered: media_agent (instance: media_agent_1765885532)
2025-12-16 19:45:32,268 - MCP Server - INFO -   Tools: ['media_agent.play_media', 'media_agent.media_control', 'media_agent.capture_media_frame']
2025-12-16 19:45:54,232 - MCP Server - INFO - 📡 广播状态: file_agent (file_agent_1765885527) -> busy
2025-12-16 19:45:54,232 - MCP Server - INFO - 📡 广播状态: settings_agent (settings_agent_1765885528) -> busy
2025-12-16 19:45:54,232 - MCP Server - INFO - 📡 广播状态: network_agent (network_agent_1765885529) -> busy
2025-12-16 19:45:54,233 - MCP Server - INFO - 📡 广播状态: app_agent (app_agent_1765885530) -> busy
2025-12-16 19:45:54,233 - MCP Server - INFO - 📡 广播状态: monitor_agent (monitor_agent_1765885531) -> busy
2025-12-16 19:45:54,233 - MCP Server - INFO - 📡 广播状态: media_agent (media_agent_1765885532) -> busy
2025-12-16 19:46:28,662 - MCP Server - INFO - 📡 广播状态: file_agent (file_agent_1765885501) -> offline
2025-12-16 19:46:28,662 - MCP Server - INFO - 📡 广播状态: settings_agent (settings_agent_1765885502) -> offline
2025-12-16 19:46:28,662 - MCP Server - INFO - 📡 广播状态: network_agent (network_agent_1765885503) -> offline
2025-12-16 19:46:28,662 - MCP Server - INFO - 📡 广播状态: app_agent (app_agent_1765885504) -> offline
2025-12-16 19:46:28,662 - MCP Server - INFO - 📡 广播状态: monitor_agent (monitor_agent_1765885505) -> offline
2025-12-16 19:46:28,663 - MCP Server - INFO - 📡 广播状态: media_agent (media_agent_1765885506) -> offline
2025-12-16 19:46:54,286 - MCP Server - INFO - 📡 广播状态: file_agent (file_agent_1765885527) -> offline
2025-12-16 19:46:54,286 - MCP Server - INFO - 📡 广播状态: settings_agent (settings_agent_1765885528) -> offline
2025-12-16 19:46:54,286 - MCP Server - INFO - 📡 广播状态: network_agent (network_agent_1765885529) -> offline
2025-12-16 19:46:54,287 - MCP Server - INFO - 📡 广播状态: app_agent (app_agent_1765885530) -> offline
2025-12-16 19:46:54,287 - MCP Server - INFO - 📡 广播状态: monitor_agent (monitor_agent_1765885531) -> offline
2025-12-16 19:46:54,287 - MCP Server - INFO - 📡 广播状态: media_agent (media_agent_1765885532) -> offline
2025-12-16 19:48:33,467 - MCP Server - WARNING - 协作日志模块未找到，日志记录功能不可用
2025-12-16 19:48:33,468 - MCP Server - INFO - MCP Server initialized and registered on DBus
2025-12-16 19:48:33,468 - MCP Server - INFO - Tool added: echo
2025-12-16 19:48:33,469 - MCP Server - INFO - Heartbeat monitor started (3s interval)
2025-12-16 19:48:33,469 - MCP Server - INFO - ============================================================
2025-12-16 19:48:33,469 - MCP Server - INFO - MCP Server started successfully
2025-12-16 19:48:33,469 - MCP Server - INFO - ============================================================
2025-12-16 19:48:33,469 - MCP Server - INFO - Service name: com.kylin.mcp.MasterAgent
2025-12-16 19:48:33,469 - MCP Server - INFO - Object path: /com/kylin/mcp/MasterAgent
2025-12-16 19:48:33,469 - MCP Server - INFO - Interface name: com.kylin.mcp.MasterAgent
2025-12-16 19:48:33,469 - MCP Server - INFO - 
2025-12-16 19:48:33,469 - MCP Server - INFO - 等待子智能体注册...
2025-12-16 19:48:33,469 - MCP Server - INFO - ============================================================
2025-12-16 19:48:36,495 - MCP Server - INFO - Child agent registered: file_agent (instance: file_agent_1765885716)
2025-12-16 19:48:36,496 - MCP Server - INFO -   Tools: ['file_agent.search_file', 'file_agent.move_to_trash', 'file_agent.batch_rename']
2025-12-16 19:48:37,500 - MCP Server - INFO - Child agent registered: settings_agent (instance: settings_agent_1765885717)
2025-12-16 19:48:37,500 - MCP Server - INFO -   Tools: ['settings_agent.change_wallpaper', 'settings_agent.adjust_volume', 'settings_agent.bluetooth_manage']
2025-12-16 19:48:38,501 - MCP Server - INFO - Child agent registered: network_agent (instance: network_agent_1765885718)
2025-12-16 19:48:38,501 - MCP Server - INFO -   Tools: ['network_agent.list_wifi', 'network_agent.connect_wifi', 'network_agent.disconnect_wifi', 'network_agent.get_wifi_status', 'network_agent.set_proxy', 'network_agent.clear_proxy', 'network_agent.get_proxy_status', 'network_agent.speed_test', 'network_agent.get_network_status']
2025-12-16 19:48:39,516 - MCP Server - INFO - Child agent registered: app_agent (instance: app_agent_1765885719)
2025-12-16 19:48:39,516 - MCP Server - INFO -   Tools: ['app_agent.find_app', 'app_agent.launch_app', 'app_agent.close_app', 'app_agent.list_running_apps', 'app_agent.is_app_running', 'app_agent.app_quick_operation']
2025-12-16 19:48:40,516 - MCP Server - INFO - Child agent registered: monitor_agent (instance: monitor_agent_1765885720)
2025-12-16 19:48:40,516 - MCP Server - INFO -   Tools: ['monitor_agent.get_system_status', 'monitor_agent.clean_background_process', 'monitor_agent.monitor_agent_status']
2025-12-16 19:48:41,513 - MCP Server - INFO - Child agent registered: media_agent (instance: media_agent_1765885721)
2025-12-16 19:48:41,513 - MCP Server - INFO -   Tools: ['media_agent.play_media', 'media_agent.media_control', 'media_agent.capture_media_frame']
2025-12-16 19:49:03,493 - MCP Server - INFO - 📡 广播状态: file_agent (file_agent_1765885716) -> busy
2025-12-16 19:49:03,494 - MCP Server - INFO - 📡 广播状态: settings_agent (settings_agent_1765885717) -> busy
2025-12-16 19:49:03,494 - MCP Server - INFO - 📡 广播状态: network_agent (network_agent_1765885718) -> busy
2025-12-16 19:49:03,494 - MCP Server - INFO - 📡 广播状态: app_agent (app_agent_1765885719) -> busy
2025-12-16 19:49:03,494 - MCP Server - INFO - 📡 广播状态: monitor_agent (monitor_agent_1765885720) -> busy
2025-12-16 19:49:03,494 - MCP Server - INFO - 📡 广播状态: media_agent (media_agent_1765885721) -> busy
2025-12-16 19:49:18,912 - MCP Server - WARNING - 协作日志模块未找到，日志记录功能不可用
2025-12-16 19:49:18,913 - MCP Server - INFO - MCP Server initialized and registered on DBus
2025-12-16 19:49:18,914 - MCP Server - INFO - Tool added: echo
2025-12-16 19:49:18,914 - MCP Server - INFO - Heartbeat monitor started (3s interval)
2025-12-16 19:49:18,914 - MCP Server - INFO - ============================================================
2025-12-16 19:49:18,914 - MCP Server - INFO - MCP Server started successfully
2025-12-16 19:49:18,914 - MCP Server - INFO - ============================================================
2025-12-16 19:49:18,914 - MCP Server - INFO - Service name: com.kylin.mcp.MasterAgent
2025-12-16 19:49:18,914 - MCP Server - INFO - Object path: /com/kylin/mcp/MasterAgent
2025-12-16 19:49:18,914 - MCP Server - INFO - Interface name: com.kylin.mcp.MasterAgent
2025-12-16 19:49:18,914 - MCP Server - INFO - 
2025-12-16 19:49:18,914 - MCP Server - INFO - 等待子智能体注册...
2025-12-16 19:49:18,914 - MCP Server - INFO - ============================================================
2025-12-16 19:49:21,962 - MCP Server - INFO - Child agent registered: file_agent (instance: file_agent_1765885761)
2025-12-16 19:49:21,962 - MCP Server - INFO -   Tools: ['file_agent.search_file', 'file_agent.move_to_trash', 'file_agent.batch_rename']
2025-12-16 19:49:22,959 - MCP Server - INFO - Child agent registered: settings_agent (instance: settings_agent_1765885762)
2025-12-16 19:49:22,959 - MCP Server - INFO -   Tools: ['settings_agent.change_wallpaper', 'settings_agent.adjust_volume', 'settings_agent.bluetooth_manage']
2025-12-16 19:49:23,969 - MCP Server - INFO - Child agent registered: network_agent (instance: network_agent_1765885763)
2025-12-16 19:49:23,969 - MCP Server - INFO -   Tools: ['network_agent.list_wifi', 'network_agent.connect_wifi', 'network_agent.disconnect_wifi', 'network_agent.get_wifi_status', 'network_agent.set_proxy', 'network_agent.clear_proxy', 'network_agent.get_proxy_status', 'network_agent.speed_test', 'network_agent.get_network_status']
2025-12-16 19:49:24,974 - MCP Server - INFO - Child agent registered: app_agent (instance: app_agent_1765885764)
2025-12-16 19:49:24,975 - MCP Server - INFO -   Tools: ['app_agent.find_app', 'app_agent.launch_app', 'app_agent.close_app', 'app_agent.list_running_apps', 'app_agent.is_app_running', 'app_agent.app_quick_operation']
2025-12-16 19:49:25,983 - MCP Server - INFO - Child agent registered: monitor_agent (instance: monitor_agent_1765885765)
2025-12-16 19:49:25,983 - MCP Server - INFO -   Tools: ['monitor_agent.get_system_status', 'monitor_agent.clean_background_process', 'monitor_agent.monitor_agent_status']
2025-12-16 19:49:26,973 - MCP Server - INFO - Child agent registered: media_agent (instance: media_agent_1765885766)
2025-12-16 19:49:26,973 - MCP Server - INFO -   Tools: ['media_agent.play_media', 'media_agent.media_control', 'media_agent.capture_media_frame']
2025-12-16 19:49:48,944 - MCP Server - INFO - 📡 广播状态: file_agent (file_agent_1765885761) -> busy
2025-12-16 19:49:48,944 - MCP Server - INFO - 📡 广播状态: settings_agent (settings_agent_1765885762) -> busy
2025-12-16 19:49:48,945 - MCP Server - INFO - 📡 广播状态: network_agent (network_agent_1765885763) -> busy
2025-12-16 19:49:48,945 - MCP Server - INFO - 📡 广播状态: app_agent (app_agent_1765885764) -> busy
2025-12-16 19:49:48,945 - MCP Server - INFO - 📡 广播状态: monitor_agent (monitor_agent_1765885765) -> busy
2025-12-16 19:49:48,945 - MCP Server - INFO - 📡 广播状态: media_agent (media_agent_1765885766) -> busy
2025-12-16 19:50:03,547 - MCP Server - INFO - 📡 广播状态: file_agent (file_agent_1765885716) -> offline
2025-12-16 19:50:03,547 - MCP Server - INFO - 📡 广播状态: settings_agent (settings_agent_1765885717) -> offline
2025-12-16 19:50:03,547 - MCP Server - INFO - 📡 广播状态: network_agent (network_agent_1765885718) -> offline
2025-12-16 19:50:03,548 - MCP Server - INFO - 📡 广播状态: app_agent (app_agent_1765885719) -> offline
2025-12-16 19:50:03,548 - MCP Server - INFO - 📡 广播状态: monitor_agent (monitor_agent_1765885720) -> offline
2025-12-16 19:50:03,548 - MCP Server - INFO - 📡 广播状态: media_agent (media_agent_1765885721) -> offline
2025-12-16 19:50:49,005 - MCP Server - INFO - 📡 广播状态: file_agent (file_agent_1765885761) -> offline
2025-12-16 19:50:49,006 - MCP Server - INFO - 📡 广播状态: settings_agent (settings_agent_1765885762) -> offline
2025-12-16 19:50:49,006 - MCP Server - INFO - 📡 广播状态: network_agent (network_agent_1765885763) -> offline
2025-12-16 19:50:49,006 - MCP Server - INFO - 📡 广播状态: app_agent (app_agent_1765885764) -> offline
2025-12-16 19:50:49,006 - MCP Server - INFO - 📡 广播状态: monitor_agent (monitor_agent_1765885765) -> offline
2025-12-16 19:50:49,006 - MCP Server - INFO - 📡 广播状态: media_agent (media_agent_1765885766) -> offline
2025-12-16 19:55:02,502 - MCP Server - WARNING - 协作日志模块未找到，日志记录功能不可用
2025-12-16 19:55:02,503 - MCP Server - INFO - MCP Server initialized and registered on DBus
2025-12-16 19:55:02,503 - MCP Server - INFO - Tool added: echo
2025-12-16 19:55:02,504 - MCP Server - INFO - Heartbeat monitor started (3s interval)
2025-12-16 19:55:02,504 - MCP Server - INFO - ============================================================
2025-12-16 19:55:02,504 - MCP Server - INFO - MCP Server started successfully
2025-12-16 19:55:02,504 - MCP Server - INFO - ============================================================
2025-12-16 19:55:02,504 - MCP Server - INFO - Service name: com.kylin.mcp.MasterAgent
2025-12-16 19:55:02,504 - MCP Server - INFO - Object path: /com/kylin/mcp/MasterAgent
2025-12-16 19:55:02,504 - MCP Server - INFO - Interface name: com.kylin.mcp.MasterAgent
2025-12-16 19:55:02,504 - MCP Server - INFO - 
2025-12-16 19:55:02,504 - MCP Server - INFO - 等待子智能体注册...
2025-12-16 19:55:02,504 - MCP Server - INFO - ============================================================
2025-12-16 19:55:05,540 - MCP Server - INFO - Child agent registered: file_agent (instance: file_agent_1765886105)
2025-12-16 19:55:05,541 - MCP Server - INFO -   Tools: ['file_agent.search_file', 'file_agent.move_to_trash', 'file_agent.batch_rename']
2025-12-16 19:55:06,540 - MCP Server - INFO - Child agent registered: settings_agent (instance: settings_agent_1765886106)
2025-12-16 19:55:06,540 - MCP Server - INFO -   Tools: ['settings_agent.change_wallpaper', 'settings_agent.adjust_volume', 'settings_agent.bluetooth_manage']
2025-12-16 19:55:07,548 - MCP Server - INFO - Child agent registered: network_agent (instance: network_agent_1765886107)
2025-12-16 19:55:07,548 - MCP Server - INFO -   Tools: ['network_agent.list_wifi', 'network_agent.connect_wifi', 'network_agent.disconnect_wifi', 'network_agent.get_wifi_status', 'network_agent.set_proxy', 'network_agent.clear_proxy', 'network_agent.get_proxy_status', 'network_agent.speed_test', 'network_agent.get_network_status']
2025-12-16 19:55:08,556 - MCP Server - INFO - Child agent registered: app_agent (instance: app_agent_1765886108)
2025-12-16 19:55:08,556 - MCP Server - INFO -   Tools: ['app_agent.find_app', 'app_agent.launch_app', 'app_agent.close_app', 'app_agent.list_running_apps', 'app_agent.is_app_running', 'app_agent.app_quick_operation']
2025-12-16 19:55:09,561 - MCP Server - INFO - Child agent registered: monitor_agent (instance: monitor_agent_1765886109)
2025-12-16 19:55:09,561 - MCP Server - INFO -   Tools: ['monitor_agent.get_system_status', 'monitor_agent.clean_background_process', 'monitor_agent.monitor_agent_status']
2025-12-16 19:55:10,556 - MCP Server - INFO - Child agent registered: media_agent (instance: media_agent_1765886110)
2025-12-16 19:55:10,556 - MCP Server - INFO -   Tools: ['media_agent.play_media', 'media_agent.media_control', 'media_agent.capture_media_frame']
2025-12-16 19:55:32,533 - MCP Server - INFO - 📡 广播状态: file_agent (file_agent_1765886105) -> busy
2025-12-16 19:55:32,533 - MCP Server - INFO - 📡 广播状态: settings_agent (settings_agent_1765886106) -> busy
2025-12-16 19:55:32,533 - MCP Server - INFO - 📡 广播状态: network_agent (network_agent_1765886107) -> busy
2025-12-16 19:55:32,533 - MCP Server - INFO - 📡 广播状态: app_agent (app_agent_1765886108) -> busy
2025-12-16 19:55:32,533 - MCP Server - INFO - 📡 广播状态: monitor_agent (monitor_agent_1765886109) -> busy
2025-12-16 19:55:32,534 - MCP Server - INFO - 📡 广播状态: media_agent (media_agent_1765886110) -> busy
2025-12-16 19:56:32,593 - MCP Server - INFO - 📡 广播状态: file_agent (file_agent_1765886105) -> offline
2025-12-16 19:56:32,593 - MCP Server - INFO - 📡 广播状态: settings_agent (settings_agent_1765886106) -> offline
2025-12-16 19:56:32,594 - MCP Server - INFO - 📡 广播状态: network_agent (network_agent_1765886107) -> offline
2025-12-16 19:56:32,594 - MCP Server - INFO - 📡 广播状态: app_agent (app_agent_1765886108) -> offline
2025-12-16 19:56:32,594 - MCP Server - INFO - 📡 广播状态: monitor_agent (monitor_agent_1765886109) -> offline
2025-12-16 19:56:32,594 - MCP Server - INFO - 📡 广播状态: media_agent (media_agent_1765886110) -> offline
2025-12-16 20:00:15,045 - MCP Server - WARNING - 协作日志模块未找到，日志记录功能不可用
2025-12-16 20:00:15,046 - MCP Server - INFO - MCP Server initialized and registered on DBus
2025-12-16 20:00:15,046 - MCP Server - INFO - Tool added: echo
2025-12-16 20:00:15,046 - MCP Server - INFO - Heartbeat monitor started (3s interval)
2025-12-16 20:00:15,046 - MCP Server - INFO - ============================================================
2025-12-16 20:00:15,046 - MCP Server - INFO - MCP Server started successfully
2025-12-16 20:00:15,046 - MCP Server - INFO - ============================================================
2025-12-16 20:00:15,046 - MCP Server - INFO - Service name: com.kylin.mcp.MasterAgent
2025-12-16 20:00:15,046 - MCP Server - INFO - Object path: /com/kylin/mcp/MasterAgent
2025-12-16 20:00:15,046 - MCP Server - INFO - Interface name: com.kylin.mcp.MasterAgent
2025-12-16 20:00:15,046 - MCP Server - INFO - 
2025-12-16 20:00:15,046 - MCP Server - INFO - 等待子智能体注册...
2025-12-16 20:00:15,046 - MCP Server - INFO - ============================================================
2025-12-16 20:00:18,089 - MCP Server - INFO - Child agent registered: file_agent (instance: file_agent_1765886418)
2025-12-16 20:00:18,089 - MCP Server - INFO -   Tools: ['file_agent.search_file', 'file_agent.move_to_trash', 'file_agent.batch_rename']
2025-12-16 20:00:19,088 - MCP Server - INFO - Child agent registered: settings_agent (instance: settings_agent_1765886419)
2025-12-16 20:00:19,088 - MCP Server - INFO -   Tools: ['settings_agent.change_wallpaper', 'settings_agent.adjust_volume', 'settings_agent.bluetooth_manage']
2025-12-16 20:00:20,096 - MCP Server - INFO - Child agent registered: network_agent (instance: network_agent_1765886420)
2025-12-16 20:00:20,096 - MCP Server - INFO -   Tools: ['network_agent.list_wifi', 'network_agent.connect_wifi', 'network_agent.disconnect_wifi', 'network_agent.get_wifi_status', 'network_agent.set_proxy', 'network_agent.clear_proxy', 'network_agent.get_proxy_status', 'network_agent.speed_test', 'network_agent.get_network_status']
2025-12-16 20:00:21,103 - MCP Server - INFO - Child agent registered: app_agent (instance: app_agent_1765886421)
2025-12-16 20:00:21,104 - MCP Server - INFO -   Tools: ['app_agent.find_app', 'app_agent.launch_app', 'app_agent.close_app', 'app_agent.list_running_apps', 'app_agent.is_app_running', 'app_agent.app_quick_operation']
2025-12-16 20:00:22,112 - MCP Server - INFO - Child agent registered: monitor_agent (instance: monitor_agent_1765886422)
2025-12-16 20:00:22,112 - MCP Server - INFO -   Tools: ['monitor_agent.get_system_status', 'monitor_agent.clean_background_process', 'monitor_agent.monitor_agent_status']
2025-12-16 20:00:23,104 - MCP Server - INFO - Child agent registered: media_agent (instance: media_agent_1765886423)
2025-12-16 20:00:23,104 - MCP Server - INFO -   Tools: ['media_agent.play_media', 'media_agent.media_control', 'media_agent.capture_media_frame']
2025-12-16 20:00:45,048 - MCP Server - INFO - 📡 广播状态: file_agent (file_agent_1765886418) -> busy
2025-12-16 20:00:45,048 - MCP Server - INFO - 📡 广播状态: settings_agent (settings_agent_1765886419) -> busy
2025-12-16 20:00:45,048 - MCP Server - INFO - 📡 广播状态: network_agent (network_agent_1765886420) -> busy
2025-12-16 20:00:45,048 - MCP Server - INFO - 📡 广播状态: app_agent (app_agent_1765886421) -> busy
2025-12-16 20:00:45,048 - MCP Server - INFO - 📡 广播状态: monitor_agent (monitor_agent_1765886422) -> busy
2025-12-16 20:00:45,049 - MCP Server - INFO - 📡 广播状态: media_agent (media_agent_1765886423) -> busy
2025-12-16 20:01:45,108 - MCP Server - INFO - 📡 广播状态: file_agent (file_agent_1765886418) -> offline
2025-12-16 20:01:45,108 - MCP Server - INFO - 📡 广播状态: settings_agent (settings_agent_1765886419) -> offline
2025-12-16 20:01:45,108 - MCP Server - INFO - 📡 广播状态: network_agent (network_agent_1765886420) -> offline
2025-12-16 20:01:45,108 - MCP Server - INFO - 📡 广播状态: app_agent (app_agent_1765886421) -> offline
2025-12-16 20:01:45,109 - MCP Server - INFO - 📡 广播状态: monitor_agent (monitor_agent_1765886422) -> offline
2025-12-16 20:01:45,109 - MCP Server - INFO - 📡 广播状态: media_agent (media_agent_1765886423) -> offline
2025-12-16 20:06:48,635 - MCP Server - WARNING - 协作日志模块未找到，日志记录功能不可用
2025-12-16 20:06:48,636 - MCP Server - INFO - MCP Server initialized and registered on DBus
2025-12-16 20:06:48,636 - MCP Server - INFO - Tool added: echo
2025-12-16 20:06:48,637 - MCP Server - INFO - Heartbeat monitor started (3s interval)
2025-12-16 20:06:48,637 - MCP Server - INFO - ============================================================
2025-12-16 20:06:48,637 - MCP Server - INFO - MCP Server started successfully
2025-12-16 20:06:48,637 - MCP Server - INFO - ============================================================
2025-12-16 20:06:48,637 - MCP Server - INFO - Service name: com.kylin.mcp.MasterAgent
2025-12-16 20:06:48,637 - MCP Server - INFO - Object path: /com/kylin/mcp/MasterAgent
2025-12-16 20:06:48,637 - MCP Server - INFO - Interface name: com.kylin.mcp.MasterAgent
2025-12-16 20:06:48,637 - MCP Server - INFO - 
2025-12-16 20:06:48,637 - MCP Server - INFO - 等待子智能体注册...
2025-12-16 20:06:48,637 - MCP Server - INFO - ============================================================
2025-12-16 20:06:51,679 - MCP Server - INFO - Child agent registered: file_agent (instance: file_agent_1765886811)
2025-12-16 20:06:51,680 - MCP Server - INFO -   Tools: ['file_agent.search_file', 'file_agent.move_to_trash', 'file_agent.batch_rename']
2025-12-16 20:06:52,680 - MCP Server - INFO - Child agent registered: settings_agent (instance: settings_agent_1765886812)
2025-12-16 20:06:52,680 - MCP Server - INFO -   Tools: ['settings_agent.change_wallpaper', 'settings_agent.adjust_volume', 'settings_agent.bluetooth_manage']
2025-12-16 20:06:53,685 - MCP Server - INFO - Child agent registered: network_agent (instance: network_agent_1765886813)
2025-12-16 20:06:53,685 - MCP Server - INFO -   Tools: ['network_agent.list_wifi', 'network_agent.connect_wifi', 'network_agent.disconnect_wifi', 'network_agent.get_wifi_status', 'network_agent.set_proxy', 'network_agent.clear_proxy', 'network_agent.get_proxy_status', 'network_agent.speed_test', 'network_agent.get_network_status']
2025-12-16 20:06:54,694 - MCP Server - INFO - Child agent registered: app_agent (instance: app_agent_1765886814)
2025-12-16 20:06:54,695 - MCP Server - INFO -   Tools: ['app_agent.find_app', 'app_agent.launch_app', 'app_agent.close_app', 'app_agent.list_running_apps', 'app_agent.is_app_running', 'app_agent.app_quick_operation']
2025-12-16 20:06:55,697 - MCP Server - INFO - Child agent registered: monitor_agent (instance: monitor_agent_1765886815)
2025-12-16 20:06:55,697 - MCP Server - INFO -   Tools: ['monitor_agent.get_system_status', 'monitor_agent.clean_background_process', 'monitor_agent.monitor_agent_status']
2025-12-16 20:06:56,692 - MCP Server - INFO - Child agent registered: media_agent (instance: media_agent_1765886816)
2025-12-16 20:06:56,693 - MCP Server - INFO -   Tools: ['media_agent.play_media', 'media_agent.media_control', 'media_agent.capture_media_frame']
2025-12-16 20:07:18,645 - MCP Server - INFO - 📡 广播状态: file_agent (file_agent_1765886811) -> busy
2025-12-16 20:07:18,646 - MCP Server - INFO - 📡 广播状态: settings_agent (settings_agent_1765886812) -> busy
2025-12-16 20:07:18,646 - MCP Server - INFO - 📡 广播状态: network_agent (network_agent_1765886813) -> busy
2025-12-16 20:07:18,646 - MCP Server - INFO - 📡 广播状态: app_agent (app_agent_1765886814) -> busy
2025-12-16 20:07:18,646 - MCP Server - INFO - 📡 广播状态: monitor_agent (monitor_agent_1765886815) -> busy
2025-12-16 20:07:18,646 - MCP Server - INFO - 📡 广播状态: media_agent (media_agent_1765886816) -> busy
2025-12-16 20:08:18,706 - MCP Server - INFO - 📡 广播状态: file_agent (file_agent_1765886811) -> offline
2025-12-16 20:08:18,707 - MCP Server - INFO - 📡 广播状态: settings_agent (settings_agent_1765886812) -> offline
2025-12-16 20:08:18,707 - MCP Server - INFO - 📡 广播状态: network_agent (network_agent_1765886813) -> offline
2025-12-16 20:08:18,707 - MCP Server - INFO - 📡 广播状态: app_agent (app_agent_1765886814) -> offline
2025-12-16 20:08:18,707 - MCP Server - INFO - 📡 广播状态: monitor_agent (monitor_agent_1765886815) -> offline
2025-12-16 20:08:18,707 - MCP Server - INFO - 📡 广播状态: media_agent (media_agent_1765886816) -> offline
2025-12-16 20:16:10,020 - MCP Server - WARNING - 协作日志模块未找到，日志记录功能不可用
2025-12-16 20:16:10,021 - MCP Server - INFO - MCP Server initialized and registered on DBus
2025-12-16 20:16:10,021 - MCP Server - INFO - Tool added: echo
2025-12-16 20:16:10,022 - MCP Server - INFO - Heartbeat monitor started (3s interval)
2025-12-16 20:16:10,022 - MCP Server - INFO - ============================================================
2025-12-16 20:16:10,022 - MCP Server - INFO - MCP Server started successfully
2025-12-16 20:16:10,022 - MCP Server - INFO - ============================================================
2025-12-16 20:16:10,022 - MCP Server - INFO - Service name: com.kylin.mcp.MasterAgent
2025-12-16 20:16:10,022 - MCP Server - INFO - Object path: /com/kylin/mcp/MasterAgent
2025-12-16 20:16:10,022 - MCP Server - INFO - Interface name: com.kylin.mcp.MasterAgent
2025-12-16 20:16:10,022 - MCP Server - INFO - 
2025-12-16 20:16:10,022 - MCP Server - INFO - 等待子智能体注册...
2025-12-16 20:16:10,022 - MCP Server - INFO - ============================================================
2025-12-16 20:16:13,048 - MCP Server - INFO - Child agent registered: file_agent (instance: file_agent_1765887373)
2025-12-16 20:16:13,048 - MCP Server - INFO -   Tools: ['file_agent.search_file', 'file_agent.move_to_trash', 'file_agent.batch_rename']
2025-12-16 20:16:14,050 - MCP Server - INFO - Child agent registered: settings_agent (instance: settings_agent_1765887374)
2025-12-16 20:16:14,050 - MCP Server - INFO -   Tools: ['settings_agent.change_wallpaper', 'settings_agent.adjust_volume', 'settings_agent.bluetooth_manage']
2025-12-16 20:16:15,054 - MCP Server - INFO - Child agent registered: network_agent (instance: network_agent_1765887375)
2025-12-16 20:16:15,054 - MCP Server - INFO -   Tools: ['network_agent.list_wifi', 'network_agent.connect_wifi', 'network_agent.disconnect_wifi', 'network_agent.get_wifi_status', 'network_agent.set_proxy', 'network_agent.clear_proxy', 'network_agent.get_proxy_status', 'network_agent.speed_test', 'network_agent.get_network_status']
2025-12-16 20:16:16,063 - MCP Server - INFO - Child agent registered: app_agent (instance: app_agent_1765887376)
2025-12-16 20:16:16,063 - MCP Server - INFO -   Tools: ['app_agent.find_app', 'app_agent.launch_app', 'app_agent.close_app', 'app_agent.list_running_apps', 'app_agent.is_app_running', 'app_agent.app_quick_operation']
2025-12-16 20:16:17,067 - MCP Server - INFO - Child agent registered: monitor_agent (instance: monitor_agent_1765887377)
2025-12-16 20:16:17,067 - MCP Server - INFO -   Tools: ['monitor_agent.get_system_status', 'monitor_agent.clean_background_process', 'monitor_agent.monitor_agent_status']
2025-12-16 20:16:18,064 - MCP Server - INFO - Child agent registered: media_agent (instance: media_agent_1765887378)
2025-12-16 20:16:18,064 - MCP Server - INFO -   Tools: ['media_agent.play_media', 'media_agent.media_control', 'media_agent.capture_media_frame']
2025-12-16 20:16:40,052 - MCP Server - INFO - 📡 广播状态: file_agent (file_agent_1765887373) -> busy
2025-12-16 20:16:40,052 - MCP Server - INFO - 📡 广播状态: settings_agent (settings_agent_1765887374) -> busy
2025-12-16 20:16:40,052 - MCP Server - INFO - 📡 广播状态: network_agent (network_agent_1765887375) -> busy
2025-12-16 20:16:40,052 - MCP Server - INFO - 📡 广播状态: app_agent (app_agent_1765887376) -> busy
2025-12-16 20:16:40,053 - MCP Server - INFO - 📡 广播状态: monitor_agent (monitor_agent_1765887377) -> busy
2025-12-16 20:16:40,053 - MCP Server - INFO - 📡 广播状态: media_agent (media_agent_1765887378) -> busy
2025-12-16 20:16:40,345 - MCP Server - WARNING - 协作日志模块未找到，日志记录功能不可用
2025-12-16 20:16:40,347 - MCP Server - INFO - MCP Server initialized and registered on DBus
2025-12-16 20:16:40,347 - MCP Server - INFO - Tool added: echo
2025-12-16 20:16:40,347 - MCP Server - INFO - Heartbeat monitor started (3s interval)
2025-12-16 20:16:40,347 - MCP Server - INFO - ============================================================
2025-12-16 20:16:40,347 - MCP Server - INFO - MCP Server started successfully
2025-12-16 20:16:40,347 - MCP Server - INFO - ============================================================
2025-12-16 20:16:40,347 - MCP Server - INFO - Service name: com.kylin.mcp.MasterAgent
2025-12-16 20:16:40,347 - MCP Server - INFO - Object path: /com/kylin/mcp/MasterAgent
2025-12-16 20:16:40,347 - MCP Server - INFO - Interface name: com.kylin.mcp.MasterAgent
2025-12-16 20:16:40,347 - MCP Server - INFO - 
2025-12-16 20:16:40,347 - MCP Server - INFO - 等待子智能体注册...
2025-12-16 20:16:40,347 - MCP Server - INFO - ============================================================
2025-12-16 20:16:43,373 - MCP Server - INFO - Child agent registered: file_agent (instance: file_agent_1765887403)
2025-12-16 20:16:43,373 - MCP Server - INFO -   Tools: ['file_agent.search_file', 'file_agent.move_to_trash', 'file_agent.batch_rename']
2025-12-16 20:16:44,371 - MCP Server - INFO - Child agent registered: settings_agent (instance: settings_agent_1765887404)
2025-12-16 20:16:44,371 - MCP Server - INFO -   Tools: ['settings_agent.change_wallpaper', 'settings_agent.adjust_volume', 'settings_agent.bluetooth_manage']
2025-12-16 20:16:45,375 - MCP Server - INFO - Child agent registered: network_agent (instance: network_agent_1765887405)
2025-12-16 20:16:45,376 - MCP Server - INFO -   Tools: ['network_agent.list_wifi', 'network_agent.connect_wifi', 'network_agent.disconnect_wifi', 'network_agent.get_wifi_status', 'network_agent.set_proxy', 'network_agent.clear_proxy', 'network_agent.get_proxy_status', 'network_agent.speed_test', 'network_agent.get_network_status']
2025-12-16 20:16:46,387 - MCP Server - INFO - Child agent registered: app_agent (instance: app_agent_1765887406)
2025-12-16 20:16:46,387 - MCP Server - INFO -   Tools: ['app_agent.find_app', 'app_agent.launch_app', 'app_agent.close_app', 'app_agent.list_running_apps', 'app_agent.is_app_running', 'app_agent.app_quick_operation']
2025-12-16 20:16:47,388 - MCP Server - INFO - Child agent registered: monitor_agent (instance: monitor_agent_1765887407)
2025-12-16 20:16:47,388 - MCP Server - INFO -   Tools: ['monitor_agent.get_system_status', 'monitor_agent.clean_background_process', 'monitor_agent.monitor_agent_status']
2025-12-16 20:16:48,385 - MCP Server - INFO - Child agent registered: media_agent (instance: media_agent_1765887408)
2025-12-16 20:16:48,386 - MCP Server - INFO -   Tools: ['media_agent.play_media', 'media_agent.media_control', 'media_agent.capture_media_frame']
2025-12-16 20:17:10,377 - MCP Server - INFO - 📡 广播状态: file_agent (file_agent_1765887403) -> busy
2025-12-16 20:17:10,377 - MCP Server - INFO - 📡 广播状态: settings_agent (settings_agent_1765887404) -> busy
2025-12-16 20:17:10,378 - MCP Server - INFO - 📡 广播状态: network_agent (network_agent_1765887405) -> busy
2025-12-16 20:17:10,378 - MCP Server - INFO - 📡 广播状态: app_agent (app_agent_1765887406) -> busy
2025-12-16 20:17:10,378 - MCP Server - INFO - 📡 广播状态: monitor_agent (monitor_agent_1765887407) -> busy
2025-12-16 20:17:10,378 - MCP Server - INFO - 📡 广播状态: media_agent (media_agent_1765887408) -> busy
2025-12-16 20:17:40,113 - MCP Server - INFO - 📡 广播状态: file_agent (file_agent_1765887373) -> offline
2025-12-16 20:17:40,113 - MCP Server - INFO - 📡 广播状态: settings_agent (settings_agent_1765887374) -> offline
2025-12-16 20:17:40,113 - MCP Server - INFO - 📡 广播状态: network_agent (network_agent_1765887375) -> offline
2025-12-16 20:17:40,114 - MCP Server - INFO - 📡 广播状态: app_agent (app_agent_1765887376) -> offline
2025-12-16 20:17:40,114 - MCP Server - INFO - 📡 广播状态: monitor_agent (monitor_agent_1765887377) -> offline
2025-12-16 20:17:40,114 - MCP Server - INFO - 📡 广播状态: media_agent (media_agent_1765887378) -> offline
2025-12-16 20:18:10,438 - MCP Server - INFO - 📡 广播状态: file_agent (file_agent_1765887403) -> offline
2025-12-16 20:18:10,439 - MCP Server - INFO - 📡 广播状态: settings_agent (settings_agent_1765887404) -> offline
2025-12-16 20:18:10,439 - MCP Server - INFO - 📡 广播状态: network_agent (network_agent_1765887405) -> offline
2025-12-16 20:18:10,439 - MCP Server - INFO - 📡 广播状态: app_agent (app_agent_1765887406) -> offline
2025-12-16 20:18:10,439 - MCP Server - INFO - 📡 广播状态: monitor_agent (monitor_agent_1765887407) -> offline
2025-12-16 20:18:10,439 - MCP Server - INFO - 📡 广播状态: media_agent (media_agent_1765887408) -> offline
2025-12-16 20:22:54,057 - MCP Server - WARNING - 协作日志模块未找到，日志记录功能不可用
2025-12-16 20:22:54,058 - MCP Server - INFO - MCP Server initialized and registered on DBus
2025-12-16 20:22:54,058 - MCP Server - INFO - Tool added: echo
2025-12-16 20:22:54,059 - MCP Server - INFO - Heartbeat monitor started (3s interval)
2025-12-16 20:22:54,059 - MCP Server - INFO - ============================================================
2025-12-16 20:22:54,059 - MCP Server - INFO - MCP Server started successfully
2025-12-16 20:22:54,059 - MCP Server - INFO - ============================================================
2025-12-16 20:22:54,059 - MCP Server - INFO - Service name: com.kylin.mcp.MasterAgent
2025-12-16 20:22:54,059 - MCP Server - INFO - Object path: /com/kylin/mcp/MasterAgent
2025-12-16 20:22:54,059 - MCP Server - INFO - Interface name: com.kylin.mcp.MasterAgent
2025-12-16 20:22:54,059 - MCP Server - INFO - 
2025-12-16 20:22:54,059 - MCP Server - INFO - 等待子智能体注册...
2025-12-16 20:22:54,059 - MCP Server - INFO - ============================================================
2025-12-16 20:22:57,087 - MCP Server - INFO - Child agent registered: file_agent (instance: file_agent_1765887777)
2025-12-16 20:22:57,088 - MCP Server - INFO -   Tools: ['file_agent.search_file', 'file_agent.move_to_trash', 'file_agent.batch_rename']
2025-12-16 20:22:58,088 - MCP Server - INFO - Child agent registered: settings_agent (instance: settings_agent_1765887778)
2025-12-16 20:22:58,088 - MCP Server - INFO -   Tools: ['settings_agent.change_wallpaper', 'settings_agent.adjust_volume', 'settings_agent.bluetooth_manage']
2025-12-16 20:22:59,090 - MCP Server - INFO - Child agent registered: network_agent (instance: network_agent_1765887779)
2025-12-16 20:22:59,091 - MCP Server - INFO -   Tools: ['network_agent.list_wifi', 'network_agent.connect_wifi', 'network_agent.disconnect_wifi', 'network_agent.get_wifi_status', 'network_agent.set_proxy', 'network_agent.clear_proxy', 'network_agent.get_proxy_status', 'network_agent.speed_test', 'network_agent.get_network_status']
2025-12-16 20:23:00,102 - MCP Server - INFO - Child agent registered: app_agent (instance: app_agent_1765887780)
2025-12-16 20:23:00,102 - MCP Server - INFO -   Tools: ['app_agent.find_app', 'app_agent.launch_app', 'app_agent.close_app', 'app_agent.list_running_apps', 'app_agent.is_app_running', 'app_agent.app_quick_operation']
2025-12-16 20:23:01,105 - MCP Server - INFO - Child agent registered: monitor_agent (instance: monitor_agent_1765887781)
2025-12-16 20:23:01,105 - MCP Server - INFO -   Tools: ['monitor_agent.get_system_status', 'monitor_agent.clean_background_process', 'monitor_agent.monitor_agent_status']
2025-12-16 20:23:02,100 - MCP Server - INFO - Child agent registered: media_agent (instance: media_agent_1765887782)
2025-12-16 20:23:02,100 - MCP Server - INFO -   Tools: ['media_agent.play_media', 'media_agent.media_control', 'media_agent.capture_media_frame']
2025-12-16 20:23:37,487 - MCP Server - WARNING - 协作日志模块未找到，日志记录功能不可用
2025-12-16 20:23:37,489 - MCP Server - INFO - MCP Server initialized and registered on DBus
2025-12-16 20:23:37,489 - MCP Server - INFO - Tool added: echo
2025-12-16 20:23:37,489 - MCP Server - INFO - Heartbeat monitor started (3s interval)
2025-12-16 20:23:37,489 - MCP Server - INFO - ============================================================
2025-12-16 20:23:37,489 - MCP Server - INFO - MCP Server started successfully
2025-12-16 20:23:37,489 - MCP Server - INFO - ============================================================
2025-12-16 20:23:37,489 - MCP Server - INFO - Service name: com.kylin.mcp.MasterAgent
2025-12-16 20:23:37,489 - MCP Server - INFO - Object path: /com/kylin/mcp/MasterAgent
2025-12-16 20:23:37,489 - MCP Server - INFO - Interface name: com.kylin.mcp.MasterAgent
2025-12-16 20:23:37,489 - MCP Server - INFO - 
2025-12-16 20:23:37,489 - MCP Server - INFO - 等待子智能体注册...
2025-12-16 20:23:37,490 - MCP Server - INFO - ============================================================
2025-12-16 20:23:40,509 - MCP Server - INFO - Child agent registered: file_agent (instance: file_agent_1765887820)
2025-12-16 20:23:40,509 - MCP Server - INFO -   Tools: ['file_agent.search_file', 'file_agent.move_to_trash', 'file_agent.batch_rename']
2025-12-16 20:23:41,510 - MCP Server - INFO - Child agent registered: settings_agent (instance: settings_agent_1765887821)
2025-12-16 20:23:41,510 - MCP Server - INFO -   Tools: ['settings_agent.change_wallpaper', 'settings_agent.adjust_volume', 'settings_agent.bluetooth_manage']
2025-12-16 20:23:42,513 - MCP Server - INFO - Child agent registered: network_agent (instance: network_agent_1765887822)
2025-12-16 20:23:42,514 - MCP Server - INFO -   Tools: ['network_agent.list_wifi', 'network_agent.connect_wifi', 'network_agent.disconnect_wifi', 'network_agent.get_wifi_status', 'network_agent.set_proxy', 'network_agent.clear_proxy', 'network_agent.get_proxy_status', 'network_agent.speed_test', 'network_agent.get_network_status']
2025-12-16 20:23:43,524 - MCP Server - INFO - Child agent registered: app_agent (instance: app_agent_1765887823)
2025-12-16 20:23:43,525 - MCP Server - INFO -   Tools: ['app_agent.find_app', 'app_agent.launch_app', 'app_agent.close_app', 'app_agent.list_running_apps', 'app_agent.is_app_running', 'app_agent.app_quick_operation']
2025-12-16 20:23:44,526 - MCP Server - INFO - Child agent registered: monitor_agent (instance: monitor_agent_1765887824)
2025-12-16 20:23:44,526 - MCP Server - INFO -   Tools: ['monitor_agent.get_system_status', 'monitor_agent.clean_background_process', 'monitor_agent.monitor_agent_status']
2025-12-16 20:23:45,522 - MCP Server - INFO - Child agent registered: media_agent (instance: media_agent_1765887825)
2025-12-16 20:23:45,522 - MCP Server - INFO -   Tools: ['media_agent.play_media', 'media_agent.media_control', 'media_agent.capture_media_frame']
2025-12-16 20:24:07,519 - MCP Server - INFO - 📡 广播状态: file_agent (file_agent_1765887820) -> busy
2025-12-16 20:24:07,520 - MCP Server - INFO - 📡 广播状态: settings_agent (settings_agent_1765887821) -> busy
2025-12-16 20:24:07,520 - MCP Server - INFO - 📡 广播状态: network_agent (network_agent_1765887822) -> busy
2025-12-16 20:24:07,520 - MCP Server - INFO - 📡 广播状态: app_agent (app_agent_1765887823) -> busy
2025-12-16 20:24:07,520 - MCP Server - INFO - 📡 广播状态: monitor_agent (monitor_agent_1765887824) -> busy
2025-12-16 20:24:07,520 - MCP Server - INFO - 📡 广播状态: media_agent (media_agent_1765887825) -> busy
2025-12-16 20:29:36,916 - MCP Server - WARNING - 协作日志模块未找到，日志记录功能不可用
2025-12-16 20:29:36,917 - MCP Server - INFO - MCP Server initialized and registered on DBus
2025-12-16 20:29:36,917 - MCP Server - INFO - Tool added: echo
2025-12-16 20:29:36,918 - MCP Server - INFO - Heartbeat monitor started (3s interval)
2025-12-16 20:29:36,918 - MCP Server - INFO - ============================================================
2025-12-16 20:29:36,918 - MCP Server - INFO - MCP Server started successfully
2025-12-16 20:29:36,918 - MCP Server - INFO - ============================================================
2025-12-16 20:29:36,918 - MCP Server - INFO - Service name: com.kylin.mcp.MasterAgent
2025-12-16 20:29:36,918 - MCP Server - INFO - Object path: /com/kylin/mcp/MasterAgent
2025-12-16 20:29:36,918 - MCP Server - INFO - Interface name: com.kylin.mcp.MasterAgent
2025-12-16 20:29:36,918 - MCP Server - INFO - 
2025-12-16 20:29:36,918 - MCP Server - INFO - 等待子智能体注册...
2025-12-16 20:29:36,918 - MCP Server - INFO - ============================================================
2025-12-16 20:29:39,944 - MCP Server - INFO - Child agent registered: file_agent (instance: file_agent_1765888179)
2025-12-16 20:29:39,945 - MCP Server - INFO -   Tools: ['file_agent.search_file', 'file_agent.move_to_trash', 'file_agent.batch_rename']
2025-12-16 20:29:40,944 - MCP Server - INFO - Child agent registered: settings_agent (instance: settings_agent_1765888180)
2025-12-16 20:29:40,945 - MCP Server - INFO -   Tools: ['settings_agent.change_wallpaper', 'settings_agent.adjust_volume', 'settings_agent.bluetooth_manage']
2025-12-16 20:29:41,947 - MCP Server - INFO - Child agent registered: network_agent (instance: network_agent_1765888181)
2025-12-16 20:29:41,947 - MCP Server - INFO -   Tools: ['network_agent.list_wifi', 'network_agent.connect_wifi', 'network_agent.disconnect_wifi', 'network_agent.get_wifi_status', 'network_agent.set_proxy', 'network_agent.clear_proxy', 'network_agent.get_proxy_status', 'network_agent.speed_test', 'network_agent.get_network_status']
2025-12-16 20:29:42,958 - MCP Server - INFO - Child agent registered: app_agent (instance: app_agent_1765888182)
2025-12-16 20:29:42,958 - MCP Server - INFO -   Tools: ['app_agent.find_app', 'app_agent.launch_app', 'app_agent.close_app', 'app_agent.list_running_apps', 'app_agent.is_app_running', 'app_agent.app_quick_operation']
2025-12-16 20:29:43,960 - MCP Server - INFO - Child agent registered: monitor_agent (instance: monitor_agent_1765888183)
2025-12-16 20:29:43,961 - MCP Server - INFO -   Tools: ['monitor_agent.get_system_status', 'monitor_agent.clean_background_process', 'monitor_agent.monitor_agent_status']
2025-12-16 20:29:44,956 - MCP Server - INFO - Child agent registered: media_agent (instance: media_agent_1765888184)
2025-12-16 20:29:44,956 - MCP Server - INFO -   Tools: ['media_agent.play_media', 'media_agent.media_control', 'media_agent.capture_media_frame']
2025-12-16 20:30:06,948 - MCP Server - INFO - 📡 广播状态: file_agent (file_agent_1765888179) -> busy
2025-12-16 20:30:06,948 - MCP Server - INFO - 📡 广播状态: settings_agent (settings_agent_1765888180) -> busy
2025-12-16 20:30:06,948 - MCP Server - INFO - 📡 广播状态: network_agent (network_agent_1765888181) -> busy
2025-12-16 20:30:06,948 - MCP Server - INFO - 📡 广播状态: app_agent (app_agent_1765888182) -> busy
2025-12-16 20:30:06,949 - MCP Server - INFO - 📡 广播状态: monitor_agent (monitor_agent_1765888183) -> busy
2025-12-16 20:30:06,949 - MCP Server - INFO - 📡 广播状态: media_agent (media_agent_1765888184) -> busy
2025-12-16 20:31:07,009 - MCP Server - INFO - 📡 广播状态: file_agent (file_agent_1765888179) -> offline
2025-12-16 20:31:07,009 - MCP Server - INFO - 📡 广播状态: settings_agent (settings_agent_1765888180) -> offline
2025-12-16 20:31:07,009 - MCP Server - INFO - 📡 广播状态: network_agent (network_agent_1765888181) -> offline
2025-12-16 20:31:07,009 - MCP Server - INFO - 📡 广播状态: app_agent (app_agent_1765888182) -> offline
2025-12-16 20:31:07,009 - MCP Server - INFO - 📡 广播状态: monitor_agent (monitor_agent_1765888183) -> offline
2025-12-16 20:31:07,009 - MCP Server - INFO - 📡 广播状态: media_agent (media_agent_1765888184) -> offline
2025-12-16 20:32:41,075 - MCP Server - WARNING - 协作日志模块未找到，日志记录功能不可用
2025-12-16 20:32:41,077 - MCP Server - INFO - MCP Server initialized and registered on DBus
2025-12-16 20:32:41,077 - MCP Server - INFO - Tool added: echo
2025-12-16 20:32:41,077 - MCP Server - INFO - Heartbeat monitor started (3s interval)
2025-12-16 20:32:41,077 - MCP Server - INFO - ============================================================
2025-12-16 20:32:41,077 - MCP Server - INFO - MCP Server started successfully
2025-12-16 20:32:41,077 - MCP Server - INFO - ============================================================
2025-12-16 20:32:41,077 - MCP Server - INFO - Service name: com.kylin.mcp.MasterAgent
2025-12-16 20:32:41,077 - MCP Server - INFO - Object path: /com/kylin/mcp/MasterAgent
2025-12-16 20:32:41,077 - MCP Server - INFO - Interface name: com.kylin.mcp.MasterAgent
2025-12-16 20:32:41,077 - MCP Server - INFO - 
2025-12-16 20:32:41,077 - MCP Server - INFO - 等待子智能体注册...
2025-12-16 20:32:41,077 - MCP Server - INFO - ============================================================
2025-12-16 20:32:44,099 - MCP Server - INFO - Child agent registered: file_agent (instance: file_agent_1765888364)
2025-12-16 20:32:44,100 - MCP Server - INFO -   Tools: ['file_agent.search_file', 'file_agent.move_to_trash', 'file_agent.batch_rename']
2025-12-16 20:32:45,100 - MCP Server - INFO - Child agent registered: settings_agent (instance: settings_agent_1765888365)
2025-12-16 20:32:45,101 - MCP Server - INFO -   Tools: ['settings_agent.change_wallpaper', 'settings_agent.adjust_volume', 'settings_agent.bluetooth_manage']
2025-12-16 20:32:46,103 - MCP Server - INFO - Child agent registered: network_agent (instance: network_agent_1765888366)
2025-12-16 20:32:46,103 - MCP Server - INFO -   Tools: ['network_agent.list_wifi', 'network_agent.connect_wifi', 'network_agent.disconnect_wifi', 'network_agent.get_wifi_status', 'network_agent.set_proxy', 'network_agent.clear_proxy', 'network_agent.get_proxy_status', 'network_agent.speed_test', 'network_agent.get_network_status']
2025-12-16 20:32:47,124 - MCP Server - INFO - Child agent registered: app_agent (instance: app_agent_1765888367)
2025-12-16 20:32:47,124 - MCP Server - INFO -   Tools: ['app_agent.find_app', 'app_agent.launch_app', 'app_agent.close_app', 'app_agent.list_running_apps', 'app_agent.is_app_running', 'app_agent.app_quick_operation']
2025-12-16 20:32:48,117 - MCP Server - INFO - Child agent registered: monitor_agent (instance: monitor_agent_1765888368)
2025-12-16 20:32:48,118 - MCP Server - INFO -   Tools: ['monitor_agent.get_system_status', 'monitor_agent.clean_background_process', 'monitor_agent.monitor_agent_status']
2025-12-16 20:32:49,113 - MCP Server - INFO - Child agent registered: media_agent (instance: media_agent_1765888369)
2025-12-16 20:32:49,113 - MCP Server - INFO -   Tools: ['media_agent.play_media', 'media_agent.media_control', 'media_agent.capture_media_frame']
2025-12-16 20:33:11,107 - MCP Server - INFO - 📡 广播状态: file_agent (file_agent_1765888364) -> busy
2025-12-16 20:33:11,108 - MCP Server - INFO - 📡 广播状态: settings_agent (settings_agent_1765888365) -> busy
2025-12-16 20:33:11,108 - MCP Server - INFO - 📡 广播状态: network_agent (network_agent_1765888366) -> busy
2025-12-16 20:33:11,108 - MCP Server - INFO - 📡 广播状态: app_agent (app_agent_1765888367) -> busy
2025-12-16 20:33:11,108 - MCP Server - INFO - 📡 广播状态: monitor_agent (monitor_agent_1765888368) -> busy
2025-12-16 20:33:11,108 - MCP Server - INFO - 📡 广播状态: media_agent (media_agent_1765888369) -> busy
2025-12-16 20:34:11,168 - MCP Server - INFO - 📡 广播状态: file_agent (file_agent_1765888364) -> offline
2025-12-16 20:34:11,169 - MCP Server - INFO - 📡 广播状态: settings_agent (settings_agent_1765888365) -> offline
2025-12-16 20:34:11,169 - MCP Server - INFO - 📡 广播状态: network_agent (network_agent_1765888366) -> offline
2025-12-16 20:34:11,169 - MCP Server - INFO - 📡 广播状态: app_agent (app_agent_1765888367) -> offline
2025-12-16 20:34:11,169 - MCP Server - INFO - 📡 广播状态: monitor_agent (monitor_agent_1765888368) -> offline
2025-12-16 20:34:11,169 - MCP Server - INFO - 📡 广播状态: media_agent (media_agent_1765888369) -> offline
2025-12-16 20:43:33,688 - MCP Server - WARNING - 协作日志模块未找到，日志记录功能不可用
2025-12-16 20:43:33,690 - MCP Server - INFO - MCP Server initialized and registered on DBus
2025-12-16 20:43:33,691 - MCP Server - INFO - Tool added: echo
2025-12-16 20:43:33,691 - MCP Server - INFO - Heartbeat monitor started (3s interval)
2025-12-16 20:43:33,691 - MCP Server - INFO - ============================================================
2025-12-16 20:43:33,691 - MCP Server - INFO - MCP Server started successfully
2025-12-16 20:43:33,692 - MCP Server - INFO - ============================================================
2025-12-16 20:43:33,692 - MCP Server - INFO - Service name: com.kylin.mcp.MasterAgent
2025-12-16 20:43:33,692 - MCP Server - INFO - Object path: /com/kylin/mcp/MasterAgent
2025-12-16 20:43:33,692 - MCP Server - INFO - Interface name: com.kylin.mcp.MasterAgent
2025-12-16 20:43:33,692 - MCP Server - INFO - 
2025-12-16 20:43:33,692 - MCP Server - INFO - 等待子智能体注册...
2025-12-16 20:43:33,692 - MCP Server - INFO - ============================================================
2025-12-16 20:43:36,715 - MCP Server - INFO - Child agent registered: file_agent (instance: file_agent_1765889016)
2025-12-16 20:43:36,716 - MCP Server - INFO -   Tools: ['file_agent.search_file', 'file_agent.move_to_trash', 'file_agent.batch_rename']
2025-12-16 20:43:37,715 - MCP Server - INFO - Child agent registered: settings_agent (instance: settings_agent_1765889017)
2025-12-16 20:43:37,715 - MCP Server - INFO -   Tools: ['settings_agent.change_wallpaper', 'settings_agent.adjust_volume', 'settings_agent.bluetooth_manage']
2025-12-16 20:43:38,720 - MCP Server - INFO - Child agent registered: network_agent (instance: network_agent_1765889018)
2025-12-16 20:43:38,720 - MCP Server - INFO -   Tools: ['network_agent.list_wifi', 'network_agent.connect_wifi', 'network_agent.disconnect_wifi', 'network_agent.get_wifi_status', 'network_agent.set_proxy', 'network_agent.clear_proxy', 'network_agent.get_proxy_status', 'network_agent.speed_test', 'network_agent.get_network_status']
2025-12-16 20:43:39,730 - MCP Server - INFO - Child agent registered: app_agent (instance: app_agent_1765889019)
2025-12-16 20:43:39,730 - MCP Server - INFO -   Tools: ['app_agent.find_app', 'app_agent.launch_app', 'app_agent.close_app', 'app_agent.list_running_apps', 'app_agent.is_app_running', 'app_agent.app_quick_operation']
2025-12-16 20:43:40,732 - MCP Server - INFO - Child agent registered: monitor_agent (instance: monitor_agent_1765889020)
2025-12-16 20:43:40,732 - MCP Server - INFO -   Tools: ['monitor_agent.get_system_status', 'monitor_agent.clean_background_process', 'monitor_agent.monitor_agent_status']
2025-12-16 20:43:41,731 - MCP Server - INFO - Child agent registered: media_agent (instance: media_agent_1765889021)
2025-12-16 20:43:41,732 - MCP Server - INFO -   Tools: ['media_agent.play_media', 'media_agent.media_control', 'media_agent.capture_media_frame']
2025-12-16 20:44:03,700 - MCP Server - INFO - 📡 广播状态: file_agent (file_agent_1765889016) -> busy
2025-12-16 20:44:03,701 - MCP Server - INFO - 📡 广播状态: settings_agent (settings_agent_1765889017) -> busy
2025-12-16 20:44:03,701 - MCP Server - INFO - 📡 广播状态: network_agent (network_agent_1765889018) -> busy
2025-12-16 20:44:03,701 - MCP Server - INFO - 📡 广播状态: app_agent (app_agent_1765889019) -> busy
2025-12-16 20:44:03,701 - MCP Server - INFO - 📡 广播状态: monitor_agent (monitor_agent_1765889020) -> busy
2025-12-16 20:44:03,701 - MCP Server - INFO - 📡 广播状态: media_agent (media_agent_1765889021) -> busy
2025-12-16 20:45:03,762 - MCP Server - INFO - 📡 广播状态: file_agent (file_agent_1765889016) -> offline
2025-12-16 20:45:03,762 - MCP Server - INFO - 📡 广播状态: settings_agent (settings_agent_1765889017) -> offline
2025-12-16 20:45:03,762 - MCP Server - INFO - 📡 广播状态: network_agent (network_agent_1765889018) -> offline
2025-12-16 20:45:03,762 - MCP Server - INFO - 📡 广播状态: app_agent (app_agent_1765889019) -> offline
2025-12-16 20:45:03,763 - MCP Server - INFO - 📡 广播状态: monitor_agent (monitor_agent_1765889020) -> offline
2025-12-16 20:45:03,763 - MCP Server - INFO - 📡 广播状态: media_agent (media_agent_1765889021) -> offline
2025-12-16 20:47:41,859 - MCP Server - WARNING - 协作日志模块未找到，日志记录功能不可用
2025-12-16 20:47:41,860 - MCP Server - INFO - MCP Server initialized and registered on DBus
2025-12-16 20:47:41,861 - MCP Server - INFO - Tool added: echo
2025-12-16 20:47:41,861 - MCP Server - INFO - Heartbeat monitor started (3s interval)
2025-12-16 20:47:41,861 - MCP Server - INFO - ============================================================
2025-12-16 20:47:41,861 - MCP Server - INFO - MCP Server started successfully
2025-12-16 20:47:41,861 - MCP Server - INFO - ============================================================
2025-12-16 20:47:41,861 - MCP Server - INFO - Service name: com.kylin.mcp.MasterAgent
2025-12-16 20:47:41,861 - MCP Server - INFO - Object path: /com/kylin/mcp/MasterAgent
2025-12-16 20:47:41,861 - MCP Server - INFO - Interface name: com.kylin.mcp.MasterAgent
2025-12-16 20:47:41,861 - MCP Server - INFO - 
2025-12-16 20:47:41,861 - MCP Server - INFO - 等待子智能体注册...
2025-12-16 20:47:41,861 - MCP Server - INFO - ============================================================
2025-12-16 20:47:44,886 - MCP Server - INFO - Child agent registered: file_agent (instance: file_agent_1765889264)
2025-12-16 20:47:44,886 - MCP Server - INFO -   Tools: ['file_agent.search_file', 'file_agent.move_to_trash', 'file_agent.batch_rename']
2025-12-16 20:47:45,885 - MCP Server - INFO - Child agent registered: settings_agent (instance: settings_agent_1765889265)
2025-12-16 20:47:45,886 - MCP Server - INFO -   Tools: ['settings_agent.change_wallpaper', 'settings_agent.adjust_volume', 'settings_agent.bluetooth_manage']
2025-12-16 20:47:46,889 - MCP Server - INFO - Child agent registered: network_agent (instance: network_agent_1765889266)
2025-12-16 20:47:46,889 - MCP Server - INFO -   Tools: ['network_agent.list_wifi', 'network_agent.connect_wifi', 'network_agent.disconnect_wifi', 'network_agent.get_wifi_status', 'network_agent.set_proxy', 'network_agent.clear_proxy', 'network_agent.get_proxy_status', 'network_agent.speed_test', 'network_agent.get_network_status']
2025-12-16 20:47:47,900 - MCP Server - INFO - Child agent registered: app_agent (instance: app_agent_1765889267)
2025-12-16 20:47:47,900 - MCP Server - INFO -   Tools: ['app_agent.find_app', 'app_agent.launch_app', 'app_agent.close_app', 'app_agent.list_running_apps', 'app_agent.is_app_running', 'app_agent.app_quick_operation']
2025-12-16 20:47:48,902 - MCP Server - INFO - Child agent registered: monitor_agent (instance: monitor_agent_1765889268)
2025-12-16 20:47:48,902 - MCP Server - INFO -   Tools: ['monitor_agent.get_system_status', 'monitor_agent.clean_background_process', 'monitor_agent.monitor_agent_status']
2025-12-16 20:47:49,896 - MCP Server - INFO - Child agent registered: media_agent (instance: media_agent_1765889269)
2025-12-16 20:47:49,896 - MCP Server - INFO -   Tools: ['media_agent.play_media', 'media_agent.media_control', 'media_agent.capture_media_frame']
2025-12-16 20:53:40,583 - MCP Server - WARNING - 协作日志模块未找到，日志记录功能不可用
2025-12-16 20:53:40,584 - MCP Server - INFO - MCP Server initialized and registered on DBus
2025-12-16 20:53:40,584 - MCP Server - INFO - Tool added: echo
2025-12-16 20:53:40,584 - MCP Server - INFO - Heartbeat monitor started (3s interval)
2025-12-16 20:53:40,584 - MCP Server - INFO - ============================================================
2025-12-16 20:53:40,585 - MCP Server - INFO - MCP Server started successfully
2025-12-16 20:53:40,585 - MCP Server - INFO - ============================================================
2025-12-16 20:53:40,585 - MCP Server - INFO - Service name: com.kylin.mcp.MasterAgent
2025-12-16 20:53:40,585 - MCP Server - INFO - Object path: /com/kylin/mcp/MasterAgent
2025-12-16 20:53:40,585 - MCP Server - INFO - Interface name: com.kylin.mcp.MasterAgent
2025-12-16 20:53:40,585 - MCP Server - INFO - 
2025-12-16 20:53:40,585 - MCP Server - INFO - 等待子智能体注册...
2025-12-16 20:53:40,585 - MCP Server - INFO - ============================================================
2025-12-16 20:53:43,606 - MCP Server - INFO - Child agent registered: file_agent (instance: file_agent_1765889623)
2025-12-16 20:53:43,606 - MCP Server - INFO -   Tools: ['file_agent.search_file', 'file_agent.move_to_trash', 'file_agent.batch_rename']
2025-12-16 20:53:44,607 - MCP Server - INFO - Child agent registered: settings_agent (instance: settings_agent_1765889624)
2025-12-16 20:53:44,608 - MCP Server - INFO -   Tools: ['settings_agent.change_wallpaper', 'settings_agent.adjust_volume', 'settings_agent.bluetooth_manage']
2025-12-16 20:53:45,612 - MCP Server - INFO - Child agent registered: network_agent (instance: network_agent_1765889625)
2025-12-16 20:53:45,612 - MCP Server - INFO -   Tools: ['network_agent.list_wifi', 'network_agent.connect_wifi', 'network_agent.disconnect_wifi', 'network_agent.get_wifi_status', 'network_agent.set_proxy', 'network_agent.clear_proxy', 'network_agent.get_proxy_status', 'network_agent.speed_test', 'network_agent.get_network_status']
2025-12-16 20:53:46,622 - MCP Server - INFO - Child agent registered: app_agent (instance: app_agent_1765889626)
2025-12-16 20:53:46,623 - MCP Server - INFO -   Tools: ['app_agent.find_app', 'app_agent.launch_app', 'app_agent.close_app', 'app_agent.list_running_apps', 'app_agent.is_app_running', 'app_agent.app_quick_operation']
2025-12-16 20:53:47,626 - MCP Server - INFO - Child agent registered: monitor_agent (instance: monitor_agent_1765889627)
2025-12-16 20:53:47,627 - MCP Server - INFO -   Tools: ['monitor_agent.get_system_status', 'monitor_agent.clean_background_process', 'monitor_agent.monitor_agent_status']
2025-12-16 20:53:48,621 - MCP Server - INFO - Child agent registered: media_agent (instance: media_agent_1765889628)
2025-12-16 20:53:48,622 - MCP Server - INFO -   Tools: ['media_agent.play_media', 'media_agent.media_control', 'media_agent.capture_media_frame']
2025-12-16 20:54:10,615 - MCP Server - INFO - 📡 广播状态: file_agent (file_agent_1765889623) -> busy
2025-12-16 20:54:10,615 - MCP Server - INFO - 📡 广播状态: settings_agent (settings_agent_1765889624) -> busy
2025-12-16 20:54:10,615 - MCP Server - INFO - 📡 广播状态: network_agent (network_agent_1765889625) -> busy
2025-12-16 20:54:10,615 - MCP Server - INFO - 📡 广播状态: app_agent (app_agent_1765889626) -> busy
2025-12-16 20:54:10,615 - MCP Server - INFO - 📡 广播状态: monitor_agent (monitor_agent_1765889627) -> busy
2025-12-16 20:54:10,615 - MCP Server - INFO - 📡 广播状态: media_agent (media_agent_1765889628) -> busy
2025-12-16 20:55:10,646 - MCP Server - INFO - 📡 广播状态: file_agent (file_agent_1765889623) -> offline
2025-12-16 20:55:10,646 - MCP Server - INFO - 📡 广播状态: settings_agent (settings_agent_1765889624) -> offline
2025-12-16 20:55:10,646 - MCP Server - INFO - 📡 广播状态: network_agent (network_agent_1765889625) -> offline
2025-12-16 20:55:10,647 - MCP Server - INFO - 📡 广播状态: app_agent (app_agent_1765889626) -> offline
2025-12-16 20:55:10,647 - MCP Server - INFO - 📡 广播状态: monitor_agent (monitor_agent_1765889627) -> offline
2025-12-16 20:55:10,647 - MCP Server - INFO - 📡 广播状态: media_agent (media_agent_1765889628) -> offline
