2025-12-16 14:31:02,009 - mcp_server - INFO - MCP Server initialized and registered on DBus
2025-12-16 14:31:02,010 - mcp_server - INFO - Tool added: echo
2025-12-16 14:31:02,010 - mcp_server - INFO - Heartbeat monitor started (3s interval)
2025-12-16 14:31:02,010 - mcp_server - INFO - ============================================================
2025-12-16 14:31:02,010 - mcp_server - INFO - MCP Server started successfully
2025-12-16 14:31:02,010 - mcp_server - INFO - ============================================================
2025-12-16 14:31:02,010 - mcp_server - INFO - Service name: com.kylin.mcp.MasterAgent
2025-12-16 14:31:02,010 - mcp_server - INFO - Object path: /com/kylin/mcp/MasterAgent
2025-12-16 14:31:02,010 - mcp_server - INFO - Interface name: com.kylin.mcp.MasterAgent
2025-12-16 14:31:02,010 - mcp_server - INFO - 
2025-12-16 14:31:02,010 - mcp_server - INFO - 等待子智能体注册...
2025-12-16 14:31:02,010 - mcp_server - INFO - ============================================================
2025-12-16 14:31:05,043 - mcp_server - INFO - Child agent registered: file_agent (instance: file_agent_1765866665)
2025-12-16 14:31:05,043 - mcp_server - INFO -   Tools: ['file_agent.search_file', 'file_agent.move_to_trash', 'file_agent.batch_rename']
2025-12-16 14:31:06,044 - mcp_server - INFO - Child agent registered: settings_agent (instance: settings_agent_1765866666)
2025-12-16 14:31:06,044 - mcp_server - INFO -   Tools: ['settings_agent.change_wallpaper', 'settings_agent.adjust_volume', 'settings_agent.bluetooth_manage']
2025-12-16 14:31:07,047 - mcp_server - INFO - Child agent registered: network_agent (instance: network_agent_1765866667)
2025-12-16 14:31:07,047 - mcp_server - INFO -   Tools: ['network_agent.list_wifi', 'network_agent.connect_wifi', 'network_agent.disconnect_wifi', 'network_agent.get_wifi_status', 'network_agent.set_proxy', 'network_agent.clear_proxy', 'network_agent.get_proxy_status', 'network_agent.speed_test', 'network_agent.get_network_status']
2025-12-16 14:31:08,057 - mcp_server - INFO - Child agent registered: app_agent (instance: app_agent_1765866668)
2025-12-16 14:31:08,057 - mcp_server - INFO -   Tools: ['app_agent.find_app', 'app_agent.launch_app', 'app_agent.close_app', 'app_agent.list_running_apps', 'app_agent.is_app_running', 'app_agent.app_quick_operation']
2025-12-16 14:31:09,059 - mcp_server - INFO - Child agent registered: monitor_agent (instance: monitor_agent_1765866669)
2025-12-16 14:31:09,059 - mcp_server - INFO -   Tools: ['monitor_agent.get_system_status', 'monitor_agent.clean_background_process', 'monitor_agent.monitor_agent_status']
2025-12-16 14:31:10,056 - mcp_server - INFO - Child agent registered: media_agent (instance: media_agent_1765866670)
2025-12-16 14:31:10,056 - mcp_server - INFO -   Tools: ['media_agent.play_media', 'media_agent.media_control', 'media_agent.capture_media_frame']
2025-12-16 14:32:05,072 - mcp_server - INFO - 📡 广播状态: file_agent (file_agent_1765866665) -> offline
2025-12-16 14:32:05,074 - mcp_server - WARNING - Agent marked as inactive: file_agent (instance: file_agent_1765866665)
2025-12-16 14:32:08,077 - mcp_server - WARNING - Agent marked as inactive: file_agent (instance: file_agent_1765866665)
2025-12-16 14:32:08,078 - mcp_server - INFO - 📡 广播状态: settings_agent (settings_agent_1765866666) -> offline
2025-12-16 14:32:08,079 - mcp_server - WARNING - Agent marked as inactive: settings_agent (instance: settings_agent_1765866666)
2025-12-16 14:32:08,079 - mcp_server - INFO - 📡 广播状态: network_agent (network_agent_1765866667) -> offline
2025-12-16 14:32:08,080 - mcp_server - WARNING - Agent marked as inactive: network_agent (instance: network_agent_1765866667)
2025-12-16 14:32:08,080 - mcp_server - INFO - 📡 广播状态: app_agent (app_agent_1765866668) -> offline
2025-12-16 14:32:08,080 - mcp_server - WARNING - Agent marked as inactive: app_agent (instance: app_agent_1765866668)
2025-12-16 14:32:11,083 - mcp_server - WARNING - Agent marked as inactive: file_agent (instance: file_agent_1765866665)
2025-12-16 14:32:11,084 - mcp_server - WARNING - Agent marked as inactive: settings_agent (instance: settings_agent_1765866666)
2025-12-16 14:32:11,084 - mcp_server - WARNING - Agent marked as inactive: network_agent (instance: network_agent_1765866667)
2025-12-16 14:32:11,084 - mcp_server - WARNING - Agent marked as inactive: app_agent (instance: app_agent_1765866668)
2025-12-16 14:32:11,084 - mcp_server - INFO - 📡 广播状态: monitor_agent (monitor_agent_1765866669) -> offline
2025-12-16 14:32:11,086 - mcp_server - WARNING - Agent marked as inactive: monitor_agent (instance: monitor_agent_1765866669)
2025-12-16 14:32:11,086 - mcp_server - INFO - 📡 广播状态: media_agent (media_agent_1765866670) -> offline
2025-12-16 14:32:11,087 - mcp_server - WARNING - Agent marked as inactive: media_agent (instance: media_agent_1765866670)
2025-12-16 14:32:14,091 - mcp_server - WARNING - Agent marked as inactive: file_agent (instance: file_agent_1765866665)
2025-12-16 14:32:14,091 - mcp_server - WARNING - Agent marked as inactive: settings_agent (instance: settings_agent_1765866666)
2025-12-16 14:32:14,091 - mcp_server - WARNING - Agent marked as inactive: network_agent (instance: network_agent_1765866667)
2025-12-16 14:32:14,091 - mcp_server - WARNING - Agent marked as inactive: app_agent (instance: app_agent_1765866668)
2025-12-16 14:32:14,091 - mcp_server - WARNING - Agent marked as inactive: monitor_agent (instance: monitor_agent_1765866669)
2025-12-16 14:32:14,091 - mcp_server - WARNING - Agent marked as inactive: media_agent (instance: media_agent_1765866670)
2025-12-16 14:32:17,095 - mcp_server - WARNING - Agent marked as inactive: file_agent (instance: file_agent_1765866665)
2025-12-16 14:32:17,095 - mcp_server - WARNING - Agent marked as inactive: settings_agent (instance: settings_agent_1765866666)
2025-12-16 14:32:17,095 - mcp_server - WARNING - Agent marked as inactive: network_agent (instance: network_agent_1765866667)
2025-12-16 14:32:17,095 - mcp_server - WARNING - Agent marked as inactive: app_agent (instance: app_agent_1765866668)
2025-12-16 14:32:17,095 - mcp_server - WARNING - Agent marked as inactive: monitor_agent (instance: monitor_agent_1765866669)
2025-12-16 14:32:17,096 - mcp_server - WARNING - Agent marked as inactive: media_agent (instance: media_agent_1765866670)
2025-12-16 14:32:20,099 - mcp_server - WARNING - Agent marked as inactive: file_agent (instance: file_agent_1765866665)
2025-12-16 14:32:20,099 - mcp_server - WARNING - Agent marked as inactive: settings_agent (instance: settings_agent_1765866666)
2025-12-16 14:32:20,099 - mcp_server - WARNING - Agent marked as inactive: network_agent (instance: network_agent_1765866667)
2025-12-16 14:32:20,099 - mcp_server - WARNING - Agent marked as inactive: app_agent (instance: app_agent_1765866668)
2025-12-16 14:32:20,100 - mcp_server - WARNING - Agent marked as inactive: monitor_agent (instance: monitor_agent_1765866669)
2025-12-16 14:32:20,100 - mcp_server - WARNING - Agent marked as inactive: media_agent (instance: media_agent_1765866670)
2025-12-16 14:32:23,103 - mcp_server - WARNING - Agent marked as inactive: file_agent (instance: file_agent_1765866665)
2025-12-16 14:32:23,103 - mcp_server - WARNING - Agent marked as inactive: settings_agent (instance: settings_agent_1765866666)
2025-12-16 14:32:23,103 - mcp_server - WARNING - Agent marked as inactive: network_agent (instance: network_agent_1765866667)
2025-12-16 14:32:23,103 - mcp_server - WARNING - Agent marked as inactive: app_agent (instance: app_agent_1765866668)
2025-12-16 14:32:23,103 - mcp_server - WARNING - Agent marked as inactive: monitor_agent (instance: monitor_agent_1765866669)
2025-12-16 14:32:23,103 - mcp_server - WARNING - Agent marked as inactive: media_agent (instance: media_agent_1765866670)
2025-12-16 14:32:26,107 - mcp_server - WARNING - Agent marked as inactive: file_agent (instance: file_agent_1765866665)
2025-12-16 14:32:26,107 - mcp_server - WARNING - Agent marked as inactive: settings_agent (instance: settings_agent_1765866666)
2025-12-16 14:32:26,107 - mcp_server - WARNING - Agent marked as inactive: network_agent (instance: network_agent_1765866667)
2025-12-16 14:32:26,107 - mcp_server - WARNING - Agent marked as inactive: app_agent (instance: app_agent_1765866668)
2025-12-16 14:32:26,107 - mcp_server - WARNING - Agent marked as inactive: monitor_agent (instance: monitor_agent_1765866669)
2025-12-16 14:32:26,107 - mcp_server - WARNING - Agent marked as inactive: media_agent (instance: media_agent_1765866670)
2025-12-16 14:32:29,110 - mcp_server - WARNING - Agent marked as inactive: file_agent (instance: file_agent_1765866665)
2025-12-16 14:32:29,111 - mcp_server - WARNING - Agent marked as inactive: settings_agent (instance: settings_agent_1765866666)
2025-12-16 14:32:29,111 - mcp_server - WARNING - Agent marked as inactive: network_agent (instance: network_agent_1765866667)
2025-12-16 14:32:29,111 - mcp_server - WARNING - Agent marked as inactive: app_agent (instance: app_agent_1765866668)
2025-12-16 14:32:29,111 - mcp_server - WARNING - Agent marked as inactive: monitor_agent (instance: monitor_agent_1765866669)
2025-12-16 14:32:29,111 - mcp_server - WARNING - Agent marked as inactive: media_agent (instance: media_agent_1765866670)
2025-12-16 14:32:32,114 - mcp_server - WARNING - Agent marked as inactive: file_agent (instance: file_agent_1765866665)
2025-12-16 14:32:32,114 - mcp_server - WARNING - Agent marked as inactive: settings_agent (instance: settings_agent_1765866666)
2025-12-16 14:32:32,114 - mcp_server - WARNING - Agent marked as inactive: network_agent (instance: network_agent_1765866667)
2025-12-16 14:32:32,114 - mcp_server - WARNING - Agent marked as inactive: app_agent (instance: app_agent_1765866668)
2025-12-16 14:32:32,114 - mcp_server - WARNING - Agent marked as inactive: monitor_agent (instance: monitor_agent_1765866669)
2025-12-16 14:32:32,115 - mcp_server - WARNING - Agent marked as inactive: media_agent (instance: media_agent_1765866670)
2025-12-16 14:32:35,118 - mcp_server - WARNING - Agent marked as inactive: file_agent (instance: file_agent_1765866665)
2025-12-16 14:32:35,118 - mcp_server - WARNING - Agent marked as inactive: settings_agent (instance: settings_agent_1765866666)
2025-12-16 14:32:35,118 - mcp_server - WARNING - Agent marked as inactive: network_agent (instance: network_agent_1765866667)
2025-12-16 14:32:35,118 - mcp_server - WARNING - Agent marked as inactive: app_agent (instance: app_agent_1765866668)
2025-12-16 14:32:35,118 - mcp_server - WARNING - Agent marked as inactive: monitor_agent (instance: monitor_agent_1765866669)
2025-12-16 14:32:35,118 - mcp_server - WARNING - Agent marked as inactive: media_agent (instance: media_agent_1765866670)
2025-12-16 14:32:38,121 - mcp_server - WARNING - Agent marked as inactive: file_agent (instance: file_agent_1765866665)
2025-12-16 14:32:38,122 - mcp_server - WARNING - Agent marked as inactive: settings_agent (instance: settings_agent_1765866666)
2025-12-16 14:32:38,122 - mcp_server - WARNING - Agent marked as inactive: network_agent (instance: network_agent_1765866667)
2025-12-16 14:32:38,122 - mcp_server - WARNING - Agent marked as inactive: app_agent (instance: app_agent_1765866668)
2025-12-16 14:32:38,122 - mcp_server - WARNING - Agent marked as inactive: monitor_agent (instance: monitor_agent_1765866669)
2025-12-16 14:32:38,122 - mcp_server - WARNING - Agent marked as inactive: media_agent (instance: media_agent_1765866670)
2025-12-16 14:32:41,125 - mcp_server - WARNING - Agent marked as inactive: file_agent (instance: file_agent_1765866665)
2025-12-16 14:32:41,125 - mcp_server - WARNING - Agent marked as inactive: settings_agent (instance: settings_agent_1765866666)
2025-12-16 14:32:41,125 - mcp_server - WARNING - Agent marked as inactive: network_agent (instance: network_agent_1765866667)
2025-12-16 14:32:41,125 - mcp_server - WARNING - Agent marked as inactive: app_agent (instance: app_agent_1765866668)
2025-12-16 14:32:41,125 - mcp_server - WARNING - Agent marked as inactive: monitor_agent (instance: monitor_agent_1765866669)
2025-12-16 14:32:41,125 - mcp_server - WARNING - Agent marked as inactive: media_agent (instance: media_agent_1765866670)
2025-12-16 14:32:44,128 - mcp_server - WARNING - Agent marked as inactive: file_agent (instance: file_agent_1765866665)
2025-12-16 14:32:44,129 - mcp_server - WARNING - Agent marked as inactive: settings_agent (instance: settings_agent_1765866666)
2025-12-16 14:32:44,129 - mcp_server - WARNING - Agent marked as inactive: network_agent (instance: network_agent_1765866667)
2025-12-16 14:32:44,129 - mcp_server - WARNING - Agent marked as inactive: app_agent (instance: app_agent_1765866668)
2025-12-16 14:32:44,129 - mcp_server - WARNING - Agent marked as inactive: monitor_agent (instance: monitor_agent_1765866669)
2025-12-16 14:32:44,129 - mcp_server - WARNING - Agent marked as inactive: media_agent (instance: media_agent_1765866670)
2025-12-16 14:32:47,132 - mcp_server - WARNING - Agent marked as inactive: file_agent (instance: file_agent_1765866665)
2025-12-16 14:32:47,133 - mcp_server - WARNING - Agent marked as inactive: settings_agent (instance: settings_agent_1765866666)
2025-12-16 14:32:47,133 - mcp_server - WARNING - Agent marked as inactive: network_agent (instance: network_agent_1765866667)
2025-12-16 14:32:47,133 - mcp_server - WARNING - Agent marked as inactive: app_agent (instance: app_agent_1765866668)
2025-12-16 14:32:47,133 - mcp_server - WARNING - Agent marked as inactive: monitor_agent (instance: monitor_agent_1765866669)
2025-12-16 14:32:47,133 - mcp_server - WARNING - Agent marked as inactive: media_agent (instance: media_agent_1765866670)
2025-12-16 14:32:50,136 - mcp_server - WARNING - Agent marked as inactive: file_agent (instance: file_agent_1765866665)
2025-12-16 14:32:50,136 - mcp_server - WARNING - Agent marked as inactive: settings_agent (instance: settings_agent_1765866666)
2025-12-16 14:32:50,136 - mcp_server - WARNING - Agent marked as inactive: network_agent (instance: network_agent_1765866667)
2025-12-16 14:32:50,136 - mcp_server - WARNING - Agent marked as inactive: app_agent (instance: app_agent_1765866668)
2025-12-16 14:32:50,137 - mcp_server - WARNING - Agent marked as inactive: monitor_agent (instance: monitor_agent_1765866669)
2025-12-16 14:32:50,137 - mcp_server - WARNING - Agent marked as inactive: media_agent (instance: media_agent_1765866670)
2025-12-16 14:32:53,140 - mcp_server - WARNING - Agent marked as inactive: file_agent (instance: file_agent_1765866665)
2025-12-16 14:32:53,140 - mcp_server - WARNING - Agent marked as inactive: settings_agent (instance: settings_agent_1765866666)
2025-12-16 14:32:53,140 - mcp_server - WARNING - Agent marked as inactive: network_agent (instance: network_agent_1765866667)
2025-12-16 14:32:53,140 - mcp_server - WARNING - Agent marked as inactive: app_agent (instance: app_agent_1765866668)
2025-12-16 14:32:53,140 - mcp_server - WARNING - Agent marked as inactive: monitor_agent (instance: monitor_agent_1765866669)
2025-12-16 14:32:53,140 - mcp_server - WARNING - Agent marked as inactive: media_agent (instance: media_agent_1765866670)
2025-12-16 14:32:56,143 - mcp_server - WARNING - Agent marked as inactive: file_agent (instance: file_agent_1765866665)
2025-12-16 14:32:56,143 - mcp_server - WARNING - Agent marked as inactive: settings_agent (instance: settings_agent_1765866666)
2025-12-16 14:32:56,143 - mcp_server - WARNING - Agent marked as inactive: network_agent (instance: network_agent_1765866667)
2025-12-16 14:32:56,144 - mcp_server - WARNING - Agent marked as inactive: app_agent (instance: app_agent_1765866668)
2025-12-16 14:32:56,144 - mcp_server - WARNING - Agent marked as inactive: monitor_agent (instance: monitor_agent_1765866669)
2025-12-16 14:32:56,144 - mcp_server - WARNING - Agent marked as inactive: media_agent (instance: media_agent_1765866670)
2025-12-16 14:32:59,147 - mcp_server - WARNING - Agent marked as inactive: file_agent (instance: file_agent_1765866665)
2025-12-16 14:32:59,147 - mcp_server - WARNING - Agent marked as inactive: settings_agent (instance: settings_agent_1765866666)
2025-12-16 14:32:59,147 - mcp_server - WARNING - Agent marked as inactive: network_agent (instance: network_agent_1765866667)
2025-12-16 14:32:59,148 - mcp_server - WARNING - Agent marked as inactive: app_agent (instance: app_agent_1765866668)
2025-12-16 14:32:59,148 - mcp_server - WARNING - Agent marked as inactive: monitor_agent (instance: monitor_agent_1765866669)
2025-12-16 14:32:59,148 - mcp_server - WARNING - Agent marked as inactive: media_agent (instance: media_agent_1765866670)
2025-12-16 14:33:02,151 - mcp_server - WARNING - Agent marked as inactive: file_agent (instance: file_agent_1765866665)
2025-12-16 14:33:02,151 - mcp_server - WARNING - Agent marked as inactive: settings_agent (instance: settings_agent_1765866666)
2025-12-16 14:33:02,151 - mcp_server - WARNING - Agent marked as inactive: network_agent (instance: network_agent_1765866667)
2025-12-16 14:33:02,151 - mcp_server - WARNING - Agent marked as inactive: app_agent (instance: app_agent_1765866668)
2025-12-16 14:33:02,151 - mcp_server - WARNING - Agent marked as inactive: monitor_agent (instance: monitor_agent_1765866669)
2025-12-16 14:33:02,151 - mcp_server - WARNING - Agent marked as inactive: media_agent (instance: media_agent_1765866670)
2025-12-16 14:33:05,154 - mcp_server - WARNING - Agent marked as inactive: file_agent (instance: file_agent_1765866665)
2025-12-16 14:33:05,154 - mcp_server - WARNING - Agent marked as inactive: settings_agent (instance: settings_agent_1765866666)
2025-12-16 14:33:05,154 - mcp_server - WARNING - Agent marked as inactive: network_agent (instance: network_agent_1765866667)
2025-12-16 14:33:05,155 - mcp_server - WARNING - Agent marked as inactive: app_agent (instance: app_agent_1765866668)
2025-12-16 14:33:05,155 - mcp_server - WARNING - Agent marked as inactive: monitor_agent (instance: monitor_agent_1765866669)
2025-12-16 14:33:05,155 - mcp_server - WARNING - Agent marked as inactive: media_agent (instance: media_agent_1765866670)
2025-12-16 14:33:08,158 - mcp_server - WARNING - Agent marked as inactive: file_agent (instance: file_agent_1765866665)
2025-12-16 14:33:08,158 - mcp_server - WARNING - Agent marked as inactive: settings_agent (instance: settings_agent_1765866666)
2025-12-16 14:33:08,158 - mcp_server - WARNING - Agent marked as inactive: network_agent (instance: network_agent_1765866667)
2025-12-16 14:33:08,158 - mcp_server - WARNING - Agent marked as inactive: app_agent (instance: app_agent_1765866668)
2025-12-16 14:33:08,158 - mcp_server - WARNING - Agent marked as inactive: monitor_agent (instance: monitor_agent_1765866669)
2025-12-16 14:33:08,159 - mcp_server - WARNING - Agent marked as inactive: media_agent (instance: media_agent_1765866670)
2025-12-16 14:33:11,162 - mcp_server - WARNING - Agent marked as inactive: file_agent (instance: file_agent_1765866665)
2025-12-16 14:33:11,162 - mcp_server - WARNING - Agent marked as inactive: settings_agent (instance: settings_agent_1765866666)
2025-12-16 14:33:11,162 - mcp_server - WARNING - Agent marked as inactive: network_agent (instance: network_agent_1765866667)
2025-12-16 14:33:11,162 - mcp_server - WARNING - Agent marked as inactive: app_agent (instance: app_agent_1765866668)
2025-12-16 14:33:11,163 - mcp_server - WARNING - Agent marked as inactive: monitor_agent (instance: monitor_agent_1765866669)
2025-12-16 14:33:11,163 - mcp_server - WARNING - Agent marked as inactive: media_agent (instance: media_agent_1765866670)
2025-12-16 14:33:14,166 - mcp_server - WARNING - Agent marked as inactive: file_agent (instance: file_agent_1765866665)
2025-12-16 14:33:14,166 - mcp_server - WARNING - Agent marked as inactive: settings_agent (instance: settings_agent_1765866666)
2025-12-16 14:33:14,166 - mcp_server - WARNING - Agent marked as inactive: network_agent (instance: network_agent_1765866667)
2025-12-16 14:33:14,167 - mcp_server - WARNING - Agent marked as inactive: app_agent (instance: app_agent_1765866668)
2025-12-16 14:33:14,167 - mcp_server - WARNING - Agent marked as inactive: monitor_agent (instance: monitor_agent_1765866669)
2025-12-16 14:33:14,167 - mcp_server - WARNING - Agent marked as inactive: media_agent (instance: media_agent_1765866670)
2025-12-16 14:33:17,170 - mcp_server - WARNING - Agent marked as inactive: file_agent (instance: file_agent_1765866665)
2025-12-16 14:33:17,170 - mcp_server - WARNING - Agent marked as inactive: settings_agent (instance: settings_agent_1765866666)
2025-12-16 14:33:17,170 - mcp_server - WARNING - Agent marked as inactive: network_agent (instance: network_agent_1765866667)
2025-12-16 14:33:17,170 - mcp_server - WARNING - Agent marked as inactive: app_agent (instance: app_agent_1765866668)
2025-12-16 14:33:17,170 - mcp_server - WARNING - Agent marked as inactive: monitor_agent (instance: monitor_agent_1765866669)
2025-12-16 14:33:17,170 - mcp_server - WARNING - Agent marked as inactive: media_agent (instance: media_agent_1765866670)
2025-12-16 14:33:20,174 - mcp_server - WARNING - Agent marked as inactive: file_agent (instance: file_agent_1765866665)
2025-12-16 14:33:20,174 - mcp_server - WARNING - Agent marked as inactive: settings_agent (instance: settings_agent_1765866666)
2025-12-16 14:33:20,174 - mcp_server - WARNING - Agent marked as inactive: network_agent (instance: network_agent_1765866667)
2025-12-16 14:33:20,174 - mcp_server - WARNING - Agent marked as inactive: app_agent (instance: app_agent_1765866668)
2025-12-16 14:33:20,174 - mcp_server - WARNING - Agent marked as inactive: monitor_agent (instance: monitor_agent_1765866669)
2025-12-16 14:33:20,174 - mcp_server - WARNING - Agent marked as inactive: media_agent (instance: media_agent_1765866670)
2025-12-16 14:33:23,177 - mcp_server - WARNING - Agent marked as inactive: file_agent (instance: file_agent_1765866665)
2025-12-16 14:33:23,178 - mcp_server - WARNING - Agent marked as inactive: settings_agent (instance: settings_agent_1765866666)
2025-12-16 14:33:23,178 - mcp_server - WARNING - Agent marked as inactive: network_agent (instance: network_agent_1765866667)
2025-12-16 14:33:23,178 - mcp_server - WARNING - Agent marked as inactive: app_agent (instance: app_agent_1765866668)
2025-12-16 14:33:23,178 - mcp_server - WARNING - Agent marked as inactive: monitor_agent (instance: monitor_agent_1765866669)
2025-12-16 14:33:23,178 - mcp_server - WARNING - Agent marked as inactive: media_agent (instance: media_agent_1765866670)
2025-12-16 14:33:26,181 - mcp_server - WARNING - Agent marked as inactive: file_agent (instance: file_agent_1765866665)
2025-12-16 14:33:26,181 - mcp_server - WARNING - Agent marked as inactive: settings_agent (instance: settings_agent_1765866666)
2025-12-16 14:33:26,181 - mcp_server - WARNING - Agent marked as inactive: network_agent (instance: network_agent_1765866667)
2025-12-16 14:33:26,182 - mcp_server - WARNING - Agent marked as inactive: app_agent (instance: app_agent_1765866668)
2025-12-16 14:33:26,182 - mcp_server - WARNING - Agent marked as inactive: monitor_agent (instance: monitor_agent_1765866669)
2025-12-16 14:33:26,182 - mcp_server - WARNING - Agent marked as inactive: media_agent (instance: media_agent_1765866670)
2025-12-16 14:33:29,185 - mcp_server - WARNING - Agent marked as inactive: file_agent (instance: file_agent_1765866665)
2025-12-16 14:33:29,185 - mcp_server - WARNING - Agent marked as inactive: settings_agent (instance: settings_agent_1765866666)
2025-12-16 14:33:29,185 - mcp_server - WARNING - Agent marked as inactive: network_agent (instance: network_agent_1765866667)
2025-12-16 14:33:29,185 - mcp_server - WARNING - Agent marked as inactive: app_agent (instance: app_agent_1765866668)
2025-12-16 14:33:29,186 - mcp_server - WARNING - Agent marked as inactive: monitor_agent (instance: monitor_agent_1765866669)
2025-12-16 14:33:29,186 - mcp_server - WARNING - Agent marked as inactive: media_agent (instance: media_agent_1765866670)
2025-12-16 14:33:32,189 - mcp_server - WARNING - Agent marked as inactive: file_agent (instance: file_agent_1765866665)
2025-12-16 14:33:32,189 - mcp_server - WARNING - Agent marked as inactive: settings_agent (instance: settings_agent_1765866666)
2025-12-16 14:33:32,189 - mcp_server - WARNING - Agent marked as inactive: network_agent (instance: network_agent_1765866667)
2025-12-16 14:33:32,189 - mcp_server - WARNING - Agent marked as inactive: app_agent (instance: app_agent_1765866668)
2025-12-16 14:33:32,190 - mcp_server - WARNING - Agent marked as inactive: monitor_agent (instance: monitor_agent_1765866669)
2025-12-16 14:33:32,190 - mcp_server - WARNING - Agent marked as inactive: media_agent (instance: media_agent_1765866670)
2025-12-16 14:33:35,193 - mcp_server - WARNING - Agent marked as inactive: file_agent (instance: file_agent_1765866665)
2025-12-16 14:33:35,193 - mcp_server - WARNING - Agent marked as inactive: settings_agent (instance: settings_agent_1765866666)
2025-12-16 14:33:35,193 - mcp_server - WARNING - Agent marked as inactive: network_agent (instance: network_agent_1765866667)
2025-12-16 14:33:35,194 - mcp_server - WARNING - Agent marked as inactive: app_agent (instance: app_agent_1765866668)
2025-12-16 14:33:35,194 - mcp_server - WARNING - Agent marked as inactive: monitor_agent (instance: monitor_agent_1765866669)
2025-12-16 14:33:35,194 - mcp_server - WARNING - Agent marked as inactive: media_agent (instance: media_agent_1765866670)
2025-12-16 14:33:38,196 - mcp_server - WARNING - Agent marked as inactive: file_agent (instance: file_agent_1765866665)
2025-12-16 14:33:38,196 - mcp_server - WARNING - Agent marked as inactive: settings_agent (instance: settings_agent_1765866666)
2025-12-16 14:33:38,197 - mcp_server - WARNING - Agent marked as inactive: network_agent (instance: network_agent_1765866667)
2025-12-16 14:33:38,197 - mcp_server - WARNING - Agent marked as inactive: app_agent (instance: app_agent_1765866668)
2025-12-16 14:33:38,197 - mcp_server - WARNING - Agent marked as inactive: monitor_agent (instance: monitor_agent_1765866669)
2025-12-16 14:33:38,197 - mcp_server - WARNING - Agent marked as inactive: media_agent (instance: media_agent_1765866670)
2025-12-16 14:33:41,200 - mcp_server - WARNING - Agent marked as inactive: file_agent (instance: file_agent_1765866665)
2025-12-16 14:33:41,200 - mcp_server - WARNING - Agent marked as inactive: settings_agent (instance: settings_agent_1765866666)
2025-12-16 14:33:41,201 - mcp_server - WARNING - Agent marked as inactive: network_agent (instance: network_agent_1765866667)
2025-12-16 14:33:41,201 - mcp_server - WARNING - Agent marked as inactive: app_agent (instance: app_agent_1765866668)
2025-12-16 14:33:41,201 - mcp_server - WARNING - Agent marked as inactive: monitor_agent (instance: monitor_agent_1765866669)
2025-12-16 14:33:41,201 - mcp_server - WARNING - Agent marked as inactive: media_agent (instance: media_agent_1765866670)
2025-12-16 14:33:44,204 - mcp_server - WARNING - Agent marked as inactive: file_agent (instance: file_agent_1765866665)
2025-12-16 14:33:44,204 - mcp_server - WARNING - Agent marked as inactive: settings_agent (instance: settings_agent_1765866666)
2025-12-16 14:33:44,205 - mcp_server - WARNING - Agent marked as inactive: network_agent (instance: network_agent_1765866667)
2025-12-16 14:33:44,205 - mcp_server - WARNING - Agent marked as inactive: app_agent (instance: app_agent_1765866668)
2025-12-16 14:33:44,205 - mcp_server - WARNING - Agent marked as inactive: monitor_agent (instance: monitor_agent_1765866669)
2025-12-16 14:33:44,205 - mcp_server - WARNING - Agent marked as inactive: media_agent (instance: media_agent_1765866670)
2025-12-16 14:33:47,208 - mcp_server - WARNING - Agent marked as inactive: file_agent (instance: file_agent_1765866665)
2025-12-16 14:33:47,209 - mcp_server - WARNING - Agent marked as inactive: settings_agent (instance: settings_agent_1765866666)
2025-12-16 14:33:47,209 - mcp_server - WARNING - Agent marked as inactive: network_agent (instance: network_agent_1765866667)
2025-12-16 14:33:47,209 - mcp_server - WARNING - Agent marked as inactive: app_agent (instance: app_agent_1765866668)
2025-12-16 14:33:47,209 - mcp_server - WARNING - Agent marked as inactive: monitor_agent (instance: monitor_agent_1765866669)
2025-12-16 14:33:47,209 - mcp_server - WARNING - Agent marked as inactive: media_agent (instance: media_agent_1765866670)
2025-12-16 14:33:50,212 - mcp_server - WARNING - Agent marked as inactive: file_agent (instance: file_agent_1765866665)
2025-12-16 14:33:50,212 - mcp_server - WARNING - Agent marked as inactive: settings_agent (instance: settings_agent_1765866666)
2025-12-16 14:33:50,213 - mcp_server - WARNING - Agent marked as inactive: network_agent (instance: network_agent_1765866667)
2025-12-16 14:33:50,213 - mcp_server - WARNING - Agent marked as inactive: app_agent (instance: app_agent_1765866668)
2025-12-16 14:33:50,213 - mcp_server - WARNING - Agent marked as inactive: monitor_agent (instance: monitor_agent_1765866669)
2025-12-16 14:33:50,213 - mcp_server - WARNING - Agent marked as inactive: media_agent (instance: media_agent_1765866670)
2025-12-16 14:33:53,216 - mcp_server - WARNING - Agent marked as inactive: file_agent (instance: file_agent_1765866665)
2025-12-16 14:33:53,216 - mcp_server - WARNING - Agent marked as inactive: settings_agent (instance: settings_agent_1765866666)
2025-12-16 14:33:53,216 - mcp_server - WARNING - Agent marked as inactive: network_agent (instance: network_agent_1765866667)
2025-12-16 14:33:53,216 - mcp_server - WARNING - Agent marked as inactive: app_agent (instance: app_agent_1765866668)
2025-12-16 14:33:53,217 - mcp_server - WARNING - Agent marked as inactive: monitor_agent (instance: monitor_agent_1765866669)
2025-12-16 14:33:53,217 - mcp_server - WARNING - Agent marked as inactive: media_agent (instance: media_agent_1765866670)
2025-12-16 14:33:56,220 - mcp_server - WARNING - Agent marked as inactive: file_agent (instance: file_agent_1765866665)
2025-12-16 14:33:56,220 - mcp_server - WARNING - Agent marked as inactive: settings_agent (instance: settings_agent_1765866666)
2025-12-16 14:33:56,220 - mcp_server - WARNING - Agent marked as inactive: network_agent (instance: network_agent_1765866667)
2025-12-16 14:33:56,220 - mcp_server - WARNING - Agent marked as inactive: app_agent (instance: app_agent_1765866668)
2025-12-16 14:33:56,220 - mcp_server - WARNING - Agent marked as inactive: monitor_agent (instance: monitor_agent_1765866669)
2025-12-16 14:33:56,220 - mcp_server - WARNING - Agent marked as inactive: media_agent (instance: media_agent_1765866670)
2025-12-16 14:33:59,224 - mcp_server - WARNING - Agent marked as inactive: file_agent (instance: file_agent_1765866665)
2025-12-16 14:33:59,224 - mcp_server - WARNING - Agent marked as inactive: settings_agent (instance: settings_agent_1765866666)
2025-12-16 14:33:59,224 - mcp_server - WARNING - Agent marked as inactive: network_agent (instance: network_agent_1765866667)
2025-12-16 14:33:59,224 - mcp_server - WARNING - Agent marked as inactive: app_agent (instance: app_agent_1765866668)
2025-12-16 14:33:59,224 - mcp_server - WARNING - Agent marked as inactive: monitor_agent (instance: monitor_agent_1765866669)
2025-12-16 14:33:59,224 - mcp_server - WARNING - Agent marked as inactive: media_agent (instance: media_agent_1765866670)
2025-12-16 14:34:02,228 - mcp_server - WARNING - Agent marked as inactive: file_agent (instance: file_agent_1765866665)
2025-12-16 14:34:02,228 - mcp_server - WARNING - Agent marked as inactive: settings_agent (instance: settings_agent_1765866666)
2025-12-16 14:34:02,228 - mcp_server - WARNING - Agent marked as inactive: network_agent (instance: network_agent_1765866667)
2025-12-16 14:34:02,228 - mcp_server - WARNING - Agent marked as inactive: app_agent (instance: app_agent_1765866668)
2025-12-16 14:34:02,228 - mcp_server - WARNING - Agent marked as inactive: monitor_agent (instance: monitor_agent_1765866669)
2025-12-16 14:34:02,228 - mcp_server - WARNING - Agent marked as inactive: media_agent (instance: media_agent_1765866670)
2025-12-16 14:34:05,232 - mcp_server - WARNING - Agent marked as inactive: file_agent (instance: file_agent_1765866665)
2025-12-16 14:34:05,232 - mcp_server - WARNING - Agent marked as inactive: settings_agent (instance: settings_agent_1765866666)
2025-12-16 14:34:05,232 - mcp_server - WARNING - Agent marked as inactive: network_agent (instance: network_agent_1765866667)
2025-12-16 14:34:05,232 - mcp_server - WARNING - Agent marked as inactive: app_agent (instance: app_agent_1765866668)
2025-12-16 14:34:05,232 - mcp_server - WARNING - Agent marked as inactive: monitor_agent (instance: monitor_agent_1765866669)
2025-12-16 14:34:05,232 - mcp_server - WARNING - Agent marked as inactive: media_agent (instance: media_agent_1765866670)
2025-12-16 14:34:08,235 - mcp_server - WARNING - Agent marked as inactive: file_agent (instance: file_agent_1765866665)
2025-12-16 14:34:08,235 - mcp_server - WARNING - Agent marked as inactive: settings_agent (instance: settings_agent_1765866666)
2025-12-16 14:34:08,235 - mcp_server - WARNING - Agent marked as inactive: network_agent (instance: network_agent_1765866667)
2025-12-16 14:34:08,235 - mcp_server - WARNING - Agent marked as inactive: app_agent (instance: app_agent_1765866668)
2025-12-16 14:34:08,235 - mcp_server - WARNING - Agent marked as inactive: monitor_agent (instance: monitor_agent_1765866669)
2025-12-16 14:34:08,235 - mcp_server - WARNING - Agent marked as inactive: media_agent (instance: media_agent_1765866670)
2025-12-16 14:34:11,239 - mcp_server - WARNING - Agent marked as inactive: file_agent (instance: file_agent_1765866665)
2025-12-16 14:34:11,239 - mcp_server - WARNING - Agent marked as inactive: settings_agent (instance: settings_agent_1765866666)
2025-12-16 14:34:11,239 - mcp_server - WARNING - Agent marked as inactive: network_agent (instance: network_agent_1765866667)
2025-12-16 14:34:11,239 - mcp_server - WARNING - Agent marked as inactive: app_agent (instance: app_agent_1765866668)
2025-12-16 14:34:11,239 - mcp_server - WARNING - Agent marked as inactive: monitor_agent (instance: monitor_agent_1765866669)
2025-12-16 14:34:11,239 - mcp_server - WARNING - Agent marked as inactive: media_agent (instance: media_agent_1765866670)
2025-12-16 14:34:14,243 - mcp_server - WARNING - Agent marked as inactive: file_agent (instance: file_agent_1765866665)
2025-12-16 14:34:14,243 - mcp_server - WARNING - Agent marked as inactive: settings_agent (instance: settings_agent_1765866666)
2025-12-16 14:34:14,243 - mcp_server - WARNING - Agent marked as inactive: network_agent (instance: network_agent_1765866667)
2025-12-16 14:34:14,243 - mcp_server - WARNING - Agent marked as inactive: app_agent (instance: app_agent_1765866668)
2025-12-16 14:34:14,243 - mcp_server - WARNING - Agent marked as inactive: monitor_agent (instance: monitor_agent_1765866669)
2025-12-16 14:34:14,243 - mcp_server - WARNING - Agent marked as inactive: media_agent (instance: media_agent_1765866670)
2025-12-16 14:34:17,246 - mcp_server - WARNING - Agent marked as inactive: file_agent (instance: file_agent_1765866665)
2025-12-16 14:34:17,246 - mcp_server - WARNING - Agent marked as inactive: settings_agent (instance: settings_agent_1765866666)
2025-12-16 14:34:17,246 - mcp_server - WARNING - Agent marked as inactive: network_agent (instance: network_agent_1765866667)
2025-12-16 14:34:17,247 - mcp_server - WARNING - Agent marked as inactive: app_agent (instance: app_agent_1765866668)
2025-12-16 14:34:17,247 - mcp_server - WARNING - Agent marked as inactive: monitor_agent (instance: monitor_agent_1765866669)
2025-12-16 14:34:17,247 - mcp_server - WARNING - Agent marked as inactive: media_agent (instance: media_agent_1765866670)
2025-12-16 14:34:20,250 - mcp_server - WARNING - Agent marked as inactive: file_agent (instance: file_agent_1765866665)
2025-12-16 14:34:20,250 - mcp_server - WARNING - Agent marked as inactive: settings_agent (instance: settings_agent_1765866666)
2025-12-16 14:34:20,251 - mcp_server - WARNING - Agent marked as inactive: network_agent (instance: network_agent_1765866667)
2025-12-16 14:34:20,251 - mcp_server - WARNING - Agent marked as inactive: app_agent (instance: app_agent_1765866668)
2025-12-16 14:34:20,251 - mcp_server - WARNING - Agent marked as inactive: monitor_agent (instance: monitor_agent_1765866669)
2025-12-16 14:34:20,251 - mcp_server - WARNING - Agent marked as inactive: media_agent (instance: media_agent_1765866670)
2025-12-16 14:34:23,254 - mcp_server - WARNING - Agent marked as inactive: file_agent (instance: file_agent_1765866665)
2025-12-16 14:34:23,255 - mcp_server - WARNING - Agent marked as inactive: settings_agent (instance: settings_agent_1765866666)
2025-12-16 14:34:23,255 - mcp_server - WARNING - Agent marked as inactive: network_agent (instance: network_agent_1765866667)
2025-12-16 14:34:23,255 - mcp_server - WARNING - Agent marked as inactive: app_agent (instance: app_agent_1765866668)
2025-12-16 14:34:23,255 - mcp_server - WARNING - Agent marked as inactive: monitor_agent (instance: monitor_agent_1765866669)
2025-12-16 14:34:23,255 - mcp_server - WARNING - Agent marked as inactive: media_agent (instance: media_agent_1765866670)
2025-12-16 14:34:26,258 - mcp_server - WARNING - Agent marked as inactive: file_agent (instance: file_agent_1765866665)
2025-12-16 14:34:26,259 - mcp_server - WARNING - Agent marked as inactive: settings_agent (instance: settings_agent_1765866666)
2025-12-16 14:34:26,259 - mcp_server - WARNING - Agent marked as inactive: network_agent (instance: network_agent_1765866667)
2025-12-16 14:34:26,259 - mcp_server - WARNING - Agent marked as inactive: app_agent (instance: app_agent_1765866668)
2025-12-16 14:34:26,259 - mcp_server - WARNING - Agent marked as inactive: monitor_agent (instance: monitor_agent_1765866669)
2025-12-16 14:34:26,259 - mcp_server - WARNING - Agent marked as inactive: media_agent (instance: media_agent_1765866670)
2025-12-16 14:34:29,262 - mcp_server - WARNING - Agent marked as inactive: file_agent (instance: file_agent_1765866665)
2025-12-16 14:34:29,263 - mcp_server - WARNING - Agent marked as inactive: settings_agent (instance: settings_agent_1765866666)
2025-12-16 14:34:29,263 - mcp_server - WARNING - Agent marked as inactive: network_agent (instance: network_agent_1765866667)
2025-12-16 14:34:29,263 - mcp_server - WARNING - Agent marked as inactive: app_agent (instance: app_agent_1765866668)
2025-12-16 14:34:29,263 - mcp_server - WARNING - Agent marked as inactive: monitor_agent (instance: monitor_agent_1765866669)
2025-12-16 14:34:29,263 - mcp_server - WARNING - Agent marked as inactive: media_agent (instance: media_agent_1765866670)
2025-12-16 14:34:32,267 - mcp_server - WARNING - Agent marked as inactive: file_agent (instance: file_agent_1765866665)
2025-12-16 14:34:32,267 - mcp_server - WARNING - Agent marked as inactive: settings_agent (instance: settings_agent_1765866666)
2025-12-16 14:34:32,267 - mcp_server - WARNING - Agent marked as inactive: network_agent (instance: network_agent_1765866667)
2025-12-16 14:34:32,267 - mcp_server - WARNING - Agent marked as inactive: app_agent (instance: app_agent_1765866668)
2025-12-16 14:34:32,267 - mcp_server - WARNING - Agent marked as inactive: monitor_agent (instance: monitor_agent_1765866669)
2025-12-16 14:34:32,267 - mcp_server - WARNING - Agent marked as inactive: media_agent (instance: media_agent_1765866670)
2025-12-16 14:34:35,271 - mcp_server - WARNING - Agent marked as inactive: file_agent (instance: file_agent_1765866665)
2025-12-16 14:34:35,271 - mcp_server - WARNING - Agent marked as inactive: settings_agent (instance: settings_agent_1765866666)
2025-12-16 14:34:35,271 - mcp_server - WARNING - Agent marked as inactive: network_agent (instance: network_agent_1765866667)
2025-12-16 14:34:35,271 - mcp_server - WARNING - Agent marked as inactive: app_agent (instance: app_agent_1765866668)
2025-12-16 14:34:35,271 - mcp_server - WARNING - Agent marked as inactive: monitor_agent (instance: monitor_agent_1765866669)
2025-12-16 14:34:35,271 - mcp_server - WARNING - Agent marked as inactive: media_agent (instance: media_agent_1765866670)
2025-12-16 14:34:38,274 - mcp_server - WARNING - Agent marked as inactive: file_agent (instance: file_agent_1765866665)
2025-12-16 14:34:38,275 - mcp_server - WARNING - Agent marked as inactive: settings_agent (instance: settings_agent_1765866666)
2025-12-16 14:34:38,275 - mcp_server - WARNING - Agent marked as inactive: network_agent (instance: network_agent_1765866667)
2025-12-16 14:34:38,275 - mcp_server - WARNING - Agent marked as inactive: app_agent (instance: app_agent_1765866668)
2025-12-16 14:34:38,275 - mcp_server - WARNING - Agent marked as inactive: monitor_agent (instance: monitor_agent_1765866669)
2025-12-16 14:34:38,275 - mcp_server - WARNING - Agent marked as inactive: media_agent (instance: media_agent_1765866670)
2025-12-16 14:34:41,279 - mcp_server - WARNING - Agent marked as inactive: file_agent (instance: file_agent_1765866665)
2025-12-16 14:34:41,279 - mcp_server - WARNING - Agent marked as inactive: settings_agent (instance: settings_agent_1765866666)
2025-12-16 14:34:41,279 - mcp_server - WARNING - Agent marked as inactive: network_agent (instance: network_agent_1765866667)
2025-12-16 14:34:41,279 - mcp_server - WARNING - Agent marked as inactive: app_agent (instance: app_agent_1765866668)
2025-12-16 14:34:41,279 - mcp_server - WARNING - Agent marked as inactive: monitor_agent (instance: monitor_agent_1765866669)
2025-12-16 14:34:41,279 - mcp_server - WARNING - Agent marked as inactive: media_agent (instance: media_agent_1765866670)
2025-12-16 14:34:44,283 - mcp_server - WARNING - Agent marked as inactive: file_agent (instance: file_agent_1765866665)
2025-12-16 14:34:44,283 - mcp_server - WARNING - Agent marked as inactive: settings_agent (instance: settings_agent_1765866666)
2025-12-16 14:34:44,283 - mcp_server - WARNING - Agent marked as inactive: network_agent (instance: network_agent_1765866667)
2025-12-16 14:34:44,283 - mcp_server - WARNING - Agent marked as inactive: app_agent (instance: app_agent_1765866668)
2025-12-16 14:34:44,283 - mcp_server - WARNING - Agent marked as inactive: monitor_agent (instance: monitor_agent_1765866669)
2025-12-16 14:34:44,283 - mcp_server - WARNING - Agent marked as inactive: media_agent (instance: media_agent_1765866670)
2025-12-16 14:34:47,287 - mcp_server - WARNING - Agent marked as inactive: file_agent (instance: file_agent_1765866665)
2025-12-16 14:34:47,287 - mcp_server - WARNING - Agent marked as inactive: settings_agent (instance: settings_agent_1765866666)
2025-12-16 14:34:47,287 - mcp_server - WARNING - Agent marked as inactive: network_agent (instance: network_agent_1765866667)
2025-12-16 14:34:47,287 - mcp_server - WARNING - Agent marked as inactive: app_agent (instance: app_agent_1765866668)
2025-12-16 14:34:47,287 - mcp_server - WARNING - Agent marked as inactive: monitor_agent (instance: monitor_agent_1765866669)
2025-12-16 14:34:47,288 - mcp_server - WARNING - Agent marked as inactive: media_agent (instance: media_agent_1765866670)
2025-12-16 14:34:50,290 - mcp_server - WARNING - Agent marked as inactive: file_agent (instance: file_agent_1765866665)
2025-12-16 14:34:50,290 - mcp_server - WARNING - Agent marked as inactive: settings_agent (instance: settings_agent_1765866666)
2025-12-16 14:34:50,290 - mcp_server - WARNING - Agent marked as inactive: network_agent (instance: network_agent_1765866667)
2025-12-16 14:34:50,290 - mcp_server - WARNING - Agent marked as inactive: app_agent (instance: app_agent_1765866668)
2025-12-16 14:34:50,290 - mcp_server - WARNING - Agent marked as inactive: monitor_agent (instance: monitor_agent_1765866669)
2025-12-16 14:34:50,290 - mcp_server - WARNING - Agent marked as inactive: media_agent (instance: media_agent_1765866670)
2025-12-16 14:34:53,293 - mcp_server - WARNING - Agent marked as inactive: file_agent (instance: file_agent_1765866665)
2025-12-16 14:34:53,294 - mcp_server - WARNING - Agent marked as inactive: settings_agent (instance: settings_agent_1765866666)
2025-12-16 14:34:53,294 - mcp_server - WARNING - Agent marked as inactive: network_agent (instance: network_agent_1765866667)
2025-12-16 14:34:53,294 - mcp_server - WARNING - Agent marked as inactive: app_agent (instance: app_agent_1765866668)
2025-12-16 14:34:53,294 - mcp_server - WARNING - Agent marked as inactive: monitor_agent (instance: monitor_agent_1765866669)
2025-12-16 14:34:53,294 - mcp_server - WARNING - Agent marked as inactive: media_agent (instance: media_agent_1765866670)
2025-12-16 14:34:56,298 - mcp_server - WARNING - Agent marked as inactive: file_agent (instance: file_agent_1765866665)
2025-12-16 14:34:56,298 - mcp_server - WARNING - Agent marked as inactive: settings_agent (instance: settings_agent_1765866666)
2025-12-16 14:34:56,298 - mcp_server - WARNING - Agent marked as inactive: network_agent (instance: network_agent_1765866667)
2025-12-16 14:34:56,298 - mcp_server - WARNING - Agent marked as inactive: app_agent (instance: app_agent_1765866668)
2025-12-16 14:34:56,298 - mcp_server - WARNING - Agent marked as inactive: monitor_agent (instance: monitor_agent_1765866669)
2025-12-16 14:34:56,298 - mcp_server - WARNING - Agent marked as inactive: media_agent (instance: media_agent_1765866670)
2025-12-16 14:34:59,301 - mcp_server - WARNING - Agent marked as inactive: file_agent (instance: file_agent_1765866665)
2025-12-16 14:34:59,302 - mcp_server - WARNING - Agent marked as inactive: settings_agent (instance: settings_agent_1765866666)
2025-12-16 14:34:59,302 - mcp_server - WARNING - Agent marked as inactive: network_agent (instance: network_agent_1765866667)
2025-12-16 14:34:59,302 - mcp_server - WARNING - Agent marked as inactive: app_agent (instance: app_agent_1765866668)
2025-12-16 14:34:59,302 - mcp_server - WARNING - Agent marked as inactive: monitor_agent (instance: monitor_agent_1765866669)
2025-12-16 14:34:59,302 - mcp_server - WARNING - Agent marked as inactive: media_agent (instance: media_agent_1765866670)
2025-12-16 14:35:02,305 - mcp_server - WARNING - Agent marked as inactive: file_agent (instance: file_agent_1765866665)
2025-12-16 14:35:02,305 - mcp_server - WARNING - Agent marked as inactive: settings_agent (instance: settings_agent_1765866666)
2025-12-16 14:35:02,305 - mcp_server - WARNING - Agent marked as inactive: network_agent (instance: network_agent_1765866667)
2025-12-16 14:35:02,306 - mcp_server - WARNING - Agent marked as inactive: app_agent (instance: app_agent_1765866668)
2025-12-16 14:35:02,306 - mcp_server - WARNING - Agent marked as inactive: monitor_agent (instance: monitor_agent_1765866669)
2025-12-16 14:35:02,306 - mcp_server - WARNING - Agent marked as inactive: media_agent (instance: media_agent_1765866670)
2025-12-16 14:35:05,309 - mcp_server - WARNING - Agent marked as inactive: file_agent (instance: file_agent_1765866665)
2025-12-16 14:35:05,309 - mcp_server - WARNING - Agent marked as inactive: settings_agent (instance: settings_agent_1765866666)
2025-12-16 14:35:05,310 - mcp_server - WARNING - Agent marked as inactive: network_agent (instance: network_agent_1765866667)
2025-12-16 14:35:05,310 - mcp_server - WARNING - Agent marked as inactive: app_agent (instance: app_agent_1765866668)
2025-12-16 14:35:05,310 - mcp_server - WARNING - Agent marked as inactive: monitor_agent (instance: monitor_agent_1765866669)
2025-12-16 14:35:05,310 - mcp_server - WARNING - Agent marked as inactive: media_agent (instance: media_agent_1765866670)
2025-12-16 14:35:08,313 - mcp_server - WARNING - Agent marked as inactive: file_agent (instance: file_agent_1765866665)
2025-12-16 14:35:08,314 - mcp_server - WARNING - Agent marked as inactive: settings_agent (instance: settings_agent_1765866666)
2025-12-16 14:35:08,314 - mcp_server - WARNING - Agent marked as inactive: network_agent (instance: network_agent_1765866667)
2025-12-16 14:35:08,314 - mcp_server - WARNING - Agent marked as inactive: app_agent (instance: app_agent_1765866668)
2025-12-16 14:35:08,314 - mcp_server - WARNING - Agent marked as inactive: monitor_agent (instance: monitor_agent_1765866669)
2025-12-16 14:35:08,314 - mcp_server - WARNING - Agent marked as inactive: media_agent (instance: media_agent_1765866670)
2025-12-16 14:35:11,317 - mcp_server - WARNING - Agent marked as inactive: file_agent (instance: file_agent_1765866665)
2025-12-16 14:35:11,318 - mcp_server - WARNING - Agent marked as inactive: settings_agent (instance: settings_agent_1765866666)
2025-12-16 14:35:11,318 - mcp_server - WARNING - Agent marked as inactive: network_agent (instance: network_agent_1765866667)
2025-12-16 14:35:11,318 - mcp_server - WARNING - Agent marked as inactive: app_agent (instance: app_agent_1765866668)
2025-12-16 14:35:11,318 - mcp_server - WARNING - Agent marked as inactive: monitor_agent (instance: monitor_agent_1765866669)
2025-12-16 14:35:11,318 - mcp_server - WARNING - Agent marked as inactive: media_agent (instance: media_agent_1765866670)
2025-12-16 14:35:14,322 - mcp_server - WARNING - Agent marked as inactive: file_agent (instance: file_agent_1765866665)
2025-12-16 14:35:14,322 - mcp_server - WARNING - Agent marked as inactive: settings_agent (instance: settings_agent_1765866666)
2025-12-16 14:35:14,322 - mcp_server - WARNING - Agent marked as inactive: network_agent (instance: network_agent_1765866667)
2025-12-16 14:35:14,322 - mcp_server - WARNING - Agent marked as inactive: app_agent (instance: app_agent_1765866668)
2025-12-16 14:35:14,322 - mcp_server - WARNING - Agent marked as inactive: monitor_agent (instance: monitor_agent_1765866669)
2025-12-16 14:35:14,322 - mcp_server - WARNING - Agent marked as inactive: media_agent (instance: media_agent_1765866670)
2025-12-16 14:35:17,325 - mcp_server - WARNING - Agent marked as inactive: file_agent (instance: file_agent_1765866665)
2025-12-16 14:35:17,325 - mcp_server - WARNING - Agent marked as inactive: settings_agent (instance: settings_agent_1765866666)
2025-12-16 14:35:17,325 - mcp_server - WARNING - Agent marked as inactive: network_agent (instance: network_agent_1765866667)
2025-12-16 14:35:17,326 - mcp_server - WARNING - Agent marked as inactive: app_agent (instance: app_agent_1765866668)
2025-12-16 14:35:17,326 - mcp_server - WARNING - Agent marked as inactive: monitor_agent (instance: monitor_agent_1765866669)
2025-12-16 14:35:17,326 - mcp_server - WARNING - Agent marked as inactive: media_agent (instance: media_agent_1765866670)
2025-12-16 14:35:20,329 - mcp_server - WARNING - Agent marked as inactive: file_agent (instance: file_agent_1765866665)
2025-12-16 14:35:20,329 - mcp_server - WARNING - Agent marked as inactive: settings_agent (instance: settings_agent_1765866666)
2025-12-16 14:35:20,330 - mcp_server - WARNING - Agent marked as inactive: network_agent (instance: network_agent_1765866667)
2025-12-16 14:35:20,330 - mcp_server - WARNING - Agent marked as inactive: app_agent (instance: app_agent_1765866668)
2025-12-16 14:35:20,330 - mcp_server - WARNING - Agent marked as inactive: monitor_agent (instance: monitor_agent_1765866669)
2025-12-16 14:35:20,330 - mcp_server - WARNING - Agent marked as inactive: media_agent (instance: media_agent_1765866670)
2025-12-16 14:35:23,333 - mcp_server - WARNING - Agent marked as inactive: file_agent (instance: file_agent_1765866665)
2025-12-16 14:35:23,334 - mcp_server - WARNING - Agent marked as inactive: settings_agent (instance: settings_agent_1765866666)
2025-12-16 14:35:23,334 - mcp_server - WARNING - Agent marked as inactive: network_agent (instance: network_agent_1765866667)
2025-12-16 14:35:23,334 - mcp_server - WARNING - Agent marked as inactive: app_agent (instance: app_agent_1765866668)
2025-12-16 14:35:23,334 - mcp_server - WARNING - Agent marked as inactive: monitor_agent (instance: monitor_agent_1765866669)
2025-12-16 14:35:23,334 - mcp_server - WARNING - Agent marked as inactive: media_agent (instance: media_agent_1765866670)
2025-12-16 14:35:26,337 - mcp_server - WARNING - Agent marked as inactive: file_agent (instance: file_agent_1765866665)
2025-12-16 14:35:26,337 - mcp_server - WARNING - Agent marked as inactive: settings_agent (instance: settings_agent_1765866666)
2025-12-16 14:35:26,337 - mcp_server - WARNING - Agent marked as inactive: network_agent (instance: network_agent_1765866667)
2025-12-16 14:35:26,337 - mcp_server - WARNING - Agent marked as inactive: app_agent (instance: app_agent_1765866668)
2025-12-16 14:35:26,338 - mcp_server - WARNING - Agent marked as inactive: monitor_agent (instance: monitor_agent_1765866669)
2025-12-16 14:35:26,338 - mcp_server - WARNING - Agent marked as inactive: media_agent (instance: media_agent_1765866670)
2025-12-16 14:35:29,341 - mcp_server - WARNING - Agent marked as inactive: file_agent (instance: file_agent_1765866665)
2025-12-16 14:35:29,341 - mcp_server - WARNING - Agent marked as inactive: settings_agent (instance: settings_agent_1765866666)
2025-12-16 14:35:29,341 - mcp_server - WARNING - Agent marked as inactive: network_agent (instance: network_agent_1765866667)
2025-12-16 14:35:29,341 - mcp_server - WARNING - Agent marked as inactive: app_agent (instance: app_agent_1765866668)
2025-12-16 14:35:29,341 - mcp_server - WARNING - Agent marked as inactive: monitor_agent (instance: monitor_agent_1765866669)
2025-12-16 14:35:29,341 - mcp_server - WARNING - Agent marked as inactive: media_agent (instance: media_agent_1765866670)
2025-12-16 14:35:32,344 - mcp_server - WARNING - Agent marked as inactive: file_agent (instance: file_agent_1765866665)
2025-12-16 14:35:32,344 - mcp_server - WARNING - Agent marked as inactive: settings_agent (instance: settings_agent_1765866666)
2025-12-16 14:35:32,344 - mcp_server - WARNING - Agent marked as inactive: network_agent (instance: network_agent_1765866667)
2025-12-16 14:35:32,344 - mcp_server - WARNING - Agent marked as inactive: app_agent (instance: app_agent_1765866668)
2025-12-16 14:35:32,344 - mcp_server - WARNING - Agent marked as inactive: monitor_agent (instance: monitor_agent_1765866669)
2025-12-16 14:35:32,344 - mcp_server - WARNING - Agent marked as inactive: media_agent (instance: media_agent_1765866670)
2025-12-16 14:35:35,347 - mcp_server - WARNING - Agent marked as inactive: file_agent (instance: file_agent_1765866665)
2025-12-16 14:35:35,348 - mcp_server - WARNING - Agent marked as inactive: settings_agent (instance: settings_agent_1765866666)
2025-12-16 14:35:35,348 - mcp_server - WARNING - Agent marked as inactive: network_agent (instance: network_agent_1765866667)
2025-12-16 14:35:35,348 - mcp_server - WARNING - Agent marked as inactive: app_agent (instance: app_agent_1765866668)
2025-12-16 14:35:35,348 - mcp_server - WARNING - Agent marked as inactive: monitor_agent (instance: monitor_agent_1765866669)
2025-12-16 14:35:35,348 - mcp_server - WARNING - Agent marked as inactive: media_agent (instance: media_agent_1765866670)
2025-12-16 14:35:38,352 - mcp_server - WARNING - Agent marked as inactive: file_agent (instance: file_agent_1765866665)
2025-12-16 14:35:38,352 - mcp_server - WARNING - Agent marked as inactive: settings_agent (instance: settings_agent_1765866666)
2025-12-16 14:35:38,352 - mcp_server - WARNING - Agent marked as inactive: network_agent (instance: network_agent_1765866667)
2025-12-16 14:35:38,352 - mcp_server - WARNING - Agent marked as inactive: app_agent (instance: app_agent_1765866668)
2025-12-16 14:35:38,352 - mcp_server - WARNING - Agent marked as inactive: monitor_agent (instance: monitor_agent_1765866669)
2025-12-16 14:35:38,352 - mcp_server - WARNING - Agent marked as inactive: media_agent (instance: media_agent_1765866670)
2025-12-16 14:35:41,355 - mcp_server - WARNING - Agent marked as inactive: file_agent (instance: file_agent_1765866665)
2025-12-16 14:35:41,356 - mcp_server - WARNING - Agent marked as inactive: settings_agent (instance: settings_agent_1765866666)
2025-12-16 14:35:41,356 - mcp_server - WARNING - Agent marked as inactive: network_agent (instance: network_agent_1765866667)
2025-12-16 14:35:41,356 - mcp_server - WARNING - Agent marked as inactive: app_agent (instance: app_agent_1765866668)
2025-12-16 14:35:41,356 - mcp_server - WARNING - Agent marked as inactive: monitor_agent (instance: monitor_agent_1765866669)
2025-12-16 14:35:41,356 - mcp_server - WARNING - Agent marked as inactive: media_agent (instance: media_agent_1765866670)
2025-12-16 14:35:44,359 - mcp_server - WARNING - Agent marked as inactive: file_agent (instance: file_agent_1765866665)
2025-12-16 14:35:44,360 - mcp_server - WARNING - Agent marked as inactive: settings_agent (instance: settings_agent_1765866666)
2025-12-16 14:35:44,360 - mcp_server - WARNING - Agent marked as inactive: network_agent (instance: network_agent_1765866667)
2025-12-16 14:35:44,360 - mcp_server - WARNING - Agent marked as inactive: app_agent (instance: app_agent_1765866668)
2025-12-16 14:35:44,360 - mcp_server - WARNING - Agent marked as inactive: monitor_agent (instance: monitor_agent_1765866669)
2025-12-16 14:35:44,360 - mcp_server - WARNING - Agent marked as inactive: media_agent (instance: media_agent_1765866670)
2025-12-16 14:35:47,364 - mcp_server - WARNING - Agent marked as inactive: file_agent (instance: file_agent_1765866665)
2025-12-16 14:35:47,364 - mcp_server - WARNING - Agent marked as inactive: settings_agent (instance: settings_agent_1765866666)
2025-12-16 14:35:47,364 - mcp_server - WARNING - Agent marked as inactive: network_agent (instance: network_agent_1765866667)
2025-12-16 14:35:47,364 - mcp_server - WARNING - Agent marked as inactive: app_agent (instance: app_agent_1765866668)
2025-12-16 14:35:47,364 - mcp_server - WARNING - Agent marked as inactive: monitor_agent (instance: monitor_agent_1765866669)
2025-12-16 14:35:47,364 - mcp_server - WARNING - Agent marked as inactive: media_agent (instance: media_agent_1765866670)
2025-12-16 14:35:50,367 - mcp_server - WARNING - Agent marked as inactive: file_agent (instance: file_agent_1765866665)
2025-12-16 14:35:50,367 - mcp_server - WARNING - Agent marked as inactive: settings_agent (instance: settings_agent_1765866666)
2025-12-16 14:35:50,368 - mcp_server - WARNING - Agent marked as inactive: network_agent (instance: network_agent_1765866667)
2025-12-16 14:35:50,368 - mcp_server - WARNING - Agent marked as inactive: app_agent (instance: app_agent_1765866668)
2025-12-16 14:35:50,368 - mcp_server - WARNING - Agent marked as inactive: monitor_agent (instance: monitor_agent_1765866669)
2025-12-16 14:35:50,368 - mcp_server - WARNING - Agent marked as inactive: media_agent (instance: media_agent_1765866670)
2025-12-16 14:35:53,371 - mcp_server - WARNING - Agent marked as inactive: file_agent (instance: file_agent_1765866665)
2025-12-16 14:35:53,372 - mcp_server - WARNING - Agent marked as inactive: settings_agent (instance: settings_agent_1765866666)
2025-12-16 14:35:53,372 - mcp_server - WARNING - Agent marked as inactive: network_agent (instance: network_agent_1765866667)
2025-12-16 14:35:53,372 - mcp_server - WARNING - Agent marked as inactive: app_agent (instance: app_agent_1765866668)
2025-12-16 14:35:53,372 - mcp_server - WARNING - Agent marked as inactive: monitor_agent (instance: monitor_agent_1765866669)
2025-12-16 14:35:53,372 - mcp_server - WARNING - Agent marked as inactive: media_agent (instance: media_agent_1765866670)
2025-12-16 14:35:56,375 - mcp_server - WARNING - Agent marked as inactive: file_agent (instance: file_agent_1765866665)
2025-12-16 14:35:56,376 - mcp_server - WARNING - Agent marked as inactive: settings_agent (instance: settings_agent_1765866666)
2025-12-16 14:35:56,376 - mcp_server - WARNING - Agent marked as inactive: network_agent (instance: network_agent_1765866667)
2025-12-16 14:35:56,376 - mcp_server - WARNING - Agent marked as inactive: app_agent (instance: app_agent_1765866668)
2025-12-16 14:35:56,376 - mcp_server - WARNING - Agent marked as inactive: monitor_agent (instance: monitor_agent_1765866669)
2025-12-16 14:35:56,376 - mcp_server - WARNING - Agent marked as inactive: media_agent (instance: media_agent_1765866670)
2025-12-16 14:35:59,380 - mcp_server - WARNING - Agent marked as inactive: file_agent (instance: file_agent_1765866665)
2025-12-16 14:35:59,380 - mcp_server - WARNING - Agent marked as inactive: settings_agent (instance: settings_agent_1765866666)
2025-12-16 14:35:59,380 - mcp_server - WARNING - Agent marked as inactive: network_agent (instance: network_agent_1765866667)
2025-12-16 14:35:59,381 - mcp_server - WARNING - Agent marked as inactive: app_agent (instance: app_agent_1765866668)
2025-12-16 14:35:59,381 - mcp_server - WARNING - Agent marked as inactive: monitor_agent (instance: monitor_agent_1765866669)
2025-12-16 14:35:59,381 - mcp_server - WARNING - Agent marked as inactive: media_agent (instance: media_agent_1765866670)
2025-12-16 14:36:02,384 - mcp_server - WARNING - Agent marked as inactive: file_agent (instance: file_agent_1765866665)
2025-12-16 14:36:02,384 - mcp_server - WARNING - Agent marked as inactive: settings_agent (instance: settings_agent_1765866666)
2025-12-16 14:36:02,385 - mcp_server - WARNING - Agent marked as inactive: network_agent (instance: network_agent_1765866667)
2025-12-16 14:36:02,385 - mcp_server - WARNING - Agent marked as inactive: app_agent (instance: app_agent_1765866668)
2025-12-16 14:36:02,385 - mcp_server - WARNING - Agent marked as inactive: monitor_agent (instance: monitor_agent_1765866669)
2025-12-16 14:36:02,385 - mcp_server - WARNING - Agent marked as inactive: media_agent (instance: media_agent_1765866670)
2025-12-16 14:36:05,388 - mcp_server - WARNING - Agent marked as inactive: file_agent (instance: file_agent_1765866665)
2025-12-16 14:36:05,388 - mcp_server - WARNING - Agent marked as inactive: settings_agent (instance: settings_agent_1765866666)
2025-12-16 14:36:05,388 - mcp_server - WARNING - Agent marked as inactive: network_agent (instance: network_agent_1765866667)
2025-12-16 14:36:05,388 - mcp_server - WARNING - Agent marked as inactive: app_agent (instance: app_agent_1765866668)
2025-12-16 14:36:05,388 - mcp_server - WARNING - Agent marked as inactive: monitor_agent (instance: monitor_agent_1765866669)
2025-12-16 14:36:05,389 - mcp_server - WARNING - Agent marked as inactive: media_agent (instance: media_agent_1765866670)
2025-12-16 14:36:08,392 - mcp_server - WARNING - Agent marked as inactive: file_agent (instance: file_agent_1765866665)
2025-12-16 14:36:08,392 - mcp_server - WARNING - Agent marked as inactive: settings_agent (instance: settings_agent_1765866666)
2025-12-16 14:36:08,392 - mcp_server - WARNING - Agent marked as inactive: network_agent (instance: network_agent_1765866667)
2025-12-16 14:36:08,392 - mcp_server - WARNING - Agent marked as inactive: app_agent (instance: app_agent_1765866668)
2025-12-16 14:36:08,392 - mcp_server - WARNING - Agent marked as inactive: monitor_agent (instance: monitor_agent_1765866669)
2025-12-16 14:36:08,392 - mcp_server - WARNING - Agent marked as inactive: media_agent (instance: media_agent_1765866670)
2025-12-16 14:36:11,396 - mcp_server - WARNING - Agent marked as inactive: file_agent (instance: file_agent_1765866665)
2025-12-16 14:36:11,396 - mcp_server - WARNING - Agent marked as inactive: settings_agent (instance: settings_agent_1765866666)
2025-12-16 14:36:11,396 - mcp_server - WARNING - Agent marked as inactive: network_agent (instance: network_agent_1765866667)
2025-12-16 14:36:11,396 - mcp_server - WARNING - Agent marked as inactive: app_agent (instance: app_agent_1765866668)
2025-12-16 14:36:11,396 - mcp_server - WARNING - Agent marked as inactive: monitor_agent (instance: monitor_agent_1765866669)
2025-12-16 14:36:11,396 - mcp_server - WARNING - Agent marked as inactive: media_agent (instance: media_agent_1765866670)
2025-12-16 14:36:14,399 - mcp_server - WARNING - Agent marked as inactive: file_agent (instance: file_agent_1765866665)
2025-12-16 14:36:14,399 - mcp_server - WARNING - Agent marked as inactive: settings_agent (instance: settings_agent_1765866666)
2025-12-16 14:36:14,399 - mcp_server - WARNING - Agent marked as inactive: network_agent (instance: network_agent_1765866667)
2025-12-16 14:36:14,400 - mcp_server - WARNING - Agent marked as inactive: app_agent (instance: app_agent_1765866668)
2025-12-16 14:36:14,400 - mcp_server - WARNING - Agent marked as inactive: monitor_agent (instance: monitor_agent_1765866669)
2025-12-16 14:36:14,400 - mcp_server - WARNING - Agent marked as inactive: media_agent (instance: media_agent_1765866670)
2025-12-16 14:36:17,403 - mcp_server - WARNING - Agent marked as inactive: file_agent (instance: file_agent_1765866665)
2025-12-16 14:36:17,403 - mcp_server - WARNING - Agent marked as inactive: settings_agent (instance: settings_agent_1765866666)
2025-12-16 14:36:17,404 - mcp_server - WARNING - Agent marked as inactive: network_agent (instance: network_agent_1765866667)
2025-12-16 14:36:17,404 - mcp_server - WARNING - Agent marked as inactive: app_agent (instance: app_agent_1765866668)
2025-12-16 14:36:17,404 - mcp_server - WARNING - Agent marked as inactive: monitor_agent (instance: monitor_agent_1765866669)
2025-12-16 14:36:17,404 - mcp_server - WARNING - Agent marked as inactive: media_agent (instance: media_agent_1765866670)
2025-12-16 14:36:20,407 - mcp_server - WARNING - Agent marked as inactive: file_agent (instance: file_agent_1765866665)
2025-12-16 14:36:20,407 - mcp_server - WARNING - Agent marked as inactive: settings_agent (instance: settings_agent_1765866666)
2025-12-16 14:36:20,407 - mcp_server - WARNING - Agent marked as inactive: network_agent (instance: network_agent_1765866667)
2025-12-16 14:36:20,407 - mcp_server - WARNING - Agent marked as inactive: app_agent (instance: app_agent_1765866668)
2025-12-16 14:36:20,407 - mcp_server - WARNING - Agent marked as inactive: monitor_agent (instance: monitor_agent_1765866669)
2025-12-16 14:36:20,407 - mcp_server - WARNING - Agent marked as inactive: media_agent (instance: media_agent_1765866670)
2025-12-16 14:36:23,410 - mcp_server - WARNING - Agent marked as inactive: file_agent (instance: file_agent_1765866665)
2025-12-16 14:36:23,411 - mcp_server - WARNING - Agent marked as inactive: settings_agent (instance: settings_agent_1765866666)
2025-12-16 14:36:23,411 - mcp_server - WARNING - Agent marked as inactive: network_agent (instance: network_agent_1765866667)
2025-12-16 14:36:23,411 - mcp_server - WARNING - Agent marked as inactive: app_agent (instance: app_agent_1765866668)
2025-12-16 14:36:23,411 - mcp_server - WARNING - Agent marked as inactive: monitor_agent (instance: monitor_agent_1765866669)
2025-12-16 14:36:23,411 - mcp_server - WARNING - Agent marked as inactive: media_agent (instance: media_agent_1765866670)
2025-12-16 14:36:26,414 - mcp_server - WARNING - Agent marked as inactive: file_agent (instance: file_agent_1765866665)
2025-12-16 14:36:26,415 - mcp_server - WARNING - Agent marked as inactive: settings_agent (instance: settings_agent_1765866666)
2025-12-16 14:36:26,415 - mcp_server - WARNING - Agent marked as inactive: network_agent (instance: network_agent_1765866667)
2025-12-16 14:36:26,415 - mcp_server - WARNING - Agent marked as inactive: app_agent (instance: app_agent_1765866668)
2025-12-16 14:36:26,415 - mcp_server - WARNING - Agent marked as inactive: monitor_agent (instance: monitor_agent_1765866669)
2025-12-16 14:36:26,415 - mcp_server - WARNING - Agent marked as inactive: media_agent (instance: media_agent_1765866670)
2025-12-16 14:36:29,418 - mcp_server - WARNING - Agent marked as inactive: file_agent (instance: file_agent_1765866665)
2025-12-16 14:36:29,418 - mcp_server - WARNING - Agent marked as inactive: settings_agent (instance: settings_agent_1765866666)
2025-12-16 14:36:29,418 - mcp_server - WARNING - Agent marked as inactive: network_agent (instance: network_agent_1765866667)
2025-12-16 14:36:29,418 - mcp_server - WARNING - Agent marked as inactive: app_agent (instance: app_agent_1765866668)
2025-12-16 14:36:29,418 - mcp_server - WARNING - Agent marked as inactive: monitor_agent (instance: monitor_agent_1765866669)
2025-12-16 14:36:29,418 - mcp_server - WARNING - Agent marked as inactive: media_agent (instance: media_agent_1765866670)
2025-12-16 14:36:32,422 - mcp_server - WARNING - Agent marked as inactive: file_agent (instance: file_agent_1765866665)
2025-12-16 14:36:32,422 - mcp_server - WARNING - Agent marked as inactive: settings_agent (instance: settings_agent_1765866666)
2025-12-16 14:36:32,422 - mcp_server - WARNING - Agent marked as inactive: network_agent (instance: network_agent_1765866667)
2025-12-16 14:36:32,422 - mcp_server - WARNING - Agent marked as inactive: app_agent (instance: app_agent_1765866668)
2025-12-16 14:36:32,422 - mcp_server - WARNING - Agent marked as inactive: monitor_agent (instance: monitor_agent_1765866669)
2025-12-16 14:36:32,422 - mcp_server - WARNING - Agent marked as inactive: media_agent (instance: media_agent_1765866670)
2025-12-16 14:36:35,426 - mcp_server - WARNING - Agent marked as inactive: file_agent (instance: file_agent_1765866665)
2025-12-16 14:36:35,426 - mcp_server - WARNING - Agent marked as inactive: settings_agent (instance: settings_agent_1765866666)
2025-12-16 14:36:35,426 - mcp_server - WARNING - Agent marked as inactive: network_agent (instance: network_agent_1765866667)
2025-12-16 14:36:35,426 - mcp_server - WARNING - Agent marked as inactive: app_agent (instance: app_agent_1765866668)
2025-12-16 14:36:35,426 - mcp_server - WARNING - Agent marked as inactive: monitor_agent (instance: monitor_agent_1765866669)
2025-12-16 14:36:35,426 - mcp_server - WARNING - Agent marked as inactive: media_agent (instance: media_agent_1765866670)
2025-12-16 14:36:38,429 - mcp_server - WARNING - Agent marked as inactive: file_agent (instance: file_agent_1765866665)
2025-12-16 14:36:38,430 - mcp_server - WARNING - Agent marked as inactive: settings_agent (instance: settings_agent_1765866666)
2025-12-16 14:36:38,430 - mcp_server - WARNING - Agent marked as inactive: network_agent (instance: network_agent_1765866667)
2025-12-16 14:36:38,430 - mcp_server - WARNING - Agent marked as inactive: app_agent (instance: app_agent_1765866668)
2025-12-16 14:36:38,430 - mcp_server - WARNING - Agent marked as inactive: monitor_agent (instance: monitor_agent_1765866669)
2025-12-16 14:36:38,430 - mcp_server - WARNING - Agent marked as inactive: media_agent (instance: media_agent_1765866670)
2025-12-16 14:36:41,433 - mcp_server - WARNING - Agent marked as inactive: file_agent (instance: file_agent_1765866665)
2025-12-16 14:36:41,434 - mcp_server - WARNING - Agent marked as inactive: settings_agent (instance: settings_agent_1765866666)
2025-12-16 14:36:41,434 - mcp_server - WARNING - Agent marked as inactive: network_agent (instance: network_agent_1765866667)
2025-12-16 14:36:41,434 - mcp_server - WARNING - Agent marked as inactive: app_agent (instance: app_agent_1765866668)
2025-12-16 14:36:41,434 - mcp_server - WARNING - Agent marked as inactive: monitor_agent (instance: monitor_agent_1765866669)
2025-12-16 14:36:41,434 - mcp_server - WARNING - Agent marked as inactive: media_agent (instance: media_agent_1765866670)
2025-12-16 14:36:44,437 - mcp_server - WARNING - Agent marked as inactive: file_agent (instance: file_agent_1765866665)
2025-12-16 14:36:44,438 - mcp_server - WARNING - Agent marked as inactive: settings_agent (instance: settings_agent_1765866666)
2025-12-16 14:36:44,438 - mcp_server - WARNING - Agent marked as inactive: network_agent (instance: network_agent_1765866667)
2025-12-16 14:36:44,438 - mcp_server - WARNING - Agent marked as inactive: app_agent (instance: app_agent_1765866668)
2025-12-16 14:36:44,438 - mcp_server - WARNING - Agent marked as inactive: monitor_agent (instance: monitor_agent_1765866669)
2025-12-16 14:36:44,438 - mcp_server - WARNING - Agent marked as inactive: media_agent (instance: media_agent_1765866670)
2025-12-16 14:36:47,441 - mcp_server - WARNING - Agent marked as inactive: file_agent (instance: file_agent_1765866665)
2025-12-16 14:36:47,442 - mcp_server - WARNING - Agent marked as inactive: settings_agent (instance: settings_agent_1765866666)
2025-12-16 14:36:47,442 - mcp_server - WARNING - Agent marked as inactive: network_agent (instance: network_agent_1765866667)
2025-12-16 14:36:47,442 - mcp_server - WARNING - Agent marked as inactive: app_agent (instance: app_agent_1765866668)
2025-12-16 14:36:47,442 - mcp_server - WARNING - Agent marked as inactive: monitor_agent (instance: monitor_agent_1765866669)
2025-12-16 14:36:47,442 - mcp_server - WARNING - Agent marked as inactive: media_agent (instance: media_agent_1765866670)
2025-12-16 14:36:50,445 - mcp_server - WARNING - Agent marked as inactive: file_agent (instance: file_agent_1765866665)
2025-12-16 14:36:50,446 - mcp_server - WARNING - Agent marked as inactive: settings_agent (instance: settings_agent_1765866666)
2025-12-16 14:36:50,446 - mcp_server - WARNING - Agent marked as inactive: network_agent (instance: network_agent_1765866667)
2025-12-16 14:36:50,446 - mcp_server - WARNING - Agent marked as inactive: app_agent (instance: app_agent_1765866668)
2025-12-16 14:36:50,446 - mcp_server - WARNING - Agent marked as inactive: monitor_agent (instance: monitor_agent_1765866669)
2025-12-16 14:36:50,446 - mcp_server - WARNING - Agent marked as inactive: media_agent (instance: media_agent_1765866670)
2025-12-16 14:36:53,449 - mcp_server - WARNING - Agent marked as inactive: file_agent (instance: file_agent_1765866665)
2025-12-16 14:36:53,450 - mcp_server - WARNING - Agent marked as inactive: settings_agent (instance: settings_agent_1765866666)
2025-12-16 14:36:53,450 - mcp_server - WARNING - Agent marked as inactive: network_agent (instance: network_agent_1765866667)
2025-12-16 14:36:53,450 - mcp_server - WARNING - Agent marked as inactive: app_agent (instance: app_agent_1765866668)
2025-12-16 14:36:53,450 - mcp_server - WARNING - Agent marked as inactive: monitor_agent (instance: monitor_agent_1765866669)
2025-12-16 14:36:53,450 - mcp_server - WARNING - Agent marked as inactive: media_agent (instance: media_agent_1765866670)
2025-12-16 14:36:56,453 - mcp_server - WARNING - Agent marked as inactive: file_agent (instance: file_agent_1765866665)
2025-12-16 14:36:56,454 - mcp_server - WARNING - Agent marked as inactive: settings_agent (instance: settings_agent_1765866666)
2025-12-16 14:36:56,454 - mcp_server - WARNING - Agent marked as inactive: network_agent (instance: network_agent_1765866667)
2025-12-16 14:36:56,454 - mcp_server - WARNING - Agent marked as inactive: app_agent (instance: app_agent_1765866668)
2025-12-16 14:36:56,454 - mcp_server - WARNING - Agent marked as inactive: monitor_agent (instance: monitor_agent_1765866669)
2025-12-16 14:36:56,454 - mcp_server - WARNING - Agent marked as inactive: media_agent (instance: media_agent_1765866670)
2025-12-16 14:36:59,458 - mcp_server - WARNING - Agent marked as inactive: file_agent (instance: file_agent_1765866665)
2025-12-16 14:36:59,458 - mcp_server - WARNING - Agent marked as inactive: settings_agent (instance: settings_agent_1765866666)
2025-12-16 14:36:59,458 - mcp_server - WARNING - Agent marked as inactive: network_agent (instance: network_agent_1765866667)
2025-12-16 14:36:59,458 - mcp_server - WARNING - Agent marked as inactive: app_agent (instance: app_agent_1765866668)
2025-12-16 14:36:59,458 - mcp_server - WARNING - Agent marked as inactive: monitor_agent (instance: monitor_agent_1765866669)
2025-12-16 14:36:59,458 - mcp_server - WARNING - Agent marked as inactive: media_agent (instance: media_agent_1765866670)
2025-12-16 14:37:02,462 - mcp_server - WARNING - Agent marked as inactive: file_agent (instance: file_agent_1765866665)
2025-12-16 14:37:02,462 - mcp_server - WARNING - Agent marked as inactive: settings_agent (instance: settings_agent_1765866666)
2025-12-16 14:37:02,462 - mcp_server - WARNING - Agent marked as inactive: network_agent (instance: network_agent_1765866667)
2025-12-16 14:37:02,462 - mcp_server - WARNING - Agent marked as inactive: app_agent (instance: app_agent_1765866668)
2025-12-16 14:37:02,462 - mcp_server - WARNING - Agent marked as inactive: monitor_agent (instance: monitor_agent_1765866669)
2025-12-16 14:37:02,463 - mcp_server - WARNING - Agent marked as inactive: media_agent (instance: media_agent_1765866670)
2025-12-16 14:37:05,466 - mcp_server - WARNING - Agent marked as inactive: file_agent (instance: file_agent_1765866665)
2025-12-16 14:37:05,466 - mcp_server - WARNING - Agent marked as inactive: settings_agent (instance: settings_agent_1765866666)
2025-12-16 14:37:05,467 - mcp_server - WARNING - Agent marked as inactive: network_agent (instance: network_agent_1765866667)
2025-12-16 14:37:05,467 - mcp_server - WARNING - Agent marked as inactive: app_agent (instance: app_agent_1765866668)
2025-12-16 14:37:05,467 - mcp_server - WARNING - Agent marked as inactive: monitor_agent (instance: monitor_agent_1765866669)
2025-12-16 14:37:05,467 - mcp_server - WARNING - Agent marked as inactive: media_agent (instance: media_agent_1765866670)
2025-12-16 14:37:08,470 - mcp_server - WARNING - Agent marked as inactive: file_agent (instance: file_agent_1765866665)
2025-12-16 14:37:08,470 - mcp_server - WARNING - Agent marked as inactive: settings_agent (instance: settings_agent_1765866666)
2025-12-16 14:37:08,470 - mcp_server - WARNING - Agent marked as inactive: network_agent (instance: network_agent_1765866667)
2025-12-16 14:37:08,470 - mcp_server - WARNING - Agent marked as inactive: app_agent (instance: app_agent_1765866668)
2025-12-16 14:37:08,470 - mcp_server - WARNING - Agent marked as inactive: monitor_agent (instance: monitor_agent_1765866669)
2025-12-16 14:37:08,470 - mcp_server - WARNING - Agent marked as inactive: media_agent (instance: media_agent_1765866670)
2025-12-16 14:37:11,474 - mcp_server - WARNING - Agent marked as inactive: file_agent (instance: file_agent_1765866665)
2025-12-16 14:37:11,474 - mcp_server - WARNING - Agent marked as inactive: settings_agent (instance: settings_agent_1765866666)
2025-12-16 14:37:11,474 - mcp_server - WARNING - Agent marked as inactive: network_agent (instance: network_agent_1765866667)
2025-12-16 14:37:11,474 - mcp_server - WARNING - Agent marked as inactive: app_agent (instance: app_agent_1765866668)
2025-12-16 14:37:11,474 - mcp_server - WARNING - Agent marked as inactive: monitor_agent (instance: monitor_agent_1765866669)
2025-12-16 14:37:11,474 - mcp_server - WARNING - Agent marked as inactive: media_agent (instance: media_agent_1765866670)
2025-12-16 14:37:14,477 - mcp_server - WARNING - Agent marked as inactive: file_agent (instance: file_agent_1765866665)
2025-12-16 14:37:14,477 - mcp_server - WARNING - Agent marked as inactive: settings_agent (instance: settings_agent_1765866666)
2025-12-16 14:37:14,478 - mcp_server - WARNING - Agent marked as inactive: network_agent (instance: network_agent_1765866667)
2025-12-16 14:37:14,478 - mcp_server - WARNING - Agent marked as inactive: app_agent (instance: app_agent_1765866668)
2025-12-16 14:37:14,478 - mcp_server - WARNING - Agent marked as inactive: monitor_agent (instance: monitor_agent_1765866669)
2025-12-16 14:37:14,478 - mcp_server - WARNING - Agent marked as inactive: media_agent (instance: media_agent_1765866670)
2025-12-16 14:37:17,481 - mcp_server - WARNING - Agent marked as inactive: file_agent (instance: file_agent_1765866665)
2025-12-16 14:37:17,482 - mcp_server - WARNING - Agent marked as inactive: settings_agent (instance: settings_agent_1765866666)
2025-12-16 14:37:17,482 - mcp_server - WARNING - Agent marked as inactive: network_agent (instance: network_agent_1765866667)
2025-12-16 14:37:17,482 - mcp_server - WARNING - Agent marked as inactive: app_agent (instance: app_agent_1765866668)
2025-12-16 14:37:17,482 - mcp_server - WARNING - Agent marked as inactive: monitor_agent (instance: monitor_agent_1765866669)
2025-12-16 14:37:17,482 - mcp_server - WARNING - Agent marked as inactive: media_agent (instance: media_agent_1765866670)
2025-12-16 14:37:20,485 - mcp_server - WARNING - Agent marked as inactive: file_agent (instance: file_agent_1765866665)
2025-12-16 14:37:20,485 - mcp_server - WARNING - Agent marked as inactive: settings_agent (instance: settings_agent_1765866666)
2025-12-16 14:37:20,485 - mcp_server - WARNING - Agent marked as inactive: network_agent (instance: network_agent_1765866667)
2025-12-16 14:37:20,486 - mcp_server - WARNING - Agent marked as inactive: app_agent (instance: app_agent_1765866668)
2025-12-16 14:37:20,486 - mcp_server - WARNING - Agent marked as inactive: monitor_agent (instance: monitor_agent_1765866669)
2025-12-16 14:37:20,486 - mcp_server - WARNING - Agent marked as inactive: media_agent (instance: media_agent_1765866670)
2025-12-16 14:37:23,489 - mcp_server - WARNING - Agent marked as inactive: file_agent (instance: file_agent_1765866665)
2025-12-16 14:37:23,489 - mcp_server - WARNING - Agent marked as inactive: settings_agent (instance: settings_agent_1765866666)
2025-12-16 14:37:23,489 - mcp_server - WARNING - Agent marked as inactive: network_agent (instance: network_agent_1765866667)
2025-12-16 14:37:23,489 - mcp_server - WARNING - Agent marked as inactive: app_agent (instance: app_agent_1765866668)
2025-12-16 14:37:23,490 - mcp_server - WARNING - Agent marked as inactive: monitor_agent (instance: monitor_agent_1765866669)
2025-12-16 14:37:23,490 - mcp_server - WARNING - Agent marked as inactive: media_agent (instance: media_agent_1765866670)
2025-12-16 14:37:26,493 - mcp_server - WARNING - Agent marked as inactive: file_agent (instance: file_agent_1765866665)
2025-12-16 14:37:26,493 - mcp_server - WARNING - Agent marked as inactive: settings_agent (instance: settings_agent_1765866666)
2025-12-16 14:37:26,493 - mcp_server - WARNING - Agent marked as inactive: network_agent (instance: network_agent_1765866667)
2025-12-16 14:37:26,494 - mcp_server - WARNING - Agent marked as inactive: app_agent (instance: app_agent_1765866668)
2025-12-16 14:37:26,494 - mcp_server - WARNING - Agent marked as inactive: monitor_agent (instance: monitor_agent_1765866669)
2025-12-16 14:37:26,494 - mcp_server - WARNING - Agent marked as inactive: media_agent (instance: media_agent_1765866670)
2025-12-16 14:37:29,496 - mcp_server - WARNING - Agent marked as inactive: file_agent (instance: file_agent_1765866665)
2025-12-16 14:37:29,496 - mcp_server - WARNING - Agent marked as inactive: settings_agent (instance: settings_agent_1765866666)
2025-12-16 14:37:29,496 - mcp_server - WARNING - Agent marked as inactive: network_agent (instance: network_agent_1765866667)
2025-12-16 14:37:29,496 - mcp_server - WARNING - Agent marked as inactive: app_agent (instance: app_agent_1765866668)
2025-12-16 14:37:29,496 - mcp_server - WARNING - Agent marked as inactive: monitor_agent (instance: monitor_agent_1765866669)
2025-12-16 14:37:29,496 - mcp_server - WARNING - Agent marked as inactive: media_agent (instance: media_agent_1765866670)
2025-12-16 14:37:32,499 - mcp_server - WARNING - Agent marked as inactive: file_agent (instance: file_agent_1765866665)
2025-12-16 14:37:32,499 - mcp_server - WARNING - Agent marked as inactive: settings_agent (instance: settings_agent_1765866666)
2025-12-16 14:37:32,499 - mcp_server - WARNING - Agent marked as inactive: network_agent (instance: network_agent_1765866667)
2025-12-16 14:37:32,500 - mcp_server - WARNING - Agent marked as inactive: app_agent (instance: app_agent_1765866668)
2025-12-16 14:37:32,500 - mcp_server - WARNING - Agent marked as inactive: monitor_agent (instance: monitor_agent_1765866669)
2025-12-16 14:37:32,500 - mcp_server - WARNING - Agent marked as inactive: media_agent (instance: media_agent_1765866670)
2025-12-16 14:37:35,503 - mcp_server - WARNING - Agent marked as inactive: file_agent (instance: file_agent_1765866665)
2025-12-16 14:37:35,503 - mcp_server - WARNING - Agent marked as inactive: settings_agent (instance: settings_agent_1765866666)
2025-12-16 14:37:35,503 - mcp_server - WARNING - Agent marked as inactive: network_agent (instance: network_agent_1765866667)
2025-12-16 14:37:35,504 - mcp_server - WARNING - Agent marked as inactive: app_agent (instance: app_agent_1765866668)
2025-12-16 14:37:35,504 - mcp_server - WARNING - Agent marked as inactive: monitor_agent (instance: monitor_agent_1765866669)
2025-12-16 14:37:35,504 - mcp_server - WARNING - Agent marked as inactive: media_agent (instance: media_agent_1765866670)
2025-12-16 14:37:38,507 - mcp_server - WARNING - Agent marked as inactive: file_agent (instance: file_agent_1765866665)
2025-12-16 14:37:38,507 - mcp_server - WARNING - Agent marked as inactive: settings_agent (instance: settings_agent_1765866666)
2025-12-16 14:37:38,508 - mcp_server - WARNING - Agent marked as inactive: network_agent (instance: network_agent_1765866667)
2025-12-16 14:37:38,508 - mcp_server - WARNING - Agent marked as inactive: app_agent (instance: app_agent_1765866668)
2025-12-16 14:37:38,508 - mcp_server - WARNING - Agent marked as inactive: monitor_agent (instance: monitor_agent_1765866669)
2025-12-16 14:37:38,508 - mcp_server - WARNING - Agent marked as inactive: media_agent (instance: media_agent_1765866670)
2025-12-16 14:37:41,511 - mcp_server - WARNING - Agent marked as inactive: file_agent (instance: file_agent_1765866665)
2025-12-16 14:37:41,511 - mcp_server - WARNING - Agent marked as inactive: settings_agent (instance: settings_agent_1765866666)
2025-12-16 14:37:41,511 - mcp_server - WARNING - Agent marked as inactive: network_agent (instance: network_agent_1765866667)
2025-12-16 14:37:41,511 - mcp_server - WARNING - Agent marked as inactive: app_agent (instance: app_agent_1765866668)
2025-12-16 14:37:41,511 - mcp_server - WARNING - Agent marked as inactive: monitor_agent (instance: monitor_agent_1765866669)
2025-12-16 14:37:41,512 - mcp_server - WARNING - Agent marked as inactive: media_agent (instance: media_agent_1765866670)
2025-12-16 14:37:44,515 - mcp_server - WARNING - Agent marked as inactive: file_agent (instance: file_agent_1765866665)
2025-12-16 14:37:44,515 - mcp_server - WARNING - Agent marked as inactive: settings_agent (instance: settings_agent_1765866666)
2025-12-16 14:37:44,515 - mcp_server - WARNING - Agent marked as inactive: network_agent (instance: network_agent_1765866667)
2025-12-16 14:37:44,515 - mcp_server - WARNING - Agent marked as inactive: app_agent (instance: app_agent_1765866668)
2025-12-16 14:37:44,515 - mcp_server - WARNING - Agent marked as inactive: monitor_agent (instance: monitor_agent_1765866669)
2025-12-16 14:37:44,516 - mcp_server - WARNING - Agent marked as inactive: media_agent (instance: media_agent_1765866670)
2025-12-16 14:37:47,519 - mcp_server - WARNING - Agent marked as inactive: file_agent (instance: file_agent_1765866665)
2025-12-16 14:37:47,519 - mcp_server - WARNING - Agent marked as inactive: settings_agent (instance: settings_agent_1765866666)
2025-12-16 14:37:47,519 - mcp_server - WARNING - Agent marked as inactive: network_agent (instance: network_agent_1765866667)
2025-12-16 14:37:47,519 - mcp_server - WARNING - Agent marked as inactive: app_agent (instance: app_agent_1765866668)
2025-12-16 14:37:47,520 - mcp_server - WARNING - Agent marked as inactive: monitor_agent (instance: monitor_agent_1765866669)
2025-12-16 14:37:47,520 - mcp_server - WARNING - Agent marked as inactive: media_agent (instance: media_agent_1765866670)
2025-12-16 14:37:50,523 - mcp_server - WARNING - Agent marked as inactive: file_agent (instance: file_agent_1765866665)
2025-12-16 14:37:50,523 - mcp_server - WARNING - Agent marked as inactive: settings_agent (instance: settings_agent_1765866666)
2025-12-16 14:37:50,523 - mcp_server - WARNING - Agent marked as inactive: network_agent (instance: network_agent_1765866667)
2025-12-16 14:37:50,524 - mcp_server - WARNING - Agent marked as inactive: app_agent (instance: app_agent_1765866668)
2025-12-16 14:37:50,524 - mcp_server - WARNING - Agent marked as inactive: monitor_agent (instance: monitor_agent_1765866669)
2025-12-16 14:37:50,524 - mcp_server - WARNING - Agent marked as inactive: media_agent (instance: media_agent_1765866670)
2025-12-16 14:37:53,527 - mcp_server - WARNING - Agent marked as inactive: file_agent (instance: file_agent_1765866665)
2025-12-16 14:37:53,527 - mcp_server - WARNING - Agent marked as inactive: settings_agent (instance: settings_agent_1765866666)
2025-12-16 14:37:53,527 - mcp_server - WARNING - Agent marked as inactive: network_agent (instance: network_agent_1765866667)
2025-12-16 14:37:53,528 - mcp_server - WARNING - Agent marked as inactive: app_agent (instance: app_agent_1765866668)
2025-12-16 14:37:53,528 - mcp_server - WARNING - Agent marked as inactive: monitor_agent (instance: monitor_agent_1765866669)
2025-12-16 14:37:53,528 - mcp_server - WARNING - Agent marked as inactive: media_agent (instance: media_agent_1765866670)
2025-12-16 14:37:56,531 - mcp_server - WARNING - Agent marked as inactive: file_agent (instance: file_agent_1765866665)
2025-12-16 14:37:56,531 - mcp_server - WARNING - Agent marked as inactive: settings_agent (instance: settings_agent_1765866666)
2025-12-16 14:37:56,531 - mcp_server - WARNING - Agent marked as inactive: network_agent (instance: network_agent_1765866667)
2025-12-16 14:37:56,531 - mcp_server - WARNING - Agent marked as inactive: app_agent (instance: app_agent_1765866668)
2025-12-16 14:37:56,531 - mcp_server - WARNING - Agent marked as inactive: monitor_agent (instance: monitor_agent_1765866669)
2025-12-16 14:37:56,532 - mcp_server - WARNING - Agent marked as inactive: media_agent (instance: media_agent_1765866670)
2025-12-16 14:37:59,535 - mcp_server - WARNING - Agent marked as inactive: file_agent (instance: file_agent_1765866665)
2025-12-16 14:37:59,535 - mcp_server - WARNING - Agent marked as inactive: settings_agent (instance: settings_agent_1765866666)
2025-12-16 14:37:59,535 - mcp_server - WARNING - Agent marked as inactive: network_agent (instance: network_agent_1765866667)
2025-12-16 14:37:59,535 - mcp_server - WARNING - Agent marked as inactive: app_agent (instance: app_agent_1765866668)
2025-12-16 14:37:59,535 - mcp_server - WARNING - Agent marked as inactive: monitor_agent (instance: monitor_agent_1765866669)
2025-12-16 14:37:59,535 - mcp_server - WARNING - Agent marked as inactive: media_agent (instance: media_agent_1765866670)
2025-12-16 14:38:02,539 - mcp_server - WARNING - Agent marked as inactive: file_agent (instance: file_agent_1765866665)
2025-12-16 14:38:02,539 - mcp_server - WARNING - Agent marked as inactive: settings_agent (instance: settings_agent_1765866666)
2025-12-16 14:38:02,539 - mcp_server - WARNING - Agent marked as inactive: network_agent (instance: network_agent_1765866667)
2025-12-16 14:38:02,539 - mcp_server - WARNING - Agent marked as inactive: app_agent (instance: app_agent_1765866668)
2025-12-16 14:38:02,539 - mcp_server - WARNING - Agent marked as inactive: monitor_agent (instance: monitor_agent_1765866669)
2025-12-16 14:38:02,539 - mcp_server - WARNING - Agent marked as inactive: media_agent (instance: media_agent_1765866670)
2025-12-16 14:38:05,543 - mcp_server - WARNING - Agent marked as inactive: file_agent (instance: file_agent_1765866665)
2025-12-16 14:38:05,543 - mcp_server - WARNING - Agent marked as inactive: settings_agent (instance: settings_agent_1765866666)
2025-12-16 14:38:05,543 - mcp_server - WARNING - Agent marked as inactive: network_agent (instance: network_agent_1765866667)
2025-12-16 14:38:05,543 - mcp_server - WARNING - Agent marked as inactive: app_agent (instance: app_agent_1765866668)
2025-12-16 14:38:05,543 - mcp_server - WARNING - Agent marked as inactive: monitor_agent (instance: monitor_agent_1765866669)
2025-12-16 14:38:05,543 - mcp_server - WARNING - Agent marked as inactive: media_agent (instance: media_agent_1765866670)
2025-12-16 14:38:08,546 - mcp_server - WARNING - Agent marked as inactive: file_agent (instance: file_agent_1765866665)
2025-12-16 14:38:08,547 - mcp_server - WARNING - Agent marked as inactive: settings_agent (instance: settings_agent_1765866666)
2025-12-16 14:38:08,547 - mcp_server - WARNING - Agent marked as inactive: network_agent (instance: network_agent_1765866667)
2025-12-16 14:38:08,547 - mcp_server - WARNING - Agent marked as inactive: app_agent (instance: app_agent_1765866668)
2025-12-16 14:38:08,547 - mcp_server - WARNING - Agent marked as inactive: monitor_agent (instance: monitor_agent_1765866669)
2025-12-16 14:38:08,547 - mcp_server - WARNING - Agent marked as inactive: media_agent (instance: media_agent_1765866670)
2025-12-16 14:38:11,550 - mcp_server - WARNING - Agent marked as inactive: file_agent (instance: file_agent_1765866665)
2025-12-16 14:38:11,550 - mcp_server - WARNING - Agent marked as inactive: settings_agent (instance: settings_agent_1765866666)
2025-12-16 14:38:11,550 - mcp_server - WARNING - Agent marked as inactive: network_agent (instance: network_agent_1765866667)
2025-12-16 14:38:11,550 - mcp_server - WARNING - Agent marked as inactive: app_agent (instance: app_agent_1765866668)
2025-12-16 14:38:11,550 - mcp_server - WARNING - Agent marked as inactive: monitor_agent (instance: monitor_agent_1765866669)
2025-12-16 14:38:11,550 - mcp_server - WARNING - Agent marked as inactive: media_agent (instance: media_agent_1765866670)
2025-12-16 14:38:14,554 - mcp_server - WARNING - Agent marked as inactive: file_agent (instance: file_agent_1765866665)
2025-12-16 14:38:14,554 - mcp_server - WARNING - Agent marked as inactive: settings_agent (instance: settings_agent_1765866666)
2025-12-16 14:38:14,554 - mcp_server - WARNING - Agent marked as inactive: network_agent (instance: network_agent_1765866667)
2025-12-16 14:38:14,554 - mcp_server - WARNING - Agent marked as inactive: app_agent (instance: app_agent_1765866668)
2025-12-16 14:38:14,554 - mcp_server - WARNING - Agent marked as inactive: monitor_agent (instance: monitor_agent_1765866669)
2025-12-16 14:38:14,554 - mcp_server - WARNING - Agent marked as inactive: media_agent (instance: media_agent_1765866670)
2025-12-16 14:38:17,557 - mcp_server - WARNING - Agent marked as inactive: file_agent (instance: file_agent_1765866665)
2025-12-16 14:38:17,557 - mcp_server - WARNING - Agent marked as inactive: settings_agent (instance: settings_agent_1765866666)
2025-12-16 14:38:17,557 - mcp_server - WARNING - Agent marked as inactive: network_agent (instance: network_agent_1765866667)
2025-12-16 14:38:17,558 - mcp_server - WARNING - Agent marked as inactive: app_agent (instance: app_agent_1765866668)
2025-12-16 14:38:17,558 - mcp_server - WARNING - Agent marked as inactive: monitor_agent (instance: monitor_agent_1765866669)
2025-12-16 14:38:17,558 - mcp_server - WARNING - Agent marked as inactive: media_agent (instance: media_agent_1765866670)
2025-12-16 14:38:20,561 - mcp_server - WARNING - Agent marked as inactive: file_agent (instance: file_agent_1765866665)
2025-12-16 14:38:20,561 - mcp_server - WARNING - Agent marked as inactive: settings_agent (instance: settings_agent_1765866666)
2025-12-16 14:38:20,561 - mcp_server - WARNING - Agent marked as inactive: network_agent (instance: network_agent_1765866667)
2025-12-16 14:38:20,561 - mcp_server - WARNING - Agent marked as inactive: app_agent (instance: app_agent_1765866668)
2025-12-16 14:38:20,561 - mcp_server - WARNING - Agent marked as inactive: monitor_agent (instance: monitor_agent_1765866669)
2025-12-16 14:38:20,561 - mcp_server - WARNING - Agent marked as inactive: media_agent (instance: media_agent_1765866670)
2025-12-16 14:38:23,565 - mcp_server - WARNING - Agent marked as inactive: file_agent (instance: file_agent_1765866665)
2025-12-16 14:38:23,565 - mcp_server - WARNING - Agent marked as inactive: settings_agent (instance: settings_agent_1765866666)
2025-12-16 14:38:23,565 - mcp_server - WARNING - Agent marked as inactive: network_agent (instance: network_agent_1765866667)
2025-12-16 14:38:23,565 - mcp_server - WARNING - Agent marked as inactive: app_agent (instance: app_agent_1765866668)
2025-12-16 14:38:23,565 - mcp_server - WARNING - Agent marked as inactive: monitor_agent (instance: monitor_agent_1765866669)
2025-12-16 14:38:23,566 - mcp_server - WARNING - Agent marked as inactive: media_agent (instance: media_agent_1765866670)
2025-12-16 14:38:26,569 - mcp_server - WARNING - Agent marked as inactive: file_agent (instance: file_agent_1765866665)
2025-12-16 14:38:26,569 - mcp_server - WARNING - Agent marked as inactive: settings_agent (instance: settings_agent_1765866666)
2025-12-16 14:38:26,569 - mcp_server - WARNING - Agent marked as inactive: network_agent (instance: network_agent_1765866667)
2025-12-16 14:38:26,570 - mcp_server - WARNING - Agent marked as inactive: app_agent (instance: app_agent_1765866668)
2025-12-16 14:38:26,570 - mcp_server - WARNING - Agent marked as inactive: monitor_agent (instance: monitor_agent_1765866669)
2025-12-16 14:38:26,570 - mcp_server - WARNING - Agent marked as inactive: media_agent (instance: media_agent_1765866670)
2025-12-16 14:38:29,573 - mcp_server - WARNING - Agent marked as inactive: file_agent (instance: file_agent_1765866665)
2025-12-16 14:38:29,573 - mcp_server - WARNING - Agent marked as inactive: settings_agent (instance: settings_agent_1765866666)
2025-12-16 14:38:29,573 - mcp_server - WARNING - Agent marked as inactive: network_agent (instance: network_agent_1765866667)
2025-12-16 14:38:29,573 - mcp_server - WARNING - Agent marked as inactive: app_agent (instance: app_agent_1765866668)
2025-12-16 14:38:29,574 - mcp_server - WARNING - Agent marked as inactive: monitor_agent (instance: monitor_agent_1765866669)
2025-12-16 14:38:29,574 - mcp_server - WARNING - Agent marked as inactive: media_agent (instance: media_agent_1765866670)
2025-12-16 14:38:32,577 - mcp_server - WARNING - Agent marked as inactive: file_agent (instance: file_agent_1765866665)
2025-12-16 14:38:32,577 - mcp_server - WARNING - Agent marked as inactive: settings_agent (instance: settings_agent_1765866666)
2025-12-16 14:38:32,577 - mcp_server - WARNING - Agent marked as inactive: network_agent (instance: network_agent_1765866667)
2025-12-16 14:38:32,577 - mcp_server - WARNING - Agent marked as inactive: app_agent (instance: app_agent_1765866668)
2025-12-16 14:38:32,578 - mcp_server - WARNING - Agent marked as inactive: monitor_agent (instance: monitor_agent_1765866669)
2025-12-16 14:38:32,578 - mcp_server - WARNING - Agent marked as inactive: media_agent (instance: media_agent_1765866670)
2025-12-16 14:38:35,581 - mcp_server - WARNING - Agent marked as inactive: file_agent (instance: file_agent_1765866665)
2025-12-16 14:38:35,581 - mcp_server - WARNING - Agent marked as inactive: settings_agent (instance: settings_agent_1765866666)
2025-12-16 14:38:35,581 - mcp_server - WARNING - Agent marked as inactive: network_agent (instance: network_agent_1765866667)
2025-12-16 14:38:35,582 - mcp_server - WARNING - Agent marked as inactive: app_agent (instance: app_agent_1765866668)
2025-12-16 14:38:35,582 - mcp_server - WARNING - Agent marked as inactive: monitor_agent (instance: monitor_agent_1765866669)
2025-12-16 14:38:35,582 - mcp_server - WARNING - Agent marked as inactive: media_agent (instance: media_agent_1765866670)
2025-12-16 14:38:38,585 - mcp_server - WARNING - Agent marked as inactive: file_agent (instance: file_agent_1765866665)
2025-12-16 14:38:38,585 - mcp_server - WARNING - Agent marked as inactive: settings_agent (instance: settings_agent_1765866666)
2025-12-16 14:38:38,586 - mcp_server - WARNING - Agent marked as inactive: network_agent (instance: network_agent_1765866667)
2025-12-16 14:38:38,586 - mcp_server - WARNING - Agent marked as inactive: app_agent (instance: app_agent_1765866668)
2025-12-16 14:38:38,586 - mcp_server - WARNING - Agent marked as inactive: monitor_agent (instance: monitor_agent_1765866669)
2025-12-16 14:38:38,586 - mcp_server - WARNING - Agent marked as inactive: media_agent (instance: media_agent_1765866670)
2025-12-16 14:38:41,589 - mcp_server - WARNING - Agent marked as inactive: file_agent (instance: file_agent_1765866665)
2025-12-16 14:38:41,589 - mcp_server - WARNING - Agent marked as inactive: settings_agent (instance: settings_agent_1765866666)
2025-12-16 14:38:41,589 - mcp_server - WARNING - Agent marked as inactive: network_agent (instance: network_agent_1765866667)
2025-12-16 14:38:41,590 - mcp_server - WARNING - Agent marked as inactive: app_agent (instance: app_agent_1765866668)
2025-12-16 14:38:41,590 - mcp_server - WARNING - Agent marked as inactive: monitor_agent (instance: monitor_agent_1765866669)
2025-12-16 14:38:41,590 - mcp_server - WARNING - Agent marked as inactive: media_agent (instance: media_agent_1765866670)
2025-12-16 14:38:44,593 - mcp_server - WARNING - Agent marked as inactive: file_agent (instance: file_agent_1765866665)
2025-12-16 14:38:44,593 - mcp_server - WARNING - Agent marked as inactive: settings_agent (instance: settings_agent_1765866666)
2025-12-16 14:38:44,594 - mcp_server - WARNING - Agent marked as inactive: network_agent (instance: network_agent_1765866667)
2025-12-16 14:38:44,594 - mcp_server - WARNING - Agent marked as inactive: app_agent (instance: app_agent_1765866668)
2025-12-16 14:38:44,594 - mcp_server - WARNING - Agent marked as inactive: monitor_agent (instance: monitor_agent_1765866669)
2025-12-16 14:38:44,594 - mcp_server - WARNING - Agent marked as inactive: media_agent (instance: media_agent_1765866670)
2025-12-16 14:38:47,597 - mcp_server - WARNING - Agent marked as inactive: file_agent (instance: file_agent_1765866665)
2025-12-16 14:38:47,597 - mcp_server - WARNING - Agent marked as inactive: settings_agent (instance: settings_agent_1765866666)
2025-12-16 14:38:47,597 - mcp_server - WARNING - Agent marked as inactive: network_agent (instance: network_agent_1765866667)
2025-12-16 14:38:47,597 - mcp_server - WARNING - Agent marked as inactive: app_agent (instance: app_agent_1765866668)
2025-12-16 14:38:47,598 - mcp_server - WARNING - Agent marked as inactive: monitor_agent (instance: monitor_agent_1765866669)
2025-12-16 14:38:47,598 - mcp_server - WARNING - Agent marked as inactive: media_agent (instance: media_agent_1765866670)
2025-12-16 14:38:50,601 - mcp_server - WARNING - Agent marked as inactive: file_agent (instance: file_agent_1765866665)
2025-12-16 14:38:50,601 - mcp_server - WARNING - Agent marked as inactive: settings_agent (instance: settings_agent_1765866666)
2025-12-16 14:38:50,601 - mcp_server - WARNING - Agent marked as inactive: network_agent (instance: network_agent_1765866667)
2025-12-16 14:38:50,601 - mcp_server - WARNING - Agent marked as inactive: app_agent (instance: app_agent_1765866668)
2025-12-16 14:38:50,602 - mcp_server - WARNING - Agent marked as inactive: monitor_agent (instance: monitor_agent_1765866669)
2025-12-16 14:38:50,602 - mcp_server - WARNING - Agent marked as inactive: media_agent (instance: media_agent_1765866670)
2025-12-16 14:38:53,604 - mcp_server - WARNING - Agent marked as inactive: file_agent (instance: file_agent_1765866665)
2025-12-16 14:38:53,604 - mcp_server - WARNING - Agent marked as inactive: settings_agent (instance: settings_agent_1765866666)
2025-12-16 14:38:53,604 - mcp_server - WARNING - Agent marked as inactive: network_agent (instance: network_agent_1765866667)
2025-12-16 14:38:53,605 - mcp_server - WARNING - Agent marked as inactive: app_agent (instance: app_agent_1765866668)
2025-12-16 14:38:53,605 - mcp_server - WARNING - Agent marked as inactive: monitor_agent (instance: monitor_agent_1765866669)
2025-12-16 14:38:53,605 - mcp_server - WARNING - Agent marked as inactive: media_agent (instance: media_agent_1765866670)
2025-12-16 14:38:56,608 - mcp_server - WARNING - Agent marked as inactive: file_agent (instance: file_agent_1765866665)
2025-12-16 14:38:56,608 - mcp_server - WARNING - Agent marked as inactive: settings_agent (instance: settings_agent_1765866666)
2025-12-16 14:38:56,609 - mcp_server - WARNING - Agent marked as inactive: network_agent (instance: network_agent_1765866667)
2025-12-16 14:38:56,609 - mcp_server - WARNING - Agent marked as inactive: app_agent (instance: app_agent_1765866668)
2025-12-16 14:38:56,609 - mcp_server - WARNING - Agent marked as inactive: monitor_agent (instance: monitor_agent_1765866669)
2025-12-16 14:38:56,609 - mcp_server - WARNING - Agent marked as inactive: media_agent (instance: media_agent_1765866670)
2025-12-16 14:38:59,612 - mcp_server - WARNING - Agent marked as inactive: file_agent (instance: file_agent_1765866665)
2025-12-16 14:38:59,612 - mcp_server - WARNING - Agent marked as inactive: settings_agent (instance: settings_agent_1765866666)
2025-12-16 14:38:59,612 - mcp_server - WARNING - Agent marked as inactive: network_agent (instance: network_agent_1765866667)
2025-12-16 14:38:59,612 - mcp_server - WARNING - Agent marked as inactive: app_agent (instance: app_agent_1765866668)
2025-12-16 14:38:59,612 - mcp_server - WARNING - Agent marked as inactive: monitor_agent (instance: monitor_agent_1765866669)
2025-12-16 14:38:59,612 - mcp_server - WARNING - Agent marked as inactive: media_agent (instance: media_agent_1765866670)
2025-12-16 14:39:02,616 - mcp_server - WARNING - Agent marked as inactive: file_agent (instance: file_agent_1765866665)
2025-12-16 14:39:02,616 - mcp_server - WARNING - Agent marked as inactive: settings_agent (instance: settings_agent_1765866666)
2025-12-16 14:39:02,616 - mcp_server - WARNING - Agent marked as inactive: network_agent (instance: network_agent_1765866667)
2025-12-16 14:39:02,616 - mcp_server - WARNING - Agent marked as inactive: app_agent (instance: app_agent_1765866668)
2025-12-16 14:39:02,616 - mcp_server - WARNING - Agent marked as inactive: monitor_agent (instance: monitor_agent_1765866669)
2025-12-16 14:39:02,616 - mcp_server - WARNING - Agent marked as inactive: media_agent (instance: media_agent_1765866670)
2025-12-16 14:39:05,620 - mcp_server - WARNING - Agent marked as inactive: file_agent (instance: file_agent_1765866665)
2025-12-16 14:39:05,620 - mcp_server - WARNING - Agent marked as inactive: settings_agent (instance: settings_agent_1765866666)
2025-12-16 14:39:05,620 - mcp_server - WARNING - Agent marked as inactive: network_agent (instance: network_agent_1765866667)
2025-12-16 14:39:05,620 - mcp_server - WARNING - Agent marked as inactive: app_agent (instance: app_agent_1765866668)
2025-12-16 14:39:05,620 - mcp_server - WARNING - Agent marked as inactive: monitor_agent (instance: monitor_agent_1765866669)
2025-12-16 14:39:05,620 - mcp_server - WARNING - Agent marked as inactive: media_agent (instance: media_agent_1765866670)
2025-12-16 14:39:08,624 - mcp_server - WARNING - Agent marked as inactive: file_agent (instance: file_agent_1765866665)
2025-12-16 14:39:08,624 - mcp_server - WARNING - Agent marked as inactive: settings_agent (instance: settings_agent_1765866666)
2025-12-16 14:39:08,624 - mcp_server - WARNING - Agent marked as inactive: network_agent (instance: network_agent_1765866667)
2025-12-16 14:39:08,624 - mcp_server - WARNING - Agent marked as inactive: app_agent (instance: app_agent_1765866668)
2025-12-16 14:39:08,624 - mcp_server - WARNING - Agent marked as inactive: monitor_agent (instance: monitor_agent_1765866669)
2025-12-16 14:39:08,625 - mcp_server - WARNING - Agent marked as inactive: media_agent (instance: media_agent_1765866670)
2025-12-16 14:39:11,628 - mcp_server - WARNING - Agent marked as inactive: file_agent (instance: file_agent_1765866665)
2025-12-16 14:39:11,628 - mcp_server - WARNING - Agent marked as inactive: settings_agent (instance: settings_agent_1765866666)
2025-12-16 14:39:11,628 - mcp_server - WARNING - Agent marked as inactive: network_agent (instance: network_agent_1765866667)
2025-12-16 14:39:11,628 - mcp_server - WARNING - Agent marked as inactive: app_agent (instance: app_agent_1765866668)
2025-12-16 14:39:11,628 - mcp_server - WARNING - Agent marked as inactive: monitor_agent (instance: monitor_agent_1765866669)
2025-12-16 14:39:11,628 - mcp_server - WARNING - Agent marked as inactive: media_agent (instance: media_agent_1765866670)
2025-12-16 14:39:14,631 - mcp_server - WARNING - Agent marked as inactive: file_agent (instance: file_agent_1765866665)
2025-12-16 14:39:14,632 - mcp_server - WARNING - Agent marked as inactive: settings_agent (instance: settings_agent_1765866666)
2025-12-16 14:39:14,632 - mcp_server - WARNING - Agent marked as inactive: network_agent (instance: network_agent_1765866667)
2025-12-16 14:39:14,632 - mcp_server - WARNING - Agent marked as inactive: app_agent (instance: app_agent_1765866668)
2025-12-16 14:39:14,632 - mcp_server - WARNING - Agent marked as inactive: monitor_agent (instance: monitor_agent_1765866669)
2025-12-16 14:39:14,632 - mcp_server - WARNING - Agent marked as inactive: media_agent (instance: media_agent_1765866670)
2025-12-16 14:39:17,635 - mcp_server - WARNING - Agent marked as inactive: file_agent (instance: file_agent_1765866665)
2025-12-16 14:39:17,635 - mcp_server - WARNING - Agent marked as inactive: settings_agent (instance: settings_agent_1765866666)
2025-12-16 14:39:17,636 - mcp_server - WARNING - Agent marked as inactive: network_agent (instance: network_agent_1765866667)
2025-12-16 14:39:17,636 - mcp_server - WARNING - Agent marked as inactive: app_agent (instance: app_agent_1765866668)
2025-12-16 14:39:17,636 - mcp_server - WARNING - Agent marked as inactive: monitor_agent (instance: monitor_agent_1765866669)
2025-12-16 14:39:17,636 - mcp_server - WARNING - Agent marked as inactive: media_agent (instance: media_agent_1765866670)
2025-12-16 14:39:20,639 - mcp_server - WARNING - Agent marked as inactive: file_agent (instance: file_agent_1765866665)
2025-12-16 14:39:20,639 - mcp_server - WARNING - Agent marked as inactive: settings_agent (instance: settings_agent_1765866666)
2025-12-16 14:39:20,639 - mcp_server - WARNING - Agent marked as inactive: network_agent (instance: network_agent_1765866667)
2025-12-16 14:39:20,639 - mcp_server - WARNING - Agent marked as inactive: app_agent (instance: app_agent_1765866668)
2025-12-16 14:39:20,640 - mcp_server - WARNING - Agent marked as inactive: monitor_agent (instance: monitor_agent_1765866669)
2025-12-16 14:39:20,640 - mcp_server - WARNING - Agent marked as inactive: media_agent (instance: media_agent_1765866670)
2025-12-16 14:39:23,643 - mcp_server - WARNING - Agent marked as inactive: file_agent (instance: file_agent_1765866665)
2025-12-16 14:39:23,643 - mcp_server - WARNING - Agent marked as inactive: settings_agent (instance: settings_agent_1765866666)
2025-12-16 14:39:23,643 - mcp_server - WARNING - Agent marked as inactive: network_agent (instance: network_agent_1765866667)
2025-12-16 14:39:23,643 - mcp_server - WARNING - Agent marked as inactive: app_agent (instance: app_agent_1765866668)
2025-12-16 14:39:23,643 - mcp_server - WARNING - Agent marked as inactive: monitor_agent (instance: monitor_agent_1765866669)
2025-12-16 14:39:23,643 - mcp_server - WARNING - Agent marked as inactive: media_agent (instance: media_agent_1765866670)
2025-12-16 14:39:26,647 - mcp_server - WARNING - Agent marked as inactive: file_agent (instance: file_agent_1765866665)
2025-12-16 14:39:26,647 - mcp_server - WARNING - Agent marked as inactive: settings_agent (instance: settings_agent_1765866666)
2025-12-16 14:39:26,647 - mcp_server - WARNING - Agent marked as inactive: network_agent (instance: network_agent_1765866667)
2025-12-16 14:39:26,647 - mcp_server - WARNING - Agent marked as inactive: app_agent (instance: app_agent_1765866668)
2025-12-16 14:39:26,647 - mcp_server - WARNING - Agent marked as inactive: monitor_agent (instance: monitor_agent_1765866669)
2025-12-16 14:39:26,647 - mcp_server - WARNING - Agent marked as inactive: media_agent (instance: media_agent_1765866670)
2025-12-16 14:39:29,650 - mcp_server - WARNING - Agent marked as inactive: file_agent (instance: file_agent_1765866665)
2025-12-16 14:39:29,650 - mcp_server - WARNING - Agent marked as inactive: settings_agent (instance: settings_agent_1765866666)
2025-12-16 14:39:29,651 - mcp_server - WARNING - Agent marked as inactive: network_agent (instance: network_agent_1765866667)
2025-12-16 14:39:29,651 - mcp_server - WARNING - Agent marked as inactive: app_agent (instance: app_agent_1765866668)
2025-12-16 14:39:29,651 - mcp_server - WARNING - Agent marked as inactive: monitor_agent (instance: monitor_agent_1765866669)
2025-12-16 14:39:29,651 - mcp_server - WARNING - Agent marked as inactive: media_agent (instance: media_agent_1765866670)
2025-12-16 14:39:32,654 - mcp_server - WARNING - Agent marked as inactive: file_agent (instance: file_agent_1765866665)
2025-12-16 14:39:32,654 - mcp_server - WARNING - Agent marked as inactive: settings_agent (instance: settings_agent_1765866666)
2025-12-16 14:39:32,655 - mcp_server - WARNING - Agent marked as inactive: network_agent (instance: network_agent_1765866667)
2025-12-16 14:39:32,655 - mcp_server - WARNING - Agent marked as inactive: app_agent (instance: app_agent_1765866668)
2025-12-16 14:39:32,655 - mcp_server - WARNING - Agent marked as inactive: monitor_agent (instance: monitor_agent_1765866669)
2025-12-16 14:39:32,655 - mcp_server - WARNING - Agent marked as inactive: media_agent (instance: media_agent_1765866670)
2025-12-16 14:39:35,658 - mcp_server - WARNING - Agent marked as inactive: file_agent (instance: file_agent_1765866665)
2025-12-16 14:39:35,658 - mcp_server - WARNING - Agent marked as inactive: settings_agent (instance: settings_agent_1765866666)
2025-12-16 14:39:35,658 - mcp_server - WARNING - Agent marked as inactive: network_agent (instance: network_agent_1765866667)
2025-12-16 14:39:35,659 - mcp_server - WARNING - Agent marked as inactive: app_agent (instance: app_agent_1765866668)
2025-12-16 14:39:35,659 - mcp_server - WARNING - Agent marked as inactive: monitor_agent (instance: monitor_agent_1765866669)
2025-12-16 14:39:35,659 - mcp_server - WARNING - Agent marked as inactive: media_agent (instance: media_agent_1765866670)
2025-12-16 14:39:38,662 - mcp_server - WARNING - Agent marked as inactive: file_agent (instance: file_agent_1765866665)
2025-12-16 14:39:38,662 - mcp_server - WARNING - Agent marked as inactive: settings_agent (instance: settings_agent_1765866666)
2025-12-16 14:39:38,663 - mcp_server - WARNING - Agent marked as inactive: network_agent (instance: network_agent_1765866667)
2025-12-16 14:39:38,663 - mcp_server - WARNING - Agent marked as inactive: app_agent (instance: app_agent_1765866668)
2025-12-16 14:39:38,663 - mcp_server - WARNING - Agent marked as inactive: monitor_agent (instance: monitor_agent_1765866669)
2025-12-16 14:39:38,663 - mcp_server - WARNING - Agent marked as inactive: media_agent (instance: media_agent_1765866670)
2025-12-16 14:39:41,666 - mcp_server - WARNING - Agent marked as inactive: file_agent (instance: file_agent_1765866665)
2025-12-16 14:39:41,666 - mcp_server - WARNING - Agent marked as inactive: settings_agent (instance: settings_agent_1765866666)
2025-12-16 14:39:41,667 - mcp_server - WARNING - Agent marked as inactive: network_agent (instance: network_agent_1765866667)
2025-12-16 14:39:41,667 - mcp_server - WARNING - Agent marked as inactive: app_agent (instance: app_agent_1765866668)
2025-12-16 14:39:41,667 - mcp_server - WARNING - Agent marked as inactive: monitor_agent (instance: monitor_agent_1765866669)
2025-12-16 14:39:41,667 - mcp_server - WARNING - Agent marked as inactive: media_agent (instance: media_agent_1765866670)
2025-12-16 14:39:44,670 - mcp_server - WARNING - Agent marked as inactive: file_agent (instance: file_agent_1765866665)
2025-12-16 14:39:44,671 - mcp_server - WARNING - Agent marked as inactive: settings_agent (instance: settings_agent_1765866666)
2025-12-16 14:39:44,671 - mcp_server - WARNING - Agent marked as inactive: network_agent (instance: network_agent_1765866667)
2025-12-16 14:39:44,671 - mcp_server - WARNING - Agent marked as inactive: app_agent (instance: app_agent_1765866668)
2025-12-16 14:39:44,671 - mcp_server - WARNING - Agent marked as inactive: monitor_agent (instance: monitor_agent_1765866669)
2025-12-16 14:39:44,671 - mcp_server - WARNING - Agent marked as inactive: media_agent (instance: media_agent_1765866670)
2025-12-16 14:39:47,672 - mcp_server - WARNING - Agent marked as inactive: file_agent (instance: file_agent_1765866665)
2025-12-16 14:39:47,673 - mcp_server - WARNING - Agent marked as inactive: settings_agent (instance: settings_agent_1765866666)
2025-12-16 14:39:47,673 - mcp_server - WARNING - Agent marked as inactive: network_agent (instance: network_agent_1765866667)
2025-12-16 14:39:47,673 - mcp_server - WARNING - Agent marked as inactive: app_agent (instance: app_agent_1765866668)
2025-12-16 14:39:47,673 - mcp_server - WARNING - Agent marked as inactive: monitor_agent (instance: monitor_agent_1765866669)
2025-12-16 14:39:47,673 - mcp_server - WARNING - Agent marked as inactive: media_agent (instance: media_agent_1765866670)
2025-12-16 14:39:50,676 - mcp_server - WARNING - Agent marked as inactive: file_agent (instance: file_agent_1765866665)
2025-12-16 14:39:50,676 - mcp_server - WARNING - Agent marked as inactive: settings_agent (instance: settings_agent_1765866666)
2025-12-16 14:39:50,677 - mcp_server - WARNING - Agent marked as inactive: network_agent (instance: network_agent_1765866667)
2025-12-16 14:39:50,677 - mcp_server - WARNING - Agent marked as inactive: app_agent (instance: app_agent_1765866668)
2025-12-16 14:39:50,677 - mcp_server - WARNING - Agent marked as inactive: monitor_agent (instance: monitor_agent_1765866669)
2025-12-16 14:39:50,677 - mcp_server - WARNING - Agent marked as inactive: media_agent (instance: media_agent_1765866670)
2025-12-16 14:39:53,680 - mcp_server - WARNING - Agent marked as inactive: file_agent (instance: file_agent_1765866665)
2025-12-16 14:39:53,680 - mcp_server - WARNING - Agent marked as inactive: settings_agent (instance: settings_agent_1765866666)
2025-12-16 14:39:53,681 - mcp_server - WARNING - Agent marked as inactive: network_agent (instance: network_agent_1765866667)
2025-12-16 14:39:53,681 - mcp_server - WARNING - Agent marked as inactive: app_agent (instance: app_agent_1765866668)
2025-12-16 14:39:53,681 - mcp_server - WARNING - Agent marked as inactive: monitor_agent (instance: monitor_agent_1765866669)
2025-12-16 14:39:53,681 - mcp_server - WARNING - Agent marked as inactive: media_agent (instance: media_agent_1765866670)
2025-12-16 14:39:56,684 - mcp_server - WARNING - Agent marked as inactive: file_agent (instance: file_agent_1765866665)
2025-12-16 14:39:56,684 - mcp_server - WARNING - Agent marked as inactive: settings_agent (instance: settings_agent_1765866666)
2025-12-16 14:39:56,685 - mcp_server - WARNING - Agent marked as inactive: network_agent (instance: network_agent_1765866667)
2025-12-16 14:39:56,685 - mcp_server - WARNING - Agent marked as inactive: app_agent (instance: app_agent_1765866668)
2025-12-16 14:39:56,685 - mcp_server - WARNING - Agent marked as inactive: monitor_agent (instance: monitor_agent_1765866669)
2025-12-16 14:39:56,685 - mcp_server - WARNING - Agent marked as inactive: media_agent (instance: media_agent_1765866670)
2025-12-16 14:39:59,688 - mcp_server - WARNING - Agent marked as inactive: file_agent (instance: file_agent_1765866665)
2025-12-16 14:39:59,688 - mcp_server - WARNING - Agent marked as inactive: settings_agent (instance: settings_agent_1765866666)
2025-12-16 14:39:59,688 - mcp_server - WARNING - Agent marked as inactive: network_agent (instance: network_agent_1765866667)
2025-12-16 14:39:59,689 - mcp_server - WARNING - Agent marked as inactive: app_agent (instance: app_agent_1765866668)
2025-12-16 14:39:59,689 - mcp_server - WARNING - Agent marked as inactive: monitor_agent (instance: monitor_agent_1765866669)
2025-12-16 14:39:59,689 - mcp_server - WARNING - Agent marked as inactive: media_agent (instance: media_agent_1765866670)
2025-12-16 14:40:02,692 - mcp_server - WARNING - Agent marked as inactive: file_agent (instance: file_agent_1765866665)
2025-12-16 14:40:02,692 - mcp_server - WARNING - Agent marked as inactive: settings_agent (instance: settings_agent_1765866666)
2025-12-16 14:40:02,692 - mcp_server - WARNING - Agent marked as inactive: network_agent (instance: network_agent_1765866667)
2025-12-16 14:40:02,692 - mcp_server - WARNING - Agent marked as inactive: app_agent (instance: app_agent_1765866668)
2025-12-16 14:40:02,692 - mcp_server - WARNING - Agent marked as inactive: monitor_agent (instance: monitor_agent_1765866669)
2025-12-16 14:40:02,692 - mcp_server - WARNING - Agent marked as inactive: media_agent (instance: media_agent_1765866670)
2025-12-16 14:40:05,696 - mcp_server - WARNING - Agent marked as inactive: file_agent (instance: file_agent_1765866665)
2025-12-16 14:40:05,696 - mcp_server - WARNING - Agent marked as inactive: settings_agent (instance: settings_agent_1765866666)
2025-12-16 14:40:05,696 - mcp_server - WARNING - Agent marked as inactive: network_agent (instance: network_agent_1765866667)
2025-12-16 14:40:05,696 - mcp_server - WARNING - Agent marked as inactive: app_agent (instance: app_agent_1765866668)
2025-12-16 14:40:05,696 - mcp_server - WARNING - Agent marked as inactive: monitor_agent (instance: monitor_agent_1765866669)
2025-12-16 14:40:05,696 - mcp_server - WARNING - Agent marked as inactive: media_agent (instance: media_agent_1765866670)
2025-12-16 14:40:08,700 - mcp_server - WARNING - Agent marked as inactive: file_agent (instance: file_agent_1765866665)
2025-12-16 14:40:08,700 - mcp_server - WARNING - Agent marked as inactive: settings_agent (instance: settings_agent_1765866666)
2025-12-16 14:40:08,700 - mcp_server - WARNING - Agent marked as inactive: network_agent (instance: network_agent_1765866667)
2025-12-16 14:40:08,700 - mcp_server - WARNING - Agent marked as inactive: app_agent (instance: app_agent_1765866668)
2025-12-16 14:40:08,700 - mcp_server - WARNING - Agent marked as inactive: monitor_agent (instance: monitor_agent_1765866669)
2025-12-16 14:40:08,700 - mcp_server - WARNING - Agent marked as inactive: media_agent (instance: media_agent_1765866670)
2025-12-16 14:40:11,703 - mcp_server - WARNING - Agent marked as inactive: file_agent (instance: file_agent_1765866665)
2025-12-16 14:40:11,703 - mcp_server - WARNING - Agent marked as inactive: settings_agent (instance: settings_agent_1765866666)
2025-12-16 14:40:11,703 - mcp_server - WARNING - Agent marked as inactive: network_agent (instance: network_agent_1765866667)
2025-12-16 14:40:11,703 - mcp_server - WARNING - Agent marked as inactive: app_agent (instance: app_agent_1765866668)
2025-12-16 14:40:11,704 - mcp_server - WARNING - Agent marked as inactive: monitor_agent (instance: monitor_agent_1765866669)
2025-12-16 14:40:11,704 - mcp_server - WARNING - Agent marked as inactive: media_agent (instance: media_agent_1765866670)
2025-12-16 14:40:14,707 - mcp_server - WARNING - Agent marked as inactive: file_agent (instance: file_agent_1765866665)
2025-12-16 14:40:14,707 - mcp_server - WARNING - Agent marked as inactive: settings_agent (instance: settings_agent_1765866666)
2025-12-16 14:40:14,707 - mcp_server - WARNING - Agent marked as inactive: network_agent (instance: network_agent_1765866667)
2025-12-16 14:40:14,707 - mcp_server - WARNING - Agent marked as inactive: app_agent (instance: app_agent_1765866668)
2025-12-16 14:40:14,707 - mcp_server - WARNING - Agent marked as inactive: monitor_agent (instance: monitor_agent_1765866669)
2025-12-16 14:40:14,708 - mcp_server - WARNING - Agent marked as inactive: media_agent (instance: media_agent_1765866670)
2025-12-16 14:40:17,710 - mcp_server - WARNING - Agent marked as inactive: file_agent (instance: file_agent_1765866665)
2025-12-16 14:40:17,710 - mcp_server - WARNING - Agent marked as inactive: settings_agent (instance: settings_agent_1765866666)
2025-12-16 14:40:17,710 - mcp_server - WARNING - Agent marked as inactive: network_agent (instance: network_agent_1765866667)
2025-12-16 14:40:17,710 - mcp_server - WARNING - Agent marked as inactive: app_agent (instance: app_agent_1765866668)
2025-12-16 14:40:17,710 - mcp_server - WARNING - Agent marked as inactive: monitor_agent (instance: monitor_agent_1765866669)
2025-12-16 14:40:17,710 - mcp_server - WARNING - Agent marked as inactive: media_agent (instance: media_agent_1765866670)
2025-12-16 14:40:20,713 - mcp_server - WARNING - Agent marked as inactive: file_agent (instance: file_agent_1765866665)
2025-12-16 14:40:20,714 - mcp_server - WARNING - Agent marked as inactive: settings_agent (instance: settings_agent_1765866666)
2025-12-16 14:40:20,714 - mcp_server - WARNING - Agent marked as inactive: network_agent (instance: network_agent_1765866667)
2025-12-16 14:40:20,714 - mcp_server - WARNING - Agent marked as inactive: app_agent (instance: app_agent_1765866668)
2025-12-16 14:40:20,714 - mcp_server - WARNING - Agent marked as inactive: monitor_agent (instance: monitor_agent_1765866669)
2025-12-16 14:40:20,714 - mcp_server - WARNING - Agent marked as inactive: media_agent (instance: media_agent_1765866670)
2025-12-16 14:40:23,717 - mcp_server - WARNING - Agent marked as inactive: file_agent (instance: file_agent_1765866665)
2025-12-16 14:40:23,717 - mcp_server - WARNING - Agent marked as inactive: settings_agent (instance: settings_agent_1765866666)
2025-12-16 14:40:23,717 - mcp_server - WARNING - Agent marked as inactive: network_agent (instance: network_agent_1765866667)
2025-12-16 14:40:23,717 - mcp_server - WARNING - Agent marked as inactive: app_agent (instance: app_agent_1765866668)
2025-12-16 14:40:23,717 - mcp_server - WARNING - Agent marked as inactive: monitor_agent (instance: monitor_agent_1765866669)
2025-12-16 14:40:23,717 - mcp_server - WARNING - Agent marked as inactive: media_agent (instance: media_agent_1765866670)
2025-12-16 14:40:26,720 - mcp_server - WARNING - Agent marked as inactive: file_agent (instance: file_agent_1765866665)
2025-12-16 14:40:26,721 - mcp_server - WARNING - Agent marked as inactive: settings_agent (instance: settings_agent_1765866666)
2025-12-16 14:40:26,721 - mcp_server - WARNING - Agent marked as inactive: network_agent (instance: network_agent_1765866667)
2025-12-16 14:40:26,721 - mcp_server - WARNING - Agent marked as inactive: app_agent (instance: app_agent_1765866668)
2025-12-16 14:40:26,721 - mcp_server - WARNING - Agent marked as inactive: monitor_agent (instance: monitor_agent_1765866669)
2025-12-16 14:40:26,721 - mcp_server - WARNING - Agent marked as inactive: media_agent (instance: media_agent_1765866670)
2025-12-16 14:40:29,724 - mcp_server - WARNING - Agent marked as inactive: file_agent (instance: file_agent_1765866665)
2025-12-16 14:40:29,724 - mcp_server - WARNING - Agent marked as inactive: settings_agent (instance: settings_agent_1765866666)
2025-12-16 14:40:29,724 - mcp_server - WARNING - Agent marked as inactive: network_agent (instance: network_agent_1765866667)
2025-12-16 14:40:29,724 - mcp_server - WARNING - Agent marked as inactive: app_agent (instance: app_agent_1765866668)
2025-12-16 14:40:29,724 - mcp_server - WARNING - Agent marked as inactive: monitor_agent (instance: monitor_agent_1765866669)
2025-12-16 14:40:29,724 - mcp_server - WARNING - Agent marked as inactive: media_agent (instance: media_agent_1765866670)
2025-12-16 14:40:32,727 - mcp_server - WARNING - Agent marked as inactive: file_agent (instance: file_agent_1765866665)
2025-12-16 14:40:32,728 - mcp_server - WARNING - Agent marked as inactive: settings_agent (instance: settings_agent_1765866666)
2025-12-16 14:40:32,728 - mcp_server - WARNING - Agent marked as inactive: network_agent (instance: network_agent_1765866667)
2025-12-16 14:40:32,728 - mcp_server - WARNING - Agent marked as inactive: app_agent (instance: app_agent_1765866668)
2025-12-16 14:40:32,728 - mcp_server - WARNING - Agent marked as inactive: monitor_agent (instance: monitor_agent_1765866669)
2025-12-16 14:40:32,728 - mcp_server - WARNING - Agent marked as inactive: media_agent (instance: media_agent_1765866670)
2025-12-16 14:40:35,732 - mcp_server - WARNING - Agent marked as inactive: file_agent (instance: file_agent_1765866665)
2025-12-16 14:40:35,732 - mcp_server - WARNING - Agent marked as inactive: settings_agent (instance: settings_agent_1765866666)
2025-12-16 14:40:35,732 - mcp_server - WARNING - Agent marked as inactive: network_agent (instance: network_agent_1765866667)
2025-12-16 14:40:35,732 - mcp_server - WARNING - Agent marked as inactive: app_agent (instance: app_agent_1765866668)
2025-12-16 14:40:35,732 - mcp_server - WARNING - Agent marked as inactive: monitor_agent (instance: monitor_agent_1765866669)
2025-12-16 14:40:35,732 - mcp_server - WARNING - Agent marked as inactive: media_agent (instance: media_agent_1765866670)
2025-12-16 14:40:38,736 - mcp_server - WARNING - Agent marked as inactive: file_agent (instance: file_agent_1765866665)
2025-12-16 14:40:38,736 - mcp_server - WARNING - Agent marked as inactive: settings_agent (instance: settings_agent_1765866666)
2025-12-16 14:40:38,736 - mcp_server - WARNING - Agent marked as inactive: network_agent (instance: network_agent_1765866667)
2025-12-16 14:40:38,736 - mcp_server - WARNING - Agent marked as inactive: app_agent (instance: app_agent_1765866668)
2025-12-16 14:40:38,736 - mcp_server - WARNING - Agent marked as inactive: monitor_agent (instance: monitor_agent_1765866669)
2025-12-16 14:40:38,736 - mcp_server - WARNING - Agent marked as inactive: media_agent (instance: media_agent_1765866670)
2025-12-16 14:40:41,739 - mcp_server - WARNING - Agent marked as inactive: file_agent (instance: file_agent_1765866665)
2025-12-16 14:40:41,740 - mcp_server - WARNING - Agent marked as inactive: settings_agent (instance: settings_agent_1765866666)
2025-12-16 14:40:41,740 - mcp_server - WARNING - Agent marked as inactive: network_agent (instance: network_agent_1765866667)
2025-12-16 14:40:41,740 - mcp_server - WARNING - Agent marked as inactive: app_agent (instance: app_agent_1765866668)
2025-12-16 14:40:41,740 - mcp_server - WARNING - Agent marked as inactive: monitor_agent (instance: monitor_agent_1765866669)
2025-12-16 14:40:41,740 - mcp_server - WARNING - Agent marked as inactive: media_agent (instance: media_agent_1765866670)
2025-12-16 14:40:44,743 - mcp_server - WARNING - Agent marked as inactive: file_agent (instance: file_agent_1765866665)
2025-12-16 14:40:44,744 - mcp_server - WARNING - Agent marked as inactive: settings_agent (instance: settings_agent_1765866666)
2025-12-16 14:40:44,744 - mcp_server - WARNING - Agent marked as inactive: network_agent (instance: network_agent_1765866667)
2025-12-16 14:40:44,744 - mcp_server - WARNING - Agent marked as inactive: app_agent (instance: app_agent_1765866668)
2025-12-16 14:40:44,744 - mcp_server - WARNING - Agent marked as inactive: monitor_agent (instance: monitor_agent_1765866669)
2025-12-16 14:40:44,744 - mcp_server - WARNING - Agent marked as inactive: media_agent (instance: media_agent_1765866670)
2025-12-16 14:40:47,748 - mcp_server - WARNING - Agent marked as inactive: file_agent (instance: file_agent_1765866665)
2025-12-16 14:40:47,748 - mcp_server - WARNING - Agent marked as inactive: settings_agent (instance: settings_agent_1765866666)
2025-12-16 14:40:47,748 - mcp_server - WARNING - Agent marked as inactive: network_agent (instance: network_agent_1765866667)
2025-12-16 14:40:47,748 - mcp_server - WARNING - Agent marked as inactive: app_agent (instance: app_agent_1765866668)
2025-12-16 14:40:47,748 - mcp_server - WARNING - Agent marked as inactive: monitor_agent (instance: monitor_agent_1765866669)
2025-12-16 14:40:47,748 - mcp_server - WARNING - Agent marked as inactive: media_agent (instance: media_agent_1765866670)
2025-12-16 14:40:50,752 - mcp_server - WARNING - Agent marked as inactive: file_agent (instance: file_agent_1765866665)
2025-12-16 14:40:50,752 - mcp_server - WARNING - Agent marked as inactive: settings_agent (instance: settings_agent_1765866666)
2025-12-16 14:40:50,752 - mcp_server - WARNING - Agent marked as inactive: network_agent (instance: network_agent_1765866667)
2025-12-16 14:40:50,752 - mcp_server - WARNING - Agent marked as inactive: app_agent (instance: app_agent_1765866668)
2025-12-16 14:40:50,752 - mcp_server - WARNING - Agent marked as inactive: monitor_agent (instance: monitor_agent_1765866669)
2025-12-16 14:40:50,752 - mcp_server - WARNING - Agent marked as inactive: media_agent (instance: media_agent_1765866670)
2025-12-16 14:40:53,756 - mcp_server - WARNING - Agent marked as inactive: file_agent (instance: file_agent_1765866665)
2025-12-16 14:40:53,756 - mcp_server - WARNING - Agent marked as inactive: settings_agent (instance: settings_agent_1765866666)
2025-12-16 14:40:53,756 - mcp_server - WARNING - Agent marked as inactive: network_agent (instance: network_agent_1765866667)
2025-12-16 14:40:53,756 - mcp_server - WARNING - Agent marked as inactive: app_agent (instance: app_agent_1765866668)
2025-12-16 14:40:53,756 - mcp_server - WARNING - Agent marked as inactive: monitor_agent (instance: monitor_agent_1765866669)
2025-12-16 14:40:53,757 - mcp_server - WARNING - Agent marked as inactive: media_agent (instance: media_agent_1765866670)
2025-12-16 14:40:56,760 - mcp_server - WARNING - Agent marked as inactive: file_agent (instance: file_agent_1765866665)
2025-12-16 14:40:56,760 - mcp_server - WARNING - Agent marked as inactive: settings_agent (instance: settings_agent_1765866666)
2025-12-16 14:40:56,760 - mcp_server - WARNING - Agent marked as inactive: network_agent (instance: network_agent_1765866667)
2025-12-16 14:40:56,760 - mcp_server - WARNING - Agent marked as inactive: app_agent (instance: app_agent_1765866668)
2025-12-16 14:40:56,761 - mcp_server - WARNING - Agent marked as inactive: monitor_agent (instance: monitor_agent_1765866669)
2025-12-16 14:40:56,761 - mcp_server - WARNING - Agent marked as inactive: media_agent (instance: media_agent_1765866670)
2025-12-16 14:40:59,764 - mcp_server - WARNING - Agent marked as inactive: file_agent (instance: file_agent_1765866665)
2025-12-16 14:40:59,764 - mcp_server - WARNING - Agent marked as inactive: settings_agent (instance: settings_agent_1765866666)
2025-12-16 14:40:59,764 - mcp_server - WARNING - Agent marked as inactive: network_agent (instance: network_agent_1765866667)
2025-12-16 14:40:59,765 - mcp_server - WARNING - Agent marked as inactive: app_agent (instance: app_agent_1765866668)
2025-12-16 14:40:59,765 - mcp_server - WARNING - Agent marked as inactive: monitor_agent (instance: monitor_agent_1765866669)
2025-12-16 14:40:59,765 - mcp_server - WARNING - Agent marked as inactive: media_agent (instance: media_agent_1765866670)
2025-12-16 14:41:02,767 - mcp_server - WARNING - Agent marked as inactive: file_agent (instance: file_agent_1765866665)
2025-12-16 14:41:02,767 - mcp_server - WARNING - Agent marked as inactive: settings_agent (instance: settings_agent_1765866666)
2025-12-16 14:41:02,767 - mcp_server - WARNING - Agent marked as inactive: network_agent (instance: network_agent_1765866667)
2025-12-16 14:41:02,767 - mcp_server - WARNING - Agent marked as inactive: app_agent (instance: app_agent_1765866668)
2025-12-16 14:41:02,768 - mcp_server - WARNING - Agent marked as inactive: monitor_agent (instance: monitor_agent_1765866669)
2025-12-16 14:41:02,768 - mcp_server - WARNING - Agent marked as inactive: media_agent (instance: media_agent_1765866670)
2025-12-16 14:41:05,771 - mcp_server - WARNING - Agent marked as inactive: file_agent (instance: file_agent_1765866665)
2025-12-16 14:41:05,771 - mcp_server - WARNING - Agent marked as inactive: settings_agent (instance: settings_agent_1765866666)
2025-12-16 14:41:05,771 - mcp_server - WARNING - Agent marked as inactive: network_agent (instance: network_agent_1765866667)
2025-12-16 14:41:05,771 - mcp_server - WARNING - Agent marked as inactive: app_agent (instance: app_agent_1765866668)
2025-12-16 14:41:05,772 - mcp_server - WARNING - Agent marked as inactive: monitor_agent (instance: monitor_agent_1765866669)
2025-12-16 14:41:05,772 - mcp_server - WARNING - Agent marked as inactive: media_agent (instance: media_agent_1765866670)
2025-12-16 14:41:08,775 - mcp_server - WARNING - Agent marked as inactive: file_agent (instance: file_agent_1765866665)
2025-12-16 14:41:08,775 - mcp_server - WARNING - Agent marked as inactive: settings_agent (instance: settings_agent_1765866666)
2025-12-16 14:41:08,775 - mcp_server - WARNING - Agent marked as inactive: network_agent (instance: network_agent_1765866667)
2025-12-16 14:41:08,775 - mcp_server - WARNING - Agent marked as inactive: app_agent (instance: app_agent_1765866668)
2025-12-16 14:41:08,775 - mcp_server - WARNING - Agent marked as inactive: monitor_agent (instance: monitor_agent_1765866669)
2025-12-16 14:41:08,775 - mcp_server - WARNING - Agent marked as inactive: media_agent (instance: media_agent_1765866670)
2025-12-16 14:41:11,779 - mcp_server - WARNING - Agent marked as inactive: file_agent (instance: file_agent_1765866665)
2025-12-16 14:41:11,779 - mcp_server - WARNING - Agent marked as inactive: settings_agent (instance: settings_agent_1765866666)
2025-12-16 14:41:11,779 - mcp_server - WARNING - Agent marked as inactive: network_agent (instance: network_agent_1765866667)
2025-12-16 14:41:11,779 - mcp_server - WARNING - Agent marked as inactive: app_agent (instance: app_agent_1765866668)
2025-12-16 14:41:11,779 - mcp_server - WARNING - Agent marked as inactive: monitor_agent (instance: monitor_agent_1765866669)
2025-12-16 14:41:11,779 - mcp_server - WARNING - Agent marked as inactive: media_agent (instance: media_agent_1765866670)
2025-12-16 14:41:14,783 - mcp_server - WARNING - Agent marked as inactive: file_agent (instance: file_agent_1765866665)
2025-12-16 14:41:14,783 - mcp_server - WARNING - Agent marked as inactive: settings_agent (instance: settings_agent_1765866666)
2025-12-16 14:41:14,783 - mcp_server - WARNING - Agent marked as inactive: network_agent (instance: network_agent_1765866667)
2025-12-16 14:41:14,783 - mcp_server - WARNING - Agent marked as inactive: app_agent (instance: app_agent_1765866668)
2025-12-16 14:41:14,783 - mcp_server - WARNING - Agent marked as inactive: monitor_agent (instance: monitor_agent_1765866669)
2025-12-16 14:41:14,783 - mcp_server - WARNING - Agent marked as inactive: media_agent (instance: media_agent_1765866670)
2025-12-16 14:41:17,787 - mcp_server - WARNING - Agent marked as inactive: file_agent (instance: file_agent_1765866665)
2025-12-16 14:41:17,787 - mcp_server - WARNING - Agent marked as inactive: settings_agent (instance: settings_agent_1765866666)
2025-12-16 14:41:17,787 - mcp_server - WARNING - Agent marked as inactive: network_agent (instance: network_agent_1765866667)
2025-12-16 14:41:17,787 - mcp_server - WARNING - Agent marked as inactive: app_agent (instance: app_agent_1765866668)
2025-12-16 14:41:17,787 - mcp_server - WARNING - Agent marked as inactive: monitor_agent (instance: monitor_agent_1765866669)
2025-12-16 14:41:17,788 - mcp_server - WARNING - Agent marked as inactive: media_agent (instance: media_agent_1765866670)
2025-12-16 14:41:20,791 - mcp_server - WARNING - Agent marked as inactive: file_agent (instance: file_agent_1765866665)
2025-12-16 14:41:20,791 - mcp_server - WARNING - Agent marked as inactive: settings_agent (instance: settings_agent_1765866666)
2025-12-16 14:41:20,791 - mcp_server - WARNING - Agent marked as inactive: network_agent (instance: network_agent_1765866667)
2025-12-16 14:41:20,791 - mcp_server - WARNING - Agent marked as inactive: app_agent (instance: app_agent_1765866668)
2025-12-16 14:41:20,791 - mcp_server - WARNING - Agent marked as inactive: monitor_agent (instance: monitor_agent_1765866669)
2025-12-16 14:41:20,791 - mcp_server - WARNING - Agent marked as inactive: media_agent (instance: media_agent_1765866670)
2025-12-16 14:41:23,795 - mcp_server - WARNING - Agent marked as inactive: file_agent (instance: file_agent_1765866665)
2025-12-16 14:41:23,795 - mcp_server - WARNING - Agent marked as inactive: settings_agent (instance: settings_agent_1765866666)
2025-12-16 14:41:23,795 - mcp_server - WARNING - Agent marked as inactive: network_agent (instance: network_agent_1765866667)
2025-12-16 14:41:23,795 - mcp_server - WARNING - Agent marked as inactive: app_agent (instance: app_agent_1765866668)
2025-12-16 14:41:23,795 - mcp_server - WARNING - Agent marked as inactive: monitor_agent (instance: monitor_agent_1765866669)
2025-12-16 14:41:23,795 - mcp_server - WARNING - Agent marked as inactive: media_agent (instance: media_agent_1765866670)
2025-12-16 14:41:26,798 - mcp_server - WARNING - Agent marked as inactive: file_agent (instance: file_agent_1765866665)
2025-12-16 14:41:26,798 - mcp_server - WARNING - Agent marked as inactive: settings_agent (instance: settings_agent_1765866666)
2025-12-16 14:41:26,798 - mcp_server - WARNING - Agent marked as inactive: network_agent (instance: network_agent_1765866667)
2025-12-16 14:41:26,799 - mcp_server - WARNING - Agent marked as inactive: app_agent (instance: app_agent_1765866668)
2025-12-16 14:41:26,799 - mcp_server - WARNING - Agent marked as inactive: monitor_agent (instance: monitor_agent_1765866669)
2025-12-16 14:41:26,799 - mcp_server - WARNING - Agent marked as inactive: media_agent (instance: media_agent_1765866670)
2025-12-16 14:41:29,802 - mcp_server - WARNING - Agent marked as inactive: file_agent (instance: file_agent_1765866665)
2025-12-16 14:41:29,802 - mcp_server - WARNING - Agent marked as inactive: settings_agent (instance: settings_agent_1765866666)
2025-12-16 14:41:29,802 - mcp_server - WARNING - Agent marked as inactive: network_agent (instance: network_agent_1765866667)
2025-12-16 14:41:29,802 - mcp_server - WARNING - Agent marked as inactive: app_agent (instance: app_agent_1765866668)
2025-12-16 14:41:29,802 - mcp_server - WARNING - Agent marked as inactive: monitor_agent (instance: monitor_agent_1765866669)
2025-12-16 14:41:29,802 - mcp_server - WARNING - Agent marked as inactive: media_agent (instance: media_agent_1765866670)
2025-12-16 14:41:32,806 - mcp_server - WARNING - Agent marked as inactive: file_agent (instance: file_agent_1765866665)
2025-12-16 14:41:32,806 - mcp_server - WARNING - Agent marked as inactive: settings_agent (instance: settings_agent_1765866666)
2025-12-16 14:41:32,806 - mcp_server - WARNING - Agent marked as inactive: network_agent (instance: network_agent_1765866667)
2025-12-16 14:41:32,806 - mcp_server - WARNING - Agent marked as inactive: app_agent (instance: app_agent_1765866668)
2025-12-16 14:41:32,806 - mcp_server - WARNING - Agent marked as inactive: monitor_agent (instance: monitor_agent_1765866669)
2025-12-16 14:41:32,806 - mcp_server - WARNING - Agent marked as inactive: media_agent (instance: media_agent_1765866670)
2025-12-16 14:41:35,809 - mcp_server - WARNING - Agent marked as inactive: file_agent (instance: file_agent_1765866665)
2025-12-16 14:41:35,809 - mcp_server - WARNING - Agent marked as inactive: settings_agent (instance: settings_agent_1765866666)
2025-12-16 14:41:35,809 - mcp_server - WARNING - Agent marked as inactive: network_agent (instance: network_agent_1765866667)
2025-12-16 14:41:35,809 - mcp_server - WARNING - Agent marked as inactive: app_agent (instance: app_agent_1765866668)
2025-12-16 14:41:35,810 - mcp_server - WARNING - Agent marked as inactive: monitor_agent (instance: monitor_agent_1765866669)
2025-12-16 14:41:35,810 - mcp_server - WARNING - Agent marked as inactive: media_agent (instance: media_agent_1765866670)
2025-12-16 14:41:38,813 - mcp_server - WARNING - Agent marked as inactive: file_agent (instance: file_agent_1765866665)
2025-12-16 14:41:38,813 - mcp_server - WARNING - Agent marked as inactive: settings_agent (instance: settings_agent_1765866666)
2025-12-16 14:41:38,813 - mcp_server - WARNING - Agent marked as inactive: network_agent (instance: network_agent_1765866667)
2025-12-16 14:41:38,813 - mcp_server - WARNING - Agent marked as inactive: app_agent (instance: app_agent_1765866668)
2025-12-16 14:41:38,813 - mcp_server - WARNING - Agent marked as inactive: monitor_agent (instance: monitor_agent_1765866669)
2025-12-16 14:41:38,813 - mcp_server - WARNING - Agent marked as inactive: media_agent (instance: media_agent_1765866670)
2025-12-16 14:41:41,817 - mcp_server - WARNING - Agent marked as inactive: file_agent (instance: file_agent_1765866665)
2025-12-16 14:41:41,817 - mcp_server - WARNING - Agent marked as inactive: settings_agent (instance: settings_agent_1765866666)
2025-12-16 14:41:41,817 - mcp_server - WARNING - Agent marked as inactive: network_agent (instance: network_agent_1765866667)
2025-12-16 14:41:41,817 - mcp_server - WARNING - Agent marked as inactive: app_agent (instance: app_agent_1765866668)
2025-12-16 14:41:41,817 - mcp_server - WARNING - Agent marked as inactive: monitor_agent (instance: monitor_agent_1765866669)
2025-12-16 14:41:41,817 - mcp_server - WARNING - Agent marked as inactive: media_agent (instance: media_agent_1765866670)
2025-12-16 14:41:44,821 - mcp_server - WARNING - Agent marked as inactive: file_agent (instance: file_agent_1765866665)
2025-12-16 14:41:44,821 - mcp_server - WARNING - Agent marked as inactive: settings_agent (instance: settings_agent_1765866666)
2025-12-16 14:41:44,821 - mcp_server - WARNING - Agent marked as inactive: network_agent (instance: network_agent_1765866667)
2025-12-16 14:41:44,821 - mcp_server - WARNING - Agent marked as inactive: app_agent (instance: app_agent_1765866668)
2025-12-16 14:41:44,821 - mcp_server - WARNING - Agent marked as inactive: monitor_agent (instance: monitor_agent_1765866669)
2025-12-16 14:41:44,821 - mcp_server - WARNING - Agent marked as inactive: media_agent (instance: media_agent_1765866670)
2025-12-16 14:41:47,825 - mcp_server - WARNING - Agent marked as inactive: file_agent (instance: file_agent_1765866665)
2025-12-16 14:41:47,825 - mcp_server - WARNING - Agent marked as inactive: settings_agent (instance: settings_agent_1765866666)
2025-12-16 14:41:47,825 - mcp_server - WARNING - Agent marked as inactive: network_agent (instance: network_agent_1765866667)
2025-12-16 14:41:47,825 - mcp_server - WARNING - Agent marked as inactive: app_agent (instance: app_agent_1765866668)
2025-12-16 14:41:47,825 - mcp_server - WARNING - Agent marked as inactive: monitor_agent (instance: monitor_agent_1765866669)
2025-12-16 14:41:47,825 - mcp_server - WARNING - Agent marked as inactive: media_agent (instance: media_agent_1765866670)
2025-12-16 14:41:50,829 - mcp_server - WARNING - Agent marked as inactive: file_agent (instance: file_agent_1765866665)
2025-12-16 14:41:50,829 - mcp_server - WARNING - Agent marked as inactive: settings_agent (instance: settings_agent_1765866666)
2025-12-16 14:41:50,829 - mcp_server - WARNING - Agent marked as inactive: network_agent (instance: network_agent_1765866667)
2025-12-16 14:41:50,829 - mcp_server - WARNING - Agent marked as inactive: app_agent (instance: app_agent_1765866668)
2025-12-16 14:41:50,829 - mcp_server - WARNING - Agent marked as inactive: monitor_agent (instance: monitor_agent_1765866669)
2025-12-16 14:41:50,829 - mcp_server - WARNING - Agent marked as inactive: media_agent (instance: media_agent_1765866670)
2025-12-16 14:41:53,833 - mcp_server - WARNING - Agent marked as inactive: file_agent (instance: file_agent_1765866665)
2025-12-16 14:41:53,833 - mcp_server - WARNING - Agent marked as inactive: settings_agent (instance: settings_agent_1765866666)
2025-12-16 14:41:53,833 - mcp_server - WARNING - Agent marked as inactive: network_agent (instance: network_agent_1765866667)
2025-12-16 14:41:53,833 - mcp_server - WARNING - Agent marked as inactive: app_agent (instance: app_agent_1765866668)
2025-12-16 14:41:53,833 - mcp_server - WARNING - Agent marked as inactive: monitor_agent (instance: monitor_agent_1765866669)
2025-12-16 14:41:53,833 - mcp_server - WARNING - Agent marked as inactive: media_agent (instance: media_agent_1765866670)
2025-12-16 14:41:56,837 - mcp_server - WARNING - Agent marked as inactive: file_agent (instance: file_agent_1765866665)
2025-12-16 14:41:56,837 - mcp_server - WARNING - Agent marked as inactive: settings_agent (instance: settings_agent_1765866666)
2025-12-16 14:41:56,837 - mcp_server - WARNING - Agent marked as inactive: network_agent (instance: network_agent_1765866667)
2025-12-16 14:41:56,837 - mcp_server - WARNING - Agent marked as inactive: app_agent (instance: app_agent_1765866668)
2025-12-16 14:41:56,837 - mcp_server - WARNING - Agent marked as inactive: monitor_agent (instance: monitor_agent_1765866669)
2025-12-16 14:41:56,837 - mcp_server - WARNING - Agent marked as inactive: media_agent (instance: media_agent_1765866670)
2025-12-16 14:41:59,841 - mcp_server - WARNING - Agent marked as inactive: file_agent (instance: file_agent_1765866665)
2025-12-16 14:41:59,841 - mcp_server - WARNING - Agent marked as inactive: settings_agent (instance: settings_agent_1765866666)
2025-12-16 14:41:59,841 - mcp_server - WARNING - Agent marked as inactive: network_agent (instance: network_agent_1765866667)
2025-12-16 14:41:59,841 - mcp_server - WARNING - Agent marked as inactive: app_agent (instance: app_agent_1765866668)
2025-12-16 14:41:59,841 - mcp_server - WARNING - Agent marked as inactive: monitor_agent (instance: monitor_agent_1765866669)
2025-12-16 14:41:59,841 - mcp_server - WARNING - Agent marked as inactive: media_agent (instance: media_agent_1765866670)
2025-12-16 14:42:02,844 - mcp_server - WARNING - Agent marked as inactive: file_agent (instance: file_agent_1765866665)
2025-12-16 14:42:02,845 - mcp_server - WARNING - Agent marked as inactive: settings_agent (instance: settings_agent_1765866666)
2025-12-16 14:42:02,845 - mcp_server - WARNING - Agent marked as inactive: network_agent (instance: network_agent_1765866667)
2025-12-16 14:42:02,845 - mcp_server - WARNING - Agent marked as inactive: app_agent (instance: app_agent_1765866668)
2025-12-16 14:42:02,845 - mcp_server - WARNING - Agent marked as inactive: monitor_agent (instance: monitor_agent_1765866669)
2025-12-16 14:42:02,845 - mcp_server - WARNING - Agent marked as inactive: media_agent (instance: media_agent_1765866670)
2025-12-16 14:42:05,849 - mcp_server - WARNING - Agent marked as inactive: file_agent (instance: file_agent_1765866665)
2025-12-16 14:42:05,849 - mcp_server - WARNING - Agent marked as inactive: settings_agent (instance: settings_agent_1765866666)
2025-12-16 14:42:05,849 - mcp_server - WARNING - Agent marked as inactive: network_agent (instance: network_agent_1765866667)
2025-12-16 14:42:05,849 - mcp_server - WARNING - Agent marked as inactive: app_agent (instance: app_agent_1765866668)
2025-12-16 14:42:05,849 - mcp_server - WARNING - Agent marked as inactive: monitor_agent (instance: monitor_agent_1765866669)
2025-12-16 14:42:05,849 - mcp_server - WARNING - Agent marked as inactive: media_agent (instance: media_agent_1765866670)
2025-12-16 14:42:08,853 - mcp_server - WARNING - Agent marked as inactive: file_agent (instance: file_agent_1765866665)
2025-12-16 14:42:08,853 - mcp_server - WARNING - Agent marked as inactive: settings_agent (instance: settings_agent_1765866666)
2025-12-16 14:42:08,853 - mcp_server - WARNING - Agent marked as inactive: network_agent (instance: network_agent_1765866667)
2025-12-16 14:42:08,853 - mcp_server - WARNING - Agent marked as inactive: app_agent (instance: app_agent_1765866668)
2025-12-16 14:42:08,853 - mcp_server - WARNING - Agent marked as inactive: monitor_agent (instance: monitor_agent_1765866669)
2025-12-16 14:42:08,853 - mcp_server - WARNING - Agent marked as inactive: media_agent (instance: media_agent_1765866670)
2025-12-16 14:42:11,857 - mcp_server - WARNING - Agent marked as inactive: file_agent (instance: file_agent_1765866665)
2025-12-16 14:42:11,857 - mcp_server - WARNING - Agent marked as inactive: settings_agent (instance: settings_agent_1765866666)
2025-12-16 14:42:11,857 - mcp_server - WARNING - Agent marked as inactive: network_agent (instance: network_agent_1765866667)
2025-12-16 14:42:11,857 - mcp_server - WARNING - Agent marked as inactive: app_agent (instance: app_agent_1765866668)
2025-12-16 14:42:11,857 - mcp_server - WARNING - Agent marked as inactive: monitor_agent (instance: monitor_agent_1765866669)
2025-12-16 14:42:11,857 - mcp_server - WARNING - Agent marked as inactive: media_agent (instance: media_agent_1765866670)
2025-12-16 14:42:14,860 - mcp_server - WARNING - Agent marked as inactive: file_agent (instance: file_agent_1765866665)
2025-12-16 14:42:14,861 - mcp_server - WARNING - Agent marked as inactive: settings_agent (instance: settings_agent_1765866666)
2025-12-16 14:42:14,861 - mcp_server - WARNING - Agent marked as inactive: network_agent (instance: network_agent_1765866667)
2025-12-16 14:42:14,861 - mcp_server - WARNING - Agent marked as inactive: app_agent (instance: app_agent_1765866668)
2025-12-16 14:42:14,861 - mcp_server - WARNING - Agent marked as inactive: monitor_agent (instance: monitor_agent_1765866669)
2025-12-16 14:42:14,861 - mcp_server - WARNING - Agent marked as inactive: media_agent (instance: media_agent_1765866670)
2025-12-16 14:42:17,864 - mcp_server - WARNING - Agent marked as inactive: file_agent (instance: file_agent_1765866665)
2025-12-16 14:42:17,865 - mcp_server - WARNING - Agent marked as inactive: settings_agent (instance: settings_agent_1765866666)
2025-12-16 14:42:17,865 - mcp_server - WARNING - Agent marked as inactive: network_agent (instance: network_agent_1765866667)
2025-12-16 14:42:17,865 - mcp_server - WARNING - Agent marked as inactive: app_agent (instance: app_agent_1765866668)
2025-12-16 14:42:17,865 - mcp_server - WARNING - Agent marked as inactive: monitor_agent (instance: monitor_agent_1765866669)
2025-12-16 14:42:17,865 - mcp_server - WARNING - Agent marked as inactive: media_agent (instance: media_agent_1765866670)
2025-12-16 14:42:20,868 - mcp_server - WARNING - Agent marked as inactive: file_agent (instance: file_agent_1765866665)
2025-12-16 14:42:20,869 - mcp_server - WARNING - Agent marked as inactive: settings_agent (instance: settings_agent_1765866666)
2025-12-16 14:42:20,869 - mcp_server - WARNING - Agent marked as inactive: network_agent (instance: network_agent_1765866667)
2025-12-16 14:42:20,869 - mcp_server - WARNING - Agent marked as inactive: app_agent (instance: app_agent_1765866668)
2025-12-16 14:42:20,869 - mcp_server - WARNING - Agent marked as inactive: monitor_agent (instance: monitor_agent_1765866669)
2025-12-16 14:42:20,869 - mcp_server - WARNING - Agent marked as inactive: media_agent (instance: media_agent_1765866670)
2025-12-16 14:42:23,872 - mcp_server - WARNING - Agent marked as inactive: file_agent (instance: file_agent_1765866665)
2025-12-16 14:42:23,873 - mcp_server - WARNING - Agent marked as inactive: settings_agent (instance: settings_agent_1765866666)
2025-12-16 14:42:23,873 - mcp_server - WARNING - Agent marked as inactive: network_agent (instance: network_agent_1765866667)
2025-12-16 14:42:23,873 - mcp_server - WARNING - Agent marked as inactive: app_agent (instance: app_agent_1765866668)
2025-12-16 14:42:23,873 - mcp_server - WARNING - Agent marked as inactive: monitor_agent (instance: monitor_agent_1765866669)
2025-12-16 14:42:23,873 - mcp_server - WARNING - Agent marked as inactive: media_agent (instance: media_agent_1765866670)
2025-12-16 14:42:26,876 - mcp_server - WARNING - Agent marked as inactive: file_agent (instance: file_agent_1765866665)
2025-12-16 14:42:26,877 - mcp_server - WARNING - Agent marked as inactive: settings_agent (instance: settings_agent_1765866666)
2025-12-16 14:42:26,877 - mcp_server - WARNING - Agent marked as inactive: network_agent (instance: network_agent_1765866667)
2025-12-16 14:42:26,877 - mcp_server - WARNING - Agent marked as inactive: app_agent (instance: app_agent_1765866668)
2025-12-16 14:42:26,877 - mcp_server - WARNING - Agent marked as inactive: monitor_agent (instance: monitor_agent_1765866669)
2025-12-16 14:42:26,877 - mcp_server - WARNING - Agent marked as inactive: media_agent (instance: media_agent_1765866670)
2025-12-16 14:42:29,880 - mcp_server - WARNING - Agent marked as inactive: file_agent (instance: file_agent_1765866665)
2025-12-16 14:42:29,881 - mcp_server - WARNING - Agent marked as inactive: settings_agent (instance: settings_agent_1765866666)
2025-12-16 14:42:29,881 - mcp_server - WARNING - Agent marked as inactive: network_agent (instance: network_agent_1765866667)
2025-12-16 14:42:29,881 - mcp_server - WARNING - Agent marked as inactive: app_agent (instance: app_agent_1765866668)
2025-12-16 14:42:29,881 - mcp_server - WARNING - Agent marked as inactive: monitor_agent (instance: monitor_agent_1765866669)
2025-12-16 14:42:29,881 - mcp_server - WARNING - Agent marked as inactive: media_agent (instance: media_agent_1765866670)
2025-12-16 14:42:32,885 - mcp_server - WARNING - Agent marked as inactive: file_agent (instance: file_agent_1765866665)
2025-12-16 14:42:32,885 - mcp_server - WARNING - Agent marked as inactive: settings_agent (instance: settings_agent_1765866666)
2025-12-16 14:42:32,885 - mcp_server - WARNING - Agent marked as inactive: network_agent (instance: network_agent_1765866667)
2025-12-16 14:42:32,885 - mcp_server - WARNING - Agent marked as inactive: app_agent (instance: app_agent_1765866668)
2025-12-16 14:42:32,885 - mcp_server - WARNING - Agent marked as inactive: monitor_agent (instance: monitor_agent_1765866669)
2025-12-16 14:42:32,885 - mcp_server - WARNING - Agent marked as inactive: media_agent (instance: media_agent_1765866670)
2025-12-16 14:42:35,889 - mcp_server - WARNING - Agent marked as inactive: file_agent (instance: file_agent_1765866665)
2025-12-16 14:42:35,889 - mcp_server - WARNING - Agent marked as inactive: settings_agent (instance: settings_agent_1765866666)
2025-12-16 14:42:35,889 - mcp_server - WARNING - Agent marked as inactive: network_agent (instance: network_agent_1765866667)
2025-12-16 14:42:35,889 - mcp_server - WARNING - Agent marked as inactive: app_agent (instance: app_agent_1765866668)
2025-12-16 14:42:35,889 - mcp_server - WARNING - Agent marked as inactive: monitor_agent (instance: monitor_agent_1765866669)
2025-12-16 14:42:35,889 - mcp_server - WARNING - Agent marked as inactive: media_agent (instance: media_agent_1765866670)
2025-12-16 14:42:38,893 - mcp_server - WARNING - Agent marked as inactive: file_agent (instance: file_agent_1765866665)
2025-12-16 14:42:38,893 - mcp_server - WARNING - Agent marked as inactive: settings_agent (instance: settings_agent_1765866666)
2025-12-16 14:42:38,893 - mcp_server - WARNING - Agent marked as inactive: network_agent (instance: network_agent_1765866667)
2025-12-16 14:42:38,893 - mcp_server - WARNING - Agent marked as inactive: app_agent (instance: app_agent_1765866668)
2025-12-16 14:42:38,893 - mcp_server - WARNING - Agent marked as inactive: monitor_agent (instance: monitor_agent_1765866669)
2025-12-16 14:42:38,893 - mcp_server - WARNING - Agent marked as inactive: media_agent (instance: media_agent_1765866670)
2025-12-16 14:42:41,897 - mcp_server - WARNING - Agent marked as inactive: file_agent (instance: file_agent_1765866665)
2025-12-16 14:42:41,897 - mcp_server - WARNING - Agent marked as inactive: settings_agent (instance: settings_agent_1765866666)
2025-12-16 14:42:41,897 - mcp_server - WARNING - Agent marked as inactive: network_agent (instance: network_agent_1765866667)
2025-12-16 14:42:41,897 - mcp_server - WARNING - Agent marked as inactive: app_agent (instance: app_agent_1765866668)
2025-12-16 14:42:41,898 - mcp_server - WARNING - Agent marked as inactive: monitor_agent (instance: monitor_agent_1765866669)
2025-12-16 14:42:41,898 - mcp_server - WARNING - Agent marked as inactive: media_agent (instance: media_agent_1765866670)
2025-12-16 14:42:44,901 - mcp_server - WARNING - Agent marked as inactive: file_agent (instance: file_agent_1765866665)
2025-12-16 14:42:44,901 - mcp_server - WARNING - Agent marked as inactive: settings_agent (instance: settings_agent_1765866666)
2025-12-16 14:42:44,901 - mcp_server - WARNING - Agent marked as inactive: network_agent (instance: network_agent_1765866667)
2025-12-16 14:42:44,901 - mcp_server - WARNING - Agent marked as inactive: app_agent (instance: app_agent_1765866668)
2025-12-16 14:42:44,902 - mcp_server - WARNING - Agent marked as inactive: monitor_agent (instance: monitor_agent_1765866669)
2025-12-16 14:42:44,902 - mcp_server - WARNING - Agent marked as inactive: media_agent (instance: media_agent_1765866670)
2025-12-16 14:42:47,905 - mcp_server - WARNING - Agent marked as inactive: file_agent (instance: file_agent_1765866665)
2025-12-16 14:42:47,905 - mcp_server - WARNING - Agent marked as inactive: settings_agent (instance: settings_agent_1765866666)
2025-12-16 14:42:47,905 - mcp_server - WARNING - Agent marked as inactive: network_agent (instance: network_agent_1765866667)
2025-12-16 14:42:47,906 - mcp_server - WARNING - Agent marked as inactive: app_agent (instance: app_agent_1765866668)
2025-12-16 14:42:47,906 - mcp_server - WARNING - Agent marked as inactive: monitor_agent (instance: monitor_agent_1765866669)
2025-12-16 14:42:47,906 - mcp_server - WARNING - Agent marked as inactive: media_agent (instance: media_agent_1765866670)
2025-12-16 14:42:50,909 - mcp_server - WARNING - Agent marked as inactive: file_agent (instance: file_agent_1765866665)
2025-12-16 14:42:50,909 - mcp_server - WARNING - Agent marked as inactive: settings_agent (instance: settings_agent_1765866666)
2025-12-16 14:42:50,909 - mcp_server - WARNING - Agent marked as inactive: network_agent (instance: network_agent_1765866667)
2025-12-16 14:42:50,909 - mcp_server - WARNING - Agent marked as inactive: app_agent (instance: app_agent_1765866668)
2025-12-16 14:42:50,909 - mcp_server - WARNING - Agent marked as inactive: monitor_agent (instance: monitor_agent_1765866669)
2025-12-16 14:42:50,910 - mcp_server - WARNING - Agent marked as inactive: media_agent (instance: media_agent_1765866670)
2025-12-16 14:42:53,913 - mcp_server - WARNING - Agent marked as inactive: file_agent (instance: file_agent_1765866665)
2025-12-16 14:42:53,913 - mcp_server - WARNING - Agent marked as inactive: settings_agent (instance: settings_agent_1765866666)
2025-12-16 14:42:53,913 - mcp_server - WARNING - Agent marked as inactive: network_agent (instance: network_agent_1765866667)
2025-12-16 14:42:53,913 - mcp_server - WARNING - Agent marked as inactive: app_agent (instance: app_agent_1765866668)
2025-12-16 14:42:53,914 - mcp_server - WARNING - Agent marked as inactive: monitor_agent (instance: monitor_agent_1765866669)
2025-12-16 14:42:53,914 - mcp_server - WARNING - Agent marked as inactive: media_agent (instance: media_agent_1765866670)
2025-12-16 14:42:56,917 - mcp_server - WARNING - Agent marked as inactive: file_agent (instance: file_agent_1765866665)
2025-12-16 14:42:56,917 - mcp_server - WARNING - Agent marked as inactive: settings_agent (instance: settings_agent_1765866666)
2025-12-16 14:42:56,917 - mcp_server - WARNING - Agent marked as inactive: network_agent (instance: network_agent_1765866667)
2025-12-16 14:42:56,917 - mcp_server - WARNING - Agent marked as inactive: app_agent (instance: app_agent_1765866668)
2025-12-16 14:42:56,917 - mcp_server - WARNING - Agent marked as inactive: monitor_agent (instance: monitor_agent_1765866669)
2025-12-16 14:42:56,917 - mcp_server - WARNING - Agent marked as inactive: media_agent (instance: media_agent_1765866670)
2025-12-16 14:42:59,920 - mcp_server - WARNING - Agent marked as inactive: file_agent (instance: file_agent_1765866665)
2025-12-16 14:42:59,921 - mcp_server - WARNING - Agent marked as inactive: settings_agent (instance: settings_agent_1765866666)
2025-12-16 14:42:59,921 - mcp_server - WARNING - Agent marked as inactive: network_agent (instance: network_agent_1765866667)
2025-12-16 14:42:59,921 - mcp_server - WARNING - Agent marked as inactive: app_agent (instance: app_agent_1765866668)
2025-12-16 14:42:59,921 - mcp_server - WARNING - Agent marked as inactive: monitor_agent (instance: monitor_agent_1765866669)
2025-12-16 14:42:59,921 - mcp_server - WARNING - Agent marked as inactive: media_agent (instance: media_agent_1765866670)
2025-12-16 14:43:02,925 - mcp_server - WARNING - Agent marked as inactive: file_agent (instance: file_agent_1765866665)
2025-12-16 14:43:02,925 - mcp_server - WARNING - Agent marked as inactive: settings_agent (instance: settings_agent_1765866666)
2025-12-16 14:43:02,925 - mcp_server - WARNING - Agent marked as inactive: network_agent (instance: network_agent_1765866667)
2025-12-16 14:43:02,925 - mcp_server - WARNING - Agent marked as inactive: app_agent (instance: app_agent_1765866668)
2025-12-16 14:43:02,925 - mcp_server - WARNING - Agent marked as inactive: monitor_agent (instance: monitor_agent_1765866669)
2025-12-16 14:43:02,925 - mcp_server - WARNING - Agent marked as inactive: media_agent (instance: media_agent_1765866670)
2025-12-16 14:43:05,929 - mcp_server - WARNING - Agent marked as inactive: file_agent (instance: file_agent_1765866665)
2025-12-16 14:43:05,929 - mcp_server - WARNING - Agent marked as inactive: settings_agent (instance: settings_agent_1765866666)
2025-12-16 14:43:05,929 - mcp_server - WARNING - Agent marked as inactive: network_agent (instance: network_agent_1765866667)
2025-12-16 14:43:05,929 - mcp_server - WARNING - Agent marked as inactive: app_agent (instance: app_agent_1765866668)
2025-12-16 14:43:05,929 - mcp_server - WARNING - Agent marked as inactive: monitor_agent (instance: monitor_agent_1765866669)
2025-12-16 14:43:05,929 - mcp_server - WARNING - Agent marked as inactive: media_agent (instance: media_agent_1765866670)
2025-12-16 14:43:08,933 - mcp_server - WARNING - Agent marked as inactive: file_agent (instance: file_agent_1765866665)
2025-12-16 14:43:08,933 - mcp_server - WARNING - Agent marked as inactive: settings_agent (instance: settings_agent_1765866666)
2025-12-16 14:43:08,933 - mcp_server - WARNING - Agent marked as inactive: network_agent (instance: network_agent_1765866667)
2025-12-16 14:43:08,933 - mcp_server - WARNING - Agent marked as inactive: app_agent (instance: app_agent_1765866668)
2025-12-16 14:43:08,933 - mcp_server - WARNING - Agent marked as inactive: monitor_agent (instance: monitor_agent_1765866669)
2025-12-16 14:43:08,934 - mcp_server - WARNING - Agent marked as inactive: media_agent (instance: media_agent_1765866670)
2025-12-16 14:43:11,937 - mcp_server - WARNING - Agent marked as inactive: file_agent (instance: file_agent_1765866665)
2025-12-16 14:43:11,937 - mcp_server - WARNING - Agent marked as inactive: settings_agent (instance: settings_agent_1765866666)
2025-12-16 14:43:11,937 - mcp_server - WARNING - Agent marked as inactive: network_agent (instance: network_agent_1765866667)
2025-12-16 14:43:11,937 - mcp_server - WARNING - Agent marked as inactive: app_agent (instance: app_agent_1765866668)
2025-12-16 14:43:11,937 - mcp_server - WARNING - Agent marked as inactive: monitor_agent (instance: monitor_agent_1765866669)
2025-12-16 14:43:11,938 - mcp_server - WARNING - Agent marked as inactive: media_agent (instance: media_agent_1765866670)
2025-12-16 14:43:14,941 - mcp_server - WARNING - Agent marked as inactive: file_agent (instance: file_agent_1765866665)
2025-12-16 14:43:14,941 - mcp_server - WARNING - Agent marked as inactive: settings_agent (instance: settings_agent_1765866666)
2025-12-16 14:43:14,941 - mcp_server - WARNING - Agent marked as inactive: network_agent (instance: network_agent_1765866667)
2025-12-16 14:43:14,941 - mcp_server - WARNING - Agent marked as inactive: app_agent (instance: app_agent_1765866668)
2025-12-16 14:43:14,941 - mcp_server - WARNING - Agent marked as inactive: monitor_agent (instance: monitor_agent_1765866669)
2025-12-16 14:43:14,941 - mcp_server - WARNING - Agent marked as inactive: media_agent (instance: media_agent_1765866670)
2025-12-16 14:43:17,945 - mcp_server - WARNING - Agent marked as inactive: file_agent (instance: file_agent_1765866665)
2025-12-16 14:43:17,945 - mcp_server - WARNING - Agent marked as inactive: settings_agent (instance: settings_agent_1765866666)
2025-12-16 14:43:17,945 - mcp_server - WARNING - Agent marked as inactive: network_agent (instance: network_agent_1765866667)
2025-12-16 14:43:17,945 - mcp_server - WARNING - Agent marked as inactive: app_agent (instance: app_agent_1765866668)
2025-12-16 14:43:17,945 - mcp_server - WARNING - Agent marked as inactive: monitor_agent (instance: monitor_agent_1765866669)
2025-12-16 14:43:17,945 - mcp_server - WARNING - Agent marked as inactive: media_agent (instance: media_agent_1765866670)
2025-12-16 14:43:20,949 - mcp_server - WARNING - Agent marked as inactive: file_agent (instance: file_agent_1765866665)
2025-12-16 14:43:20,949 - mcp_server - WARNING - Agent marked as inactive: settings_agent (instance: settings_agent_1765866666)
2025-12-16 14:43:20,949 - mcp_server - WARNING - Agent marked as inactive: network_agent (instance: network_agent_1765866667)
2025-12-16 14:43:20,949 - mcp_server - WARNING - Agent marked as inactive: app_agent (instance: app_agent_1765866668)
2025-12-16 14:43:20,949 - mcp_server - WARNING - Agent marked as inactive: monitor_agent (instance: monitor_agent_1765866669)
2025-12-16 14:43:20,950 - mcp_server - WARNING - Agent marked as inactive: media_agent (instance: media_agent_1765866670)
2025-12-16 14:43:23,953 - mcp_server - WARNING - Agent marked as inactive: file_agent (instance: file_agent_1765866665)
2025-12-16 14:43:23,953 - mcp_server - WARNING - Agent marked as inactive: settings_agent (instance: settings_agent_1765866666)
2025-12-16 14:43:23,953 - mcp_server - WARNING - Agent marked as inactive: network_agent (instance: network_agent_1765866667)
2025-12-16 14:43:23,953 - mcp_server - WARNING - Agent marked as inactive: app_agent (instance: app_agent_1765866668)
2025-12-16 14:43:23,954 - mcp_server - WARNING - Agent marked as inactive: monitor_agent (instance: monitor_agent_1765866669)
2025-12-16 14:43:23,954 - mcp_server - WARNING - Agent marked as inactive: media_agent (instance: media_agent_1765866670)
2025-12-16 14:43:26,957 - mcp_server - WARNING - Agent marked as inactive: file_agent (instance: file_agent_1765866665)
2025-12-16 14:43:26,957 - mcp_server - WARNING - Agent marked as inactive: settings_agent (instance: settings_agent_1765866666)
2025-12-16 14:43:26,957 - mcp_server - WARNING - Agent marked as inactive: network_agent (instance: network_agent_1765866667)
2025-12-16 14:43:26,957 - mcp_server - WARNING - Agent marked as inactive: app_agent (instance: app_agent_1765866668)
2025-12-16 14:43:26,957 - mcp_server - WARNING - Agent marked as inactive: monitor_agent (instance: monitor_agent_1765866669)
2025-12-16 14:43:26,957 - mcp_server - WARNING - Agent marked as inactive: media_agent (instance: media_agent_1765866670)
2025-12-16 14:43:29,961 - mcp_server - WARNING - Agent marked as inactive: file_agent (instance: file_agent_1765866665)
2025-12-16 14:43:29,961 - mcp_server - WARNING - Agent marked as inactive: settings_agent (instance: settings_agent_1765866666)
2025-12-16 14:43:29,961 - mcp_server - WARNING - Agent marked as inactive: network_agent (instance: network_agent_1765866667)
2025-12-16 14:43:29,961 - mcp_server - WARNING - Agent marked as inactive: app_agent (instance: app_agent_1765866668)
2025-12-16 14:43:29,961 - mcp_server - WARNING - Agent marked as inactive: monitor_agent (instance: monitor_agent_1765866669)
2025-12-16 14:43:29,961 - mcp_server - WARNING - Agent marked as inactive: media_agent (instance: media_agent_1765866670)
2025-12-16 14:43:32,965 - mcp_server - WARNING - Agent marked as inactive: file_agent (instance: file_agent_1765866665)
2025-12-16 14:43:32,965 - mcp_server - WARNING - Agent marked as inactive: settings_agent (instance: settings_agent_1765866666)
2025-12-16 14:43:32,965 - mcp_server - WARNING - Agent marked as inactive: network_agent (instance: network_agent_1765866667)
2025-12-16 14:43:32,965 - mcp_server - WARNING - Agent marked as inactive: app_agent (instance: app_agent_1765866668)
2025-12-16 14:43:32,965 - mcp_server - WARNING - Agent marked as inactive: monitor_agent (instance: monitor_agent_1765866669)
2025-12-16 14:43:32,965 - mcp_server - WARNING - Agent marked as inactive: media_agent (instance: media_agent_1765866670)
2025-12-16 14:43:35,968 - mcp_server - WARNING - Agent marked as inactive: file_agent (instance: file_agent_1765866665)
2025-12-16 14:43:35,968 - mcp_server - WARNING - Agent marked as inactive: settings_agent (instance: settings_agent_1765866666)
2025-12-16 14:43:35,969 - mcp_server - WARNING - Agent marked as inactive: network_agent (instance: network_agent_1765866667)
2025-12-16 14:43:35,969 - mcp_server - WARNING - Agent marked as inactive: app_agent (instance: app_agent_1765866668)
2025-12-16 14:43:35,969 - mcp_server - WARNING - Agent marked as inactive: monitor_agent (instance: monitor_agent_1765866669)
2025-12-16 14:43:35,969 - mcp_server - WARNING - Agent marked as inactive: media_agent (instance: media_agent_1765866670)
2025-12-16 14:43:38,972 - mcp_server - WARNING - Agent marked as inactive: file_agent (instance: file_agent_1765866665)
2025-12-16 14:43:38,972 - mcp_server - WARNING - Agent marked as inactive: settings_agent (instance: settings_agent_1765866666)
2025-12-16 14:43:38,973 - mcp_server - WARNING - Agent marked as inactive: network_agent (instance: network_agent_1765866667)
2025-12-16 14:43:38,973 - mcp_server - WARNING - Agent marked as inactive: app_agent (instance: app_agent_1765866668)
2025-12-16 14:43:38,973 - mcp_server - WARNING - Agent marked as inactive: monitor_agent (instance: monitor_agent_1765866669)
2025-12-16 14:43:38,973 - mcp_server - WARNING - Agent marked as inactive: media_agent (instance: media_agent_1765866670)
2025-12-16 14:43:41,976 - mcp_server - WARNING - Agent marked as inactive: file_agent (instance: file_agent_1765866665)
2025-12-16 14:43:41,977 - mcp_server - WARNING - Agent marked as inactive: settings_agent (instance: settings_agent_1765866666)
2025-12-16 14:43:41,977 - mcp_server - WARNING - Agent marked as inactive: network_agent (instance: network_agent_1765866667)
2025-12-16 14:43:41,977 - mcp_server - WARNING - Agent marked as inactive: app_agent (instance: app_agent_1765866668)
2025-12-16 14:43:41,977 - mcp_server - WARNING - Agent marked as inactive: monitor_agent (instance: monitor_agent_1765866669)
2025-12-16 14:43:41,977 - mcp_server - WARNING - Agent marked as inactive: media_agent (instance: media_agent_1765866670)
2025-12-16 14:43:44,980 - mcp_server - WARNING - Agent marked as inactive: file_agent (instance: file_agent_1765866665)
2025-12-16 14:43:44,981 - mcp_server - WARNING - Agent marked as inactive: settings_agent (instance: settings_agent_1765866666)
2025-12-16 14:43:44,981 - mcp_server - WARNING - Agent marked as inactive: network_agent (instance: network_agent_1765866667)
2025-12-16 14:43:44,981 - mcp_server - WARNING - Agent marked as inactive: app_agent (instance: app_agent_1765866668)
2025-12-16 14:43:44,981 - mcp_server - WARNING - Agent marked as inactive: monitor_agent (instance: monitor_agent_1765866669)
2025-12-16 14:43:44,981 - mcp_server - WARNING - Agent marked as inactive: media_agent (instance: media_agent_1765866670)
2025-12-16 14:43:47,984 - mcp_server - WARNING - Agent marked as inactive: file_agent (instance: file_agent_1765866665)
2025-12-16 14:43:47,985 - mcp_server - WARNING - Agent marked as inactive: settings_agent (instance: settings_agent_1765866666)
2025-12-16 14:43:47,985 - mcp_server - WARNING - Agent marked as inactive: network_agent (instance: network_agent_1765866667)
2025-12-16 14:43:47,985 - mcp_server - WARNING - Agent marked as inactive: app_agent (instance: app_agent_1765866668)
2025-12-16 14:43:47,985 - mcp_server - WARNING - Agent marked as inactive: monitor_agent (instance: monitor_agent_1765866669)
2025-12-16 14:43:47,985 - mcp_server - WARNING - Agent marked as inactive: media_agent (instance: media_agent_1765866670)
2025-12-16 14:43:50,988 - mcp_server - WARNING - Agent marked as inactive: file_agent (instance: file_agent_1765866665)
2025-12-16 14:43:50,989 - mcp_server - WARNING - Agent marked as inactive: settings_agent (instance: settings_agent_1765866666)
2025-12-16 14:43:50,989 - mcp_server - WARNING - Agent marked as inactive: network_agent (instance: network_agent_1765866667)
2025-12-16 14:43:50,989 - mcp_server - WARNING - Agent marked as inactive: app_agent (instance: app_agent_1765866668)
2025-12-16 14:43:50,989 - mcp_server - WARNING - Agent marked as inactive: monitor_agent (instance: monitor_agent_1765866669)
2025-12-16 14:43:50,989 - mcp_server - WARNING - Agent marked as inactive: media_agent (instance: media_agent_1765866670)
2025-12-16 14:43:53,992 - mcp_server - WARNING - Agent marked as inactive: file_agent (instance: file_agent_1765866665)
2025-12-16 14:43:53,992 - mcp_server - WARNING - Agent marked as inactive: settings_agent (instance: settings_agent_1765866666)
2025-12-16 14:43:53,992 - mcp_server - WARNING - Agent marked as inactive: network_agent (instance: network_agent_1765866667)
2025-12-16 14:43:53,992 - mcp_server - WARNING - Agent marked as inactive: app_agent (instance: app_agent_1765866668)
2025-12-16 14:43:53,992 - mcp_server - WARNING - Agent marked as inactive: monitor_agent (instance: monitor_agent_1765866669)
2025-12-16 14:43:53,992 - mcp_server - WARNING - Agent marked as inactive: media_agent (instance: media_agent_1765866670)
2025-12-16 14:43:56,995 - mcp_server - WARNING - Agent marked as inactive: file_agent (instance: file_agent_1765866665)
2025-12-16 14:43:56,996 - mcp_server - WARNING - Agent marked as inactive: settings_agent (instance: settings_agent_1765866666)
2025-12-16 14:43:56,996 - mcp_server - WARNING - Agent marked as inactive: network_agent (instance: network_agent_1765866667)
2025-12-16 14:43:56,996 - mcp_server - WARNING - Agent marked as inactive: app_agent (instance: app_agent_1765866668)
2025-12-16 14:43:56,996 - mcp_server - WARNING - Agent marked as inactive: monitor_agent (instance: monitor_agent_1765866669)
2025-12-16 14:43:56,996 - mcp_server - WARNING - Agent marked as inactive: media_agent (instance: media_agent_1765866670)
2025-12-16 14:44:00,000 - mcp_server - WARNING - Agent marked as inactive: file_agent (instance: file_agent_1765866665)
2025-12-16 14:44:00,000 - mcp_server - WARNING - Agent marked as inactive: settings_agent (instance: settings_agent_1765866666)
2025-12-16 14:44:00,000 - mcp_server - WARNING - Agent marked as inactive: network_agent (instance: network_agent_1765866667)
2025-12-16 14:44:00,000 - mcp_server - WARNING - Agent marked as inactive: app_agent (instance: app_agent_1765866668)
2025-12-16 14:44:00,000 - mcp_server - WARNING - Agent marked as inactive: monitor_agent (instance: monitor_agent_1765866669)
2025-12-16 14:44:00,000 - mcp_server - WARNING - Agent marked as inactive: media_agent (instance: media_agent_1765866670)
2025-12-16 14:44:03,004 - mcp_server - WARNING - Agent marked as inactive: file_agent (instance: file_agent_1765866665)
2025-12-16 14:44:03,004 - mcp_server - WARNING - Agent marked as inactive: settings_agent (instance: settings_agent_1765866666)
2025-12-16 14:44:03,004 - mcp_server - WARNING - Agent marked as inactive: network_agent (instance: network_agent_1765866667)
2025-12-16 14:44:03,004 - mcp_server - WARNING - Agent marked as inactive: app_agent (instance: app_agent_1765866668)
2025-12-16 14:44:03,004 - mcp_server - WARNING - Agent marked as inactive: monitor_agent (instance: monitor_agent_1765866669)
2025-12-16 14:44:03,005 - mcp_server - WARNING - Agent marked as inactive: media_agent (instance: media_agent_1765866670)
2025-12-16 14:44:06,008 - mcp_server - WARNING - Agent marked as inactive: file_agent (instance: file_agent_1765866665)
2025-12-16 14:44:06,008 - mcp_server - WARNING - Agent marked as inactive: settings_agent (instance: settings_agent_1765866666)
2025-12-16 14:44:06,008 - mcp_server - WARNING - Agent marked as inactive: network_agent (instance: network_agent_1765866667)
2025-12-16 14:44:06,009 - mcp_server - WARNING - Agent marked as inactive: app_agent (instance: app_agent_1765866668)
2025-12-16 14:44:06,009 - mcp_server - WARNING - Agent marked as inactive: monitor_agent (instance: monitor_agent_1765866669)
2025-12-16 14:44:06,009 - mcp_server - WARNING - Agent marked as inactive: media_agent (instance: media_agent_1765866670)
2025-12-16 14:44:09,012 - mcp_server - WARNING - Agent marked as inactive: file_agent (instance: file_agent_1765866665)
2025-12-16 14:44:09,013 - mcp_server - WARNING - Agent marked as inactive: settings_agent (instance: settings_agent_1765866666)
2025-12-16 14:44:09,013 - mcp_server - WARNING - Agent marked as inactive: network_agent (instance: network_agent_1765866667)
2025-12-16 14:44:09,013 - mcp_server - WARNING - Agent marked as inactive: app_agent (instance: app_agent_1765866668)
2025-12-16 14:44:09,013 - mcp_server - WARNING - Agent marked as inactive: monitor_agent (instance: monitor_agent_1765866669)
2025-12-16 14:44:09,013 - mcp_server - WARNING - Agent marked as inactive: media_agent (instance: media_agent_1765866670)
2025-12-16 14:44:12,016 - mcp_server - WARNING - Agent marked as inactive: file_agent (instance: file_agent_1765866665)
2025-12-16 14:44:12,017 - mcp_server - WARNING - Agent marked as inactive: settings_agent (instance: settings_agent_1765866666)
2025-12-16 14:44:12,017 - mcp_server - WARNING - Agent marked as inactive: network_agent (instance: network_agent_1765866667)
2025-12-16 14:44:12,017 - mcp_server - WARNING - Agent marked as inactive: app_agent (instance: app_agent_1765866668)
2025-12-16 14:44:12,017 - mcp_server - WARNING - Agent marked as inactive: monitor_agent (instance: monitor_agent_1765866669)
2025-12-16 14:44:12,017 - mcp_server - WARNING - Agent marked as inactive: media_agent (instance: media_agent_1765866670)
2025-12-16 14:44:15,020 - mcp_server - WARNING - Agent marked as inactive: file_agent (instance: file_agent_1765866665)
2025-12-16 14:44:15,021 - mcp_server - WARNING - Agent marked as inactive: settings_agent (instance: settings_agent_1765866666)
2025-12-16 14:44:15,021 - mcp_server - WARNING - Agent marked as inactive: network_agent (instance: network_agent_1765866667)
2025-12-16 14:44:15,021 - mcp_server - WARNING - Agent marked as inactive: app_agent (instance: app_agent_1765866668)
2025-12-16 14:44:15,021 - mcp_server - WARNING - Agent marked as inactive: monitor_agent (instance: monitor_agent_1765866669)
2025-12-16 14:44:15,021 - mcp_server - WARNING - Agent marked as inactive: media_agent (instance: media_agent_1765866670)
2025-12-16 14:44:18,024 - mcp_server - WARNING - Agent marked as inactive: file_agent (instance: file_agent_1765866665)
2025-12-16 14:44:18,025 - mcp_server - WARNING - Agent marked as inactive: settings_agent (instance: settings_agent_1765866666)
2025-12-16 14:44:18,025 - mcp_server - WARNING - Agent marked as inactive: network_agent (instance: network_agent_1765866667)
2025-12-16 14:44:18,025 - mcp_server - WARNING - Agent marked as inactive: app_agent (instance: app_agent_1765866668)
2025-12-16 14:44:18,025 - mcp_server - WARNING - Agent marked as inactive: monitor_agent (instance: monitor_agent_1765866669)
2025-12-16 14:44:18,025 - mcp_server - WARNING - Agent marked as inactive: media_agent (instance: media_agent_1765866670)
2025-12-16 14:44:21,028 - mcp_server - WARNING - Agent marked as inactive: file_agent (instance: file_agent_1765866665)
2025-12-16 14:44:21,028 - mcp_server - WARNING - Agent marked as inactive: settings_agent (instance: settings_agent_1765866666)
2025-12-16 14:44:21,029 - mcp_server - WARNING - Agent marked as inactive: network_agent (instance: network_agent_1765866667)
2025-12-16 14:44:21,029 - mcp_server - WARNING - Agent marked as inactive: app_agent (instance: app_agent_1765866668)
2025-12-16 14:44:21,029 - mcp_server - WARNING - Agent marked as inactive: monitor_agent (instance: monitor_agent_1765866669)
2025-12-16 14:44:21,029 - mcp_server - WARNING - Agent marked as inactive: media_agent (instance: media_agent_1765866670)
2025-12-16 14:44:24,032 - mcp_server - WARNING - Agent marked as inactive: file_agent (instance: file_agent_1765866665)
2025-12-16 14:44:24,032 - mcp_server - WARNING - Agent marked as inactive: settings_agent (instance: settings_agent_1765866666)
2025-12-16 14:44:24,033 - mcp_server - WARNING - Agent marked as inactive: network_agent (instance: network_agent_1765866667)
2025-12-16 14:44:24,033 - mcp_server - WARNING - Agent marked as inactive: app_agent (instance: app_agent_1765866668)
2025-12-16 14:44:24,033 - mcp_server - WARNING - Agent marked as inactive: monitor_agent (instance: monitor_agent_1765866669)
2025-12-16 14:44:24,033 - mcp_server - WARNING - Agent marked as inactive: media_agent (instance: media_agent_1765866670)
2025-12-16 14:44:27,036 - mcp_server - WARNING - Agent marked as inactive: file_agent (instance: file_agent_1765866665)
2025-12-16 14:44:27,036 - mcp_server - WARNING - Agent marked as inactive: settings_agent (instance: settings_agent_1765866666)
2025-12-16 14:44:27,036 - mcp_server - WARNING - Agent marked as inactive: network_agent (instance: network_agent_1765866667)
2025-12-16 14:44:27,036 - mcp_server - WARNING - Agent marked as inactive: app_agent (instance: app_agent_1765866668)
2025-12-16 14:44:27,036 - mcp_server - WARNING - Agent marked as inactive: monitor_agent (instance: monitor_agent_1765866669)
2025-12-16 14:44:27,036 - mcp_server - WARNING - Agent marked as inactive: media_agent (instance: media_agent_1765866670)
2025-12-16 14:44:30,040 - mcp_server - WARNING - Agent marked as inactive: file_agent (instance: file_agent_1765866665)
2025-12-16 14:44:30,040 - mcp_server - WARNING - Agent marked as inactive: settings_agent (instance: settings_agent_1765866666)
2025-12-16 14:44:30,040 - mcp_server - WARNING - Agent marked as inactive: network_agent (instance: network_agent_1765866667)
2025-12-16 14:44:30,040 - mcp_server - WARNING - Agent marked as inactive: app_agent (instance: app_agent_1765866668)
2025-12-16 14:44:30,040 - mcp_server - WARNING - Agent marked as inactive: monitor_agent (instance: monitor_agent_1765866669)
2025-12-16 14:44:30,041 - mcp_server - WARNING - Agent marked as inactive: media_agent (instance: media_agent_1765866670)
2025-12-16 14:44:33,044 - mcp_server - WARNING - Agent marked as inactive: file_agent (instance: file_agent_1765866665)
2025-12-16 14:44:33,044 - mcp_server - WARNING - Agent marked as inactive: settings_agent (instance: settings_agent_1765866666)
2025-12-16 14:44:33,044 - mcp_server - WARNING - Agent marked as inactive: network_agent (instance: network_agent_1765866667)
2025-12-16 14:44:33,044 - mcp_server - WARNING - Agent marked as inactive: app_agent (instance: app_agent_1765866668)
2025-12-16 14:44:33,044 - mcp_server - WARNING - Agent marked as inactive: monitor_agent (instance: monitor_agent_1765866669)
2025-12-16 14:44:33,044 - mcp_server - WARNING - Agent marked as inactive: media_agent (instance: media_agent_1765866670)
2025-12-16 14:44:36,047 - mcp_server - WARNING - Agent marked as inactive: file_agent (instance: file_agent_1765866665)
2025-12-16 14:44:36,047 - mcp_server - WARNING - Agent marked as inactive: settings_agent (instance: settings_agent_1765866666)
2025-12-16 14:44:36,048 - mcp_server - WARNING - Agent marked as inactive: network_agent (instance: network_agent_1765866667)
2025-12-16 14:44:36,048 - mcp_server - WARNING - Agent marked as inactive: app_agent (instance: app_agent_1765866668)
2025-12-16 14:44:36,048 - mcp_server - WARNING - Agent marked as inactive: monitor_agent (instance: monitor_agent_1765866669)
2025-12-16 14:44:36,048 - mcp_server - WARNING - Agent marked as inactive: media_agent (instance: media_agent_1765866670)
2025-12-16 14:44:39,051 - mcp_server - WARNING - Agent marked as inactive: file_agent (instance: file_agent_1765866665)
2025-12-16 14:44:39,052 - mcp_server - WARNING - Agent marked as inactive: settings_agent (instance: settings_agent_1765866666)
2025-12-16 14:44:39,052 - mcp_server - WARNING - Agent marked as inactive: network_agent (instance: network_agent_1765866667)
2025-12-16 14:44:39,052 - mcp_server - WARNING - Agent marked as inactive: app_agent (instance: app_agent_1765866668)
2025-12-16 14:44:39,052 - mcp_server - WARNING - Agent marked as inactive: monitor_agent (instance: monitor_agent_1765866669)
2025-12-16 14:44:39,052 - mcp_server - WARNING - Agent marked as inactive: media_agent (instance: media_agent_1765866670)
2025-12-16 14:44:42,055 - mcp_server - WARNING - Agent marked as inactive: file_agent (instance: file_agent_1765866665)
2025-12-16 14:44:42,056 - mcp_server - WARNING - Agent marked as inactive: settings_agent (instance: settings_agent_1765866666)
2025-12-16 14:44:42,056 - mcp_server - WARNING - Agent marked as inactive: network_agent (instance: network_agent_1765866667)
2025-12-16 14:44:42,056 - mcp_server - WARNING - Agent marked as inactive: app_agent (instance: app_agent_1765866668)
2025-12-16 14:44:42,056 - mcp_server - WARNING - Agent marked as inactive: monitor_agent (instance: monitor_agent_1765866669)
2025-12-16 14:44:42,056 - mcp_server - WARNING - Agent marked as inactive: media_agent (instance: media_agent_1765866670)
2025-12-16 14:44:45,059 - mcp_server - WARNING - Agent marked as inactive: file_agent (instance: file_agent_1765866665)
2025-12-16 14:44:45,060 - mcp_server - WARNING - Agent marked as inactive: settings_agent (instance: settings_agent_1765866666)
2025-12-16 14:44:45,060 - mcp_server - WARNING - Agent marked as inactive: network_agent (instance: network_agent_1765866667)
2025-12-16 14:44:45,060 - mcp_server - WARNING - Agent marked as inactive: app_agent (instance: app_agent_1765866668)
2025-12-16 14:44:45,060 - mcp_server - WARNING - Agent marked as inactive: monitor_agent (instance: monitor_agent_1765866669)
2025-12-16 14:44:45,060 - mcp_server - WARNING - Agent marked as inactive: media_agent (instance: media_agent_1765866670)
2025-12-16 14:44:48,063 - mcp_server - WARNING - Agent marked as inactive: file_agent (instance: file_agent_1765866665)
2025-12-16 14:44:48,064 - mcp_server - WARNING - Agent marked as inactive: settings_agent (instance: settings_agent_1765866666)
2025-12-16 14:44:48,064 - mcp_server - WARNING - Agent marked as inactive: network_agent (instance: network_agent_1765866667)
2025-12-16 14:44:48,064 - mcp_server - WARNING - Agent marked as inactive: app_agent (instance: app_agent_1765866668)
2025-12-16 14:44:48,064 - mcp_server - WARNING - Agent marked as inactive: monitor_agent (instance: monitor_agent_1765866669)
2025-12-16 14:44:48,064 - mcp_server - WARNING - Agent marked as inactive: media_agent (instance: media_agent_1765866670)
2025-12-16 14:44:51,067 - mcp_server - WARNING - Agent marked as inactive: file_agent (instance: file_agent_1765866665)
2025-12-16 14:44:51,068 - mcp_server - WARNING - Agent marked as inactive: settings_agent (instance: settings_agent_1765866666)
2025-12-16 14:44:51,068 - mcp_server - WARNING - Agent marked as inactive: network_agent (instance: network_agent_1765866667)
2025-12-16 14:44:51,068 - mcp_server - WARNING - Agent marked as inactive: app_agent (instance: app_agent_1765866668)
2025-12-16 14:44:51,068 - mcp_server - WARNING - Agent marked as inactive: monitor_agent (instance: monitor_agent_1765866669)
2025-12-16 14:44:51,068 - mcp_server - WARNING - Agent marked as inactive: media_agent (instance: media_agent_1765866670)
2025-12-16 14:44:54,071 - mcp_server - WARNING - Agent marked as inactive: file_agent (instance: file_agent_1765866665)
2025-12-16 14:44:54,072 - mcp_server - WARNING - Agent marked as inactive: settings_agent (instance: settings_agent_1765866666)
2025-12-16 14:44:54,072 - mcp_server - WARNING - Agent marked as inactive: network_agent (instance: network_agent_1765866667)
2025-12-16 14:44:54,072 - mcp_server - WARNING - Agent marked as inactive: app_agent (instance: app_agent_1765866668)
2025-12-16 14:44:54,072 - mcp_server - WARNING - Agent marked as inactive: monitor_agent (instance: monitor_agent_1765866669)
2025-12-16 14:44:54,072 - mcp_server - WARNING - Agent marked as inactive: media_agent (instance: media_agent_1765866670)
2025-12-16 14:44:57,075 - mcp_server - WARNING - Agent marked as inactive: file_agent (instance: file_agent_1765866665)
2025-12-16 14:44:57,075 - mcp_server - WARNING - Agent marked as inactive: settings_agent (instance: settings_agent_1765866666)
2025-12-16 14:44:57,075 - mcp_server - WARNING - Agent marked as inactive: network_agent (instance: network_agent_1765866667)
2025-12-16 14:44:57,075 - mcp_server - WARNING - Agent marked as inactive: app_agent (instance: app_agent_1765866668)
2025-12-16 14:44:57,075 - mcp_server - WARNING - Agent marked as inactive: monitor_agent (instance: monitor_agent_1765866669)
2025-12-16 14:44:57,075 - mcp_server - WARNING - Agent marked as inactive: media_agent (instance: media_agent_1765866670)
2025-12-16 14:45:00,078 - mcp_server - WARNING - Agent marked as inactive: file_agent (instance: file_agent_1765866665)
2025-12-16 14:45:00,079 - mcp_server - WARNING - Agent marked as inactive: settings_agent (instance: settings_agent_1765866666)
2025-12-16 14:45:00,079 - mcp_server - WARNING - Agent marked as inactive: network_agent (instance: network_agent_1765866667)
2025-12-16 14:45:00,079 - mcp_server - WARNING - Agent marked as inactive: app_agent (instance: app_agent_1765866668)
2025-12-16 14:45:00,079 - mcp_server - WARNING - Agent marked as inactive: monitor_agent (instance: monitor_agent_1765866669)
2025-12-16 14:45:00,079 - mcp_server - WARNING - Agent marked as inactive: media_agent (instance: media_agent_1765866670)
2025-12-16 14:45:03,083 - mcp_server - WARNING - Agent marked as inactive: file_agent (instance: file_agent_1765866665)
2025-12-16 14:45:03,083 - mcp_server - WARNING - Agent marked as inactive: settings_agent (instance: settings_agent_1765866666)
2025-12-16 14:45:03,083 - mcp_server - WARNING - Agent marked as inactive: network_agent (instance: network_agent_1765866667)
2025-12-16 14:45:03,083 - mcp_server - WARNING - Agent marked as inactive: app_agent (instance: app_agent_1765866668)
2025-12-16 14:45:03,083 - mcp_server - WARNING - Agent marked as inactive: monitor_agent (instance: monitor_agent_1765866669)
2025-12-16 14:45:03,083 - mcp_server - WARNING - Agent marked as inactive: media_agent (instance: media_agent_1765866670)
2025-12-16 14:45:06,087 - mcp_server - WARNING - Agent marked as inactive: file_agent (instance: file_agent_1765866665)
2025-12-16 14:45:06,087 - mcp_server - WARNING - Agent marked as inactive: settings_agent (instance: settings_agent_1765866666)
2025-12-16 14:45:06,087 - mcp_server - WARNING - Agent marked as inactive: network_agent (instance: network_agent_1765866667)
2025-12-16 14:45:06,087 - mcp_server - WARNING - Agent marked as inactive: app_agent (instance: app_agent_1765866668)
2025-12-16 14:45:06,087 - mcp_server - WARNING - Agent marked as inactive: monitor_agent (instance: monitor_agent_1765866669)
2025-12-16 14:45:06,087 - mcp_server - WARNING - Agent marked as inactive: media_agent (instance: media_agent_1765866670)
2025-12-16 14:45:09,090 - mcp_server - WARNING - Agent marked as inactive: file_agent (instance: file_agent_1765866665)
2025-12-16 14:45:09,091 - mcp_server - WARNING - Agent marked as inactive: settings_agent (instance: settings_agent_1765866666)
2025-12-16 14:45:09,091 - mcp_server - WARNING - Agent marked as inactive: network_agent (instance: network_agent_1765866667)
2025-12-16 14:45:09,091 - mcp_server - WARNING - Agent marked as inactive: app_agent (instance: app_agent_1765866668)
2025-12-16 14:45:09,091 - mcp_server - WARNING - Agent marked as inactive: monitor_agent (instance: monitor_agent_1765866669)
2025-12-16 14:45:09,091 - mcp_server - WARNING - Agent marked as inactive: media_agent (instance: media_agent_1765866670)
2025-12-16 14:45:12,094 - mcp_server - WARNING - Agent marked as inactive: file_agent (instance: file_agent_1765866665)
2025-12-16 14:45:12,094 - mcp_server - WARNING - Agent marked as inactive: settings_agent (instance: settings_agent_1765866666)
2025-12-16 14:45:12,095 - mcp_server - WARNING - Agent marked as inactive: network_agent (instance: network_agent_1765866667)
2025-12-16 14:45:12,095 - mcp_server - WARNING - Agent marked as inactive: app_agent (instance: app_agent_1765866668)
2025-12-16 14:45:12,095 - mcp_server - WARNING - Agent marked as inactive: monitor_agent (instance: monitor_agent_1765866669)
2025-12-16 14:45:12,095 - mcp_server - WARNING - Agent marked as inactive: media_agent (instance: media_agent_1765866670)
2025-12-16 14:45:15,098 - mcp_server - WARNING - Agent marked as inactive: file_agent (instance: file_agent_1765866665)
2025-12-16 14:45:15,098 - mcp_server - WARNING - Agent marked as inactive: settings_agent (instance: settings_agent_1765866666)
2025-12-16 14:45:15,099 - mcp_server - WARNING - Agent marked as inactive: network_agent (instance: network_agent_1765866667)
2025-12-16 14:45:15,099 - mcp_server - WARNING - Agent marked as inactive: app_agent (instance: app_agent_1765866668)
2025-12-16 14:45:15,099 - mcp_server - WARNING - Agent marked as inactive: monitor_agent (instance: monitor_agent_1765866669)
2025-12-16 14:45:15,099 - mcp_server - WARNING - Agent marked as inactive: media_agent (instance: media_agent_1765866670)
2025-12-16 14:45:18,102 - mcp_server - WARNING - Agent marked as inactive: file_agent (instance: file_agent_1765866665)
2025-12-16 14:45:18,102 - mcp_server - WARNING - Agent marked as inactive: settings_agent (instance: settings_agent_1765866666)
2025-12-16 14:45:18,103 - mcp_server - WARNING - Agent marked as inactive: network_agent (instance: network_agent_1765866667)
2025-12-16 14:45:18,103 - mcp_server - WARNING - Agent marked as inactive: app_agent (instance: app_agent_1765866668)
2025-12-16 14:45:18,103 - mcp_server - WARNING - Agent marked as inactive: monitor_agent (instance: monitor_agent_1765866669)
2025-12-16 14:45:18,103 - mcp_server - WARNING - Agent marked as inactive: media_agent (instance: media_agent_1765866670)
2025-12-16 14:45:21,106 - mcp_server - WARNING - Agent marked as inactive: file_agent (instance: file_agent_1765866665)
2025-12-16 14:45:21,106 - mcp_server - WARNING - Agent marked as inactive: settings_agent (instance: settings_agent_1765866666)
2025-12-16 14:45:21,106 - mcp_server - WARNING - Agent marked as inactive: network_agent (instance: network_agent_1765866667)
2025-12-16 14:45:21,106 - mcp_server - WARNING - Agent marked as inactive: app_agent (instance: app_agent_1765866668)
2025-12-16 14:45:21,106 - mcp_server - WARNING - Agent marked as inactive: monitor_agent (instance: monitor_agent_1765866669)
2025-12-16 14:45:21,106 - mcp_server - WARNING - Agent marked as inactive: media_agent (instance: media_agent_1765866670)
2025-12-16 14:45:24,110 - mcp_server - WARNING - Agent marked as inactive: file_agent (instance: file_agent_1765866665)
2025-12-16 14:45:24,110 - mcp_server - WARNING - Agent marked as inactive: settings_agent (instance: settings_agent_1765866666)
2025-12-16 14:45:24,110 - mcp_server - WARNING - Agent marked as inactive: network_agent (instance: network_agent_1765866667)
2025-12-16 14:45:24,110 - mcp_server - WARNING - Agent marked as inactive: app_agent (instance: app_agent_1765866668)
2025-12-16 14:45:24,110 - mcp_server - WARNING - Agent marked as inactive: monitor_agent (instance: monitor_agent_1765866669)
2025-12-16 14:45:24,110 - mcp_server - WARNING - Agent marked as inactive: media_agent (instance: media_agent_1765866670)
2025-12-16 14:45:27,114 - mcp_server - WARNING - Agent marked as inactive: file_agent (instance: file_agent_1765866665)
2025-12-16 14:45:27,114 - mcp_server - WARNING - Agent marked as inactive: settings_agent (instance: settings_agent_1765866666)
2025-12-16 14:45:27,114 - mcp_server - WARNING - Agent marked as inactive: network_agent (instance: network_agent_1765866667)
2025-12-16 14:45:27,114 - mcp_server - WARNING - Agent marked as inactive: app_agent (instance: app_agent_1765866668)
2025-12-16 14:45:27,114 - mcp_server - WARNING - Agent marked as inactive: monitor_agent (instance: monitor_agent_1765866669)
2025-12-16 14:45:27,114 - mcp_server - WARNING - Agent marked as inactive: media_agent (instance: media_agent_1765866670)
2025-12-16 14:45:30,117 - mcp_server - WARNING - Agent marked as inactive: file_agent (instance: file_agent_1765866665)
2025-12-16 14:45:30,117 - mcp_server - WARNING - Agent marked as inactive: settings_agent (instance: settings_agent_1765866666)
2025-12-16 14:45:30,118 - mcp_server - WARNING - Agent marked as inactive: network_agent (instance: network_agent_1765866667)
2025-12-16 14:45:30,118 - mcp_server - WARNING - Agent marked as inactive: app_agent (instance: app_agent_1765866668)
2025-12-16 14:45:30,118 - mcp_server - WARNING - Agent marked as inactive: monitor_agent (instance: monitor_agent_1765866669)
2025-12-16 14:45:30,118 - mcp_server - WARNING - Agent marked as inactive: media_agent (instance: media_agent_1765866670)
2025-12-16 14:45:33,121 - mcp_server - WARNING - Agent marked as inactive: file_agent (instance: file_agent_1765866665)
2025-12-16 14:45:33,121 - mcp_server - WARNING - Agent marked as inactive: settings_agent (instance: settings_agent_1765866666)
2025-12-16 14:45:33,121 - mcp_server - WARNING - Agent marked as inactive: network_agent (instance: network_agent_1765866667)
2025-12-16 14:45:33,121 - mcp_server - WARNING - Agent marked as inactive: app_agent (instance: app_agent_1765866668)
2025-12-16 14:45:33,121 - mcp_server - WARNING - Agent marked as inactive: monitor_agent (instance: monitor_agent_1765866669)
2025-12-16 14:45:33,122 - mcp_server - WARNING - Agent marked as inactive: media_agent (instance: media_agent_1765866670)
2025-12-16 14:45:36,125 - mcp_server - WARNING - Agent marked as inactive: file_agent (instance: file_agent_1765866665)
2025-12-16 14:45:36,125 - mcp_server - WARNING - Agent marked as inactive: settings_agent (instance: settings_agent_1765866666)
2025-12-16 14:45:36,125 - mcp_server - WARNING - Agent marked as inactive: network_agent (instance: network_agent_1765866667)
2025-12-16 14:45:36,125 - mcp_server - WARNING - Agent marked as inactive: app_agent (instance: app_agent_1765866668)
2025-12-16 14:45:36,125 - mcp_server - WARNING - Agent marked as inactive: monitor_agent (instance: monitor_agent_1765866669)
2025-12-16 14:45:36,125 - mcp_server - WARNING - Agent marked as inactive: media_agent (instance: media_agent_1765866670)
2025-12-16 14:45:39,129 - mcp_server - WARNING - Agent marked as inactive: file_agent (instance: file_agent_1765866665)
2025-12-16 14:45:39,129 - mcp_server - WARNING - Agent marked as inactive: settings_agent (instance: settings_agent_1765866666)
2025-12-16 14:45:39,129 - mcp_server - WARNING - Agent marked as inactive: network_agent (instance: network_agent_1765866667)
2025-12-16 14:45:39,129 - mcp_server - WARNING - Agent marked as inactive: app_agent (instance: app_agent_1765866668)
2025-12-16 14:45:39,129 - mcp_server - WARNING - Agent marked as inactive: monitor_agent (instance: monitor_agent_1765866669)
2025-12-16 14:45:39,129 - mcp_server - WARNING - Agent marked as inactive: media_agent (instance: media_agent_1765866670)
2025-12-16 14:45:42,133 - mcp_server - WARNING - Agent marked as inactive: file_agent (instance: file_agent_1765866665)
2025-12-16 14:45:42,133 - mcp_server - WARNING - Agent marked as inactive: settings_agent (instance: settings_agent_1765866666)
2025-12-16 14:45:42,133 - mcp_server - WARNING - Agent marked as inactive: network_agent (instance: network_agent_1765866667)
2025-12-16 14:45:42,133 - mcp_server - WARNING - Agent marked as inactive: app_agent (instance: app_agent_1765866668)
2025-12-16 14:45:42,133 - mcp_server - WARNING - Agent marked as inactive: monitor_agent (instance: monitor_agent_1765866669)
2025-12-16 14:45:42,134 - mcp_server - WARNING - Agent marked as inactive: media_agent (instance: media_agent_1765866670)
2025-12-16 14:45:45,137 - mcp_server - WARNING - Agent marked as inactive: file_agent (instance: file_agent_1765866665)
2025-12-16 14:45:45,137 - mcp_server - WARNING - Agent marked as inactive: settings_agent (instance: settings_agent_1765866666)
2025-12-16 14:45:45,137 - mcp_server - WARNING - Agent marked as inactive: network_agent (instance: network_agent_1765866667)
2025-12-16 14:45:45,137 - mcp_server - WARNING - Agent marked as inactive: app_agent (instance: app_agent_1765866668)
2025-12-16 14:45:45,138 - mcp_server - WARNING - Agent marked as inactive: monitor_agent (instance: monitor_agent_1765866669)
2025-12-16 14:45:45,138 - mcp_server - WARNING - Agent marked as inactive: media_agent (instance: media_agent_1765866670)
2025-12-16 14:45:48,141 - mcp_server - WARNING - Agent marked as inactive: file_agent (instance: file_agent_1765866665)
2025-12-16 14:45:48,141 - mcp_server - WARNING - Agent marked as inactive: settings_agent (instance: settings_agent_1765866666)
2025-12-16 14:45:48,141 - mcp_server - WARNING - Agent marked as inactive: network_agent (instance: network_agent_1765866667)
2025-12-16 14:45:48,141 - mcp_server - WARNING - Agent marked as inactive: app_agent (instance: app_agent_1765866668)
2025-12-16 14:45:48,141 - mcp_server - WARNING - Agent marked as inactive: monitor_agent (instance: monitor_agent_1765866669)
2025-12-16 14:45:48,142 - mcp_server - WARNING - Agent marked as inactive: media_agent (instance: media_agent_1765866670)
2025-12-16 14:45:51,145 - mcp_server - WARNING - Agent marked as inactive: file_agent (instance: file_agent_1765866665)
2025-12-16 14:45:51,145 - mcp_server - WARNING - Agent marked as inactive: settings_agent (instance: settings_agent_1765866666)
2025-12-16 14:45:51,145 - mcp_server - WARNING - Agent marked as inactive: network_agent (instance: network_agent_1765866667)
2025-12-16 14:45:51,145 - mcp_server - WARNING - Agent marked as inactive: app_agent (instance: app_agent_1765866668)
2025-12-16 14:45:51,145 - mcp_server - WARNING - Agent marked as inactive: monitor_agent (instance: monitor_agent_1765866669)
2025-12-16 14:45:51,145 - mcp_server - WARNING - Agent marked as inactive: media_agent (instance: media_agent_1765866670)
2025-12-16 14:45:54,148 - mcp_server - WARNING - Agent marked as inactive: file_agent (instance: file_agent_1765866665)
2025-12-16 14:45:54,149 - mcp_server - WARNING - Agent marked as inactive: settings_agent (instance: settings_agent_1765866666)
2025-12-16 14:45:54,149 - mcp_server - WARNING - Agent marked as inactive: network_agent (instance: network_agent_1765866667)
2025-12-16 14:45:54,149 - mcp_server - WARNING - Agent marked as inactive: app_agent (instance: app_agent_1765866668)
2025-12-16 14:45:54,149 - mcp_server - WARNING - Agent marked as inactive: monitor_agent (instance: monitor_agent_1765866669)
2025-12-16 14:45:54,149 - mcp_server - WARNING - Agent marked as inactive: media_agent (instance: media_agent_1765866670)
2025-12-16 14:45:57,152 - mcp_server - WARNING - Agent marked as inactive: file_agent (instance: file_agent_1765866665)
2025-12-16 14:45:57,152 - mcp_server - WARNING - Agent marked as inactive: settings_agent (instance: settings_agent_1765866666)
2025-12-16 14:45:57,153 - mcp_server - WARNING - Agent marked as inactive: network_agent (instance: network_agent_1765866667)
2025-12-16 14:45:57,153 - mcp_server - WARNING - Agent marked as inactive: app_agent (instance: app_agent_1765866668)
2025-12-16 14:45:57,153 - mcp_server - WARNING - Agent marked as inactive: monitor_agent (instance: monitor_agent_1765866669)
2025-12-16 14:45:57,153 - mcp_server - WARNING - Agent marked as inactive: media_agent (instance: media_agent_1765866670)
2025-12-16 14:46:00,156 - mcp_server - WARNING - Agent marked as inactive: file_agent (instance: file_agent_1765866665)
2025-12-16 14:46:00,156 - mcp_server - WARNING - Agent marked as inactive: settings_agent (instance: settings_agent_1765866666)
2025-12-16 14:46:00,156 - mcp_server - WARNING - Agent marked as inactive: network_agent (instance: network_agent_1765866667)
2025-12-16 14:46:00,156 - mcp_server - WARNING - Agent marked as inactive: app_agent (instance: app_agent_1765866668)
2025-12-16 14:46:00,157 - mcp_server - WARNING - Agent marked as inactive: monitor_agent (instance: monitor_agent_1765866669)
2025-12-16 14:46:00,157 - mcp_server - WARNING - Agent marked as inactive: media_agent (instance: media_agent_1765866670)
2025-12-16 14:46:03,160 - mcp_server - WARNING - Agent marked as inactive: file_agent (instance: file_agent_1765866665)
2025-12-16 14:46:03,160 - mcp_server - WARNING - Agent marked as inactive: settings_agent (instance: settings_agent_1765866666)
2025-12-16 14:46:03,160 - mcp_server - WARNING - Agent marked as inactive: network_agent (instance: network_agent_1765866667)
2025-12-16 14:46:03,160 - mcp_server - WARNING - Agent marked as inactive: app_agent (instance: app_agent_1765866668)
2025-12-16 14:46:03,160 - mcp_server - WARNING - Agent marked as inactive: monitor_agent (instance: monitor_agent_1765866669)
2025-12-16 14:46:03,160 - mcp_server - WARNING - Agent marked as inactive: media_agent (instance: media_agent_1765866670)
2025-12-16 14:46:06,163 - mcp_server - WARNING - Agent marked as inactive: file_agent (instance: file_agent_1765866665)
2025-12-16 14:46:06,164 - mcp_server - WARNING - Agent marked as inactive: settings_agent (instance: settings_agent_1765866666)
2025-12-16 14:46:06,164 - mcp_server - WARNING - Agent marked as inactive: network_agent (instance: network_agent_1765866667)
2025-12-16 14:46:06,164 - mcp_server - WARNING - Agent marked as inactive: app_agent (instance: app_agent_1765866668)
2025-12-16 14:46:06,164 - mcp_server - WARNING - Agent marked as inactive: monitor_agent (instance: monitor_agent_1765866669)
2025-12-16 14:46:06,164 - mcp_server - WARNING - Agent marked as inactive: media_agent (instance: media_agent_1765866670)
2025-12-16 14:46:09,167 - mcp_server - WARNING - Agent marked as inactive: file_agent (instance: file_agent_1765866665)
2025-12-16 14:46:09,168 - mcp_server - WARNING - Agent marked as inactive: settings_agent (instance: settings_agent_1765866666)
2025-12-16 14:46:09,168 - mcp_server - WARNING - Agent marked as inactive: network_agent (instance: network_agent_1765866667)
2025-12-16 14:46:09,168 - mcp_server - WARNING - Agent marked as inactive: app_agent (instance: app_agent_1765866668)
2025-12-16 14:46:09,168 - mcp_server - WARNING - Agent marked as inactive: monitor_agent (instance: monitor_agent_1765866669)
2025-12-16 14:46:09,168 - mcp_server - WARNING - Agent marked as inactive: media_agent (instance: media_agent_1765866670)
2025-12-16 14:46:12,171 - mcp_server - WARNING - Agent marked as inactive: file_agent (instance: file_agent_1765866665)
2025-12-16 14:46:12,172 - mcp_server - WARNING - Agent marked as inactive: settings_agent (instance: settings_agent_1765866666)
2025-12-16 14:46:12,172 - mcp_server - WARNING - Agent marked as inactive: network_agent (instance: network_agent_1765866667)
2025-12-16 14:46:12,172 - mcp_server - WARNING - Agent marked as inactive: app_agent (instance: app_agent_1765866668)
2025-12-16 14:46:12,172 - mcp_server - WARNING - Agent marked as inactive: monitor_agent (instance: monitor_agent_1765866669)
2025-12-16 14:46:12,172 - mcp_server - WARNING - Agent marked as inactive: media_agent (instance: media_agent_1765866670)
2025-12-16 14:46:15,175 - mcp_server - WARNING - Agent marked as inactive: file_agent (instance: file_agent_1765866665)
2025-12-16 14:46:15,176 - mcp_server - WARNING - Agent marked as inactive: settings_agent (instance: settings_agent_1765866666)
2025-12-16 14:46:15,176 - mcp_server - WARNING - Agent marked as inactive: network_agent (instance: network_agent_1765866667)
2025-12-16 14:46:15,176 - mcp_server - WARNING - Agent marked as inactive: app_agent (instance: app_agent_1765866668)
2025-12-16 14:46:15,176 - mcp_server - WARNING - Agent marked as inactive: monitor_agent (instance: monitor_agent_1765866669)
2025-12-16 14:46:15,176 - mcp_server - WARNING - Agent marked as inactive: media_agent (instance: media_agent_1765866670)
2025-12-16 14:46:18,179 - mcp_server - WARNING - Agent marked as inactive: file_agent (instance: file_agent_1765866665)
2025-12-16 14:46:18,180 - mcp_server - WARNING - Agent marked as inactive: settings_agent (instance: settings_agent_1765866666)
2025-12-16 14:46:18,180 - mcp_server - WARNING - Agent marked as inactive: network_agent (instance: network_agent_1765866667)
2025-12-16 14:46:18,180 - mcp_server - WARNING - Agent marked as inactive: app_agent (instance: app_agent_1765866668)
2025-12-16 14:46:18,180 - mcp_server - WARNING - Agent marked as inactive: monitor_agent (instance: monitor_agent_1765866669)
2025-12-16 14:46:18,180 - mcp_server - WARNING - Agent marked as inactive: media_agent (instance: media_agent_1765866670)
2025-12-16 14:46:21,183 - mcp_server - WARNING - Agent marked as inactive: file_agent (instance: file_agent_1765866665)
2025-12-16 14:46:21,183 - mcp_server - WARNING - Agent marked as inactive: settings_agent (instance: settings_agent_1765866666)
2025-12-16 14:46:21,183 - mcp_server - WARNING - Agent marked as inactive: network_agent (instance: network_agent_1765866667)
2025-12-16 14:46:21,183 - mcp_server - WARNING - Agent marked as inactive: app_agent (instance: app_agent_1765866668)
2025-12-16 14:46:21,183 - mcp_server - WARNING - Agent marked as inactive: monitor_agent (instance: monitor_agent_1765866669)
2025-12-16 14:46:21,183 - mcp_server - WARNING - Agent marked as inactive: media_agent (instance: media_agent_1765866670)
2025-12-16 14:46:24,186 - mcp_server - WARNING - Agent marked as inactive: file_agent (instance: file_agent_1765866665)
2025-12-16 14:46:24,186 - mcp_server - WARNING - Agent marked as inactive: settings_agent (instance: settings_agent_1765866666)
2025-12-16 14:46:24,187 - mcp_server - WARNING - Agent marked as inactive: network_agent (instance: network_agent_1765866667)
2025-12-16 14:46:24,187 - mcp_server - WARNING - Agent marked as inactive: app_agent (instance: app_agent_1765866668)
2025-12-16 14:46:24,187 - mcp_server - WARNING - Agent marked as inactive: monitor_agent (instance: monitor_agent_1765866669)
2025-12-16 14:46:24,187 - mcp_server - WARNING - Agent marked as inactive: media_agent (instance: media_agent_1765866670)
2025-12-16 14:46:27,190 - mcp_server - WARNING - Agent marked as inactive: file_agent (instance: file_agent_1765866665)
2025-12-16 14:46:27,190 - mcp_server - WARNING - Agent marked as inactive: settings_agent (instance: settings_agent_1765866666)
2025-12-16 14:46:27,190 - mcp_server - WARNING - Agent marked as inactive: network_agent (instance: network_agent_1765866667)
2025-12-16 14:46:27,190 - mcp_server - WARNING - Agent marked as inactive: app_agent (instance: app_agent_1765866668)
2025-12-16 14:46:27,190 - mcp_server - WARNING - Agent marked as inactive: monitor_agent (instance: monitor_agent_1765866669)
2025-12-16 14:46:27,191 - mcp_server - WARNING - Agent marked as inactive: media_agent (instance: media_agent_1765866670)
2025-12-16 14:46:30,194 - mcp_server - WARNING - Agent marked as inactive: file_agent (instance: file_agent_1765866665)
2025-12-16 14:46:30,194 - mcp_server - WARNING - Agent marked as inactive: settings_agent (instance: settings_agent_1765866666)
2025-12-16 14:46:30,194 - mcp_server - WARNING - Agent marked as inactive: network_agent (instance: network_agent_1765866667)
2025-12-16 14:46:30,194 - mcp_server - WARNING - Agent marked as inactive: app_agent (instance: app_agent_1765866668)
2025-12-16 14:46:30,195 - mcp_server - WARNING - Agent marked as inactive: monitor_agent (instance: monitor_agent_1765866669)
2025-12-16 14:46:30,195 - mcp_server - WARNING - Agent marked as inactive: media_agent (instance: media_agent_1765866670)
2025-12-16 14:46:33,198 - mcp_server - WARNING - Agent marked as inactive: file_agent (instance: file_agent_1765866665)
2025-12-16 14:46:33,198 - mcp_server - WARNING - Agent marked as inactive: settings_agent (instance: settings_agent_1765866666)
2025-12-16 14:46:33,198 - mcp_server - WARNING - Agent marked as inactive: network_agent (instance: network_agent_1765866667)
2025-12-16 14:46:33,198 - mcp_server - WARNING - Agent marked as inactive: app_agent (instance: app_agent_1765866668)
2025-12-16 14:46:33,198 - mcp_server - WARNING - Agent marked as inactive: monitor_agent (instance: monitor_agent_1765866669)
2025-12-16 14:46:33,198 - mcp_server - WARNING - Agent marked as inactive: media_agent (instance: media_agent_1765866670)
2025-12-16 14:46:36,201 - mcp_server - WARNING - Agent marked as inactive: file_agent (instance: file_agent_1765866665)
2025-12-16 14:46:36,202 - mcp_server - WARNING - Agent marked as inactive: settings_agent (instance: settings_agent_1765866666)
2025-12-16 14:46:36,202 - mcp_server - WARNING - Agent marked as inactive: network_agent (instance: network_agent_1765866667)
2025-12-16 14:46:36,202 - mcp_server - WARNING - Agent marked as inactive: app_agent (instance: app_agent_1765866668)
2025-12-16 14:46:36,202 - mcp_server - WARNING - Agent marked as inactive: monitor_agent (instance: monitor_agent_1765866669)
2025-12-16 14:46:36,202 - mcp_server - WARNING - Agent marked as inactive: media_agent (instance: media_agent_1765866670)
2025-12-16 14:46:39,205 - mcp_server - WARNING - Agent marked as inactive: file_agent (instance: file_agent_1765866665)
2025-12-16 14:46:39,206 - mcp_server - WARNING - Agent marked as inactive: settings_agent (instance: settings_agent_1765866666)
2025-12-16 14:46:39,206 - mcp_server - WARNING - Agent marked as inactive: network_agent (instance: network_agent_1765866667)
2025-12-16 14:46:39,206 - mcp_server - WARNING - Agent marked as inactive: app_agent (instance: app_agent_1765866668)
2025-12-16 14:46:39,206 - mcp_server - WARNING - Agent marked as inactive: monitor_agent (instance: monitor_agent_1765866669)
2025-12-16 14:46:39,206 - mcp_server - WARNING - Agent marked as inactive: media_agent (instance: media_agent_1765866670)
2025-12-16 14:46:42,210 - mcp_server - WARNING - Agent marked as inactive: file_agent (instance: file_agent_1765866665)
2025-12-16 14:46:42,210 - mcp_server - WARNING - Agent marked as inactive: settings_agent (instance: settings_agent_1765866666)
2025-12-16 14:46:42,210 - mcp_server - WARNING - Agent marked as inactive: network_agent (instance: network_agent_1765866667)
2025-12-16 14:46:42,210 - mcp_server - WARNING - Agent marked as inactive: app_agent (instance: app_agent_1765866668)
2025-12-16 14:46:42,210 - mcp_server - WARNING - Agent marked as inactive: monitor_agent (instance: monitor_agent_1765866669)
2025-12-16 14:46:42,210 - mcp_server - WARNING - Agent marked as inactive: media_agent (instance: media_agent_1765866670)
2025-12-16 14:46:45,214 - mcp_server - WARNING - Agent marked as inactive: file_agent (instance: file_agent_1765866665)
2025-12-16 14:46:45,214 - mcp_server - WARNING - Agent marked as inactive: settings_agent (instance: settings_agent_1765866666)
2025-12-16 14:46:45,214 - mcp_server - WARNING - Agent marked as inactive: network_agent (instance: network_agent_1765866667)
2025-12-16 14:46:45,214 - mcp_server - WARNING - Agent marked as inactive: app_agent (instance: app_agent_1765866668)
2025-12-16 14:46:45,214 - mcp_server - WARNING - Agent marked as inactive: monitor_agent (instance: monitor_agent_1765866669)
2025-12-16 14:46:45,214 - mcp_server - WARNING - Agent marked as inactive: media_agent (instance: media_agent_1765866670)
2025-12-16 14:46:48,217 - mcp_server - WARNING - Agent marked as inactive: file_agent (instance: file_agent_1765866665)
2025-12-16 14:46:48,217 - mcp_server - WARNING - Agent marked as inactive: settings_agent (instance: settings_agent_1765866666)
2025-12-16 14:46:48,218 - mcp_server - WARNING - Agent marked as inactive: network_agent (instance: network_agent_1765866667)
2025-12-16 14:46:48,218 - mcp_server - WARNING - Agent marked as inactive: app_agent (instance: app_agent_1765866668)
2025-12-16 14:46:48,218 - mcp_server - WARNING - Agent marked as inactive: monitor_agent (instance: monitor_agent_1765866669)
2025-12-16 14:46:48,218 - mcp_server - WARNING - Agent marked as inactive: media_agent (instance: media_agent_1765866670)
2025-12-16 14:46:51,221 - mcp_server - WARNING - Agent marked as inactive: file_agent (instance: file_agent_1765866665)
2025-12-16 14:46:51,221 - mcp_server - WARNING - Agent marked as inactive: settings_agent (instance: settings_agent_1765866666)
2025-12-16 14:46:51,222 - mcp_server - WARNING - Agent marked as inactive: network_agent (instance: network_agent_1765866667)
2025-12-16 14:46:51,222 - mcp_server - WARNING - Agent marked as inactive: app_agent (instance: app_agent_1765866668)
2025-12-16 14:46:51,222 - mcp_server - WARNING - Agent marked as inactive: monitor_agent (instance: monitor_agent_1765866669)
2025-12-16 14:46:51,222 - mcp_server - WARNING - Agent marked as inactive: media_agent (instance: media_agent_1765866670)
2025-12-16 14:46:54,225 - mcp_server - WARNING - Agent marked as inactive: file_agent (instance: file_agent_1765866665)
2025-12-16 14:46:54,225 - mcp_server - WARNING - Agent marked as inactive: settings_agent (instance: settings_agent_1765866666)
2025-12-16 14:46:54,225 - mcp_server - WARNING - Agent marked as inactive: network_agent (instance: network_agent_1765866667)
2025-12-16 14:46:54,225 - mcp_server - WARNING - Agent marked as inactive: app_agent (instance: app_agent_1765866668)
2025-12-16 14:46:54,226 - mcp_server - WARNING - Agent marked as inactive: monitor_agent (instance: monitor_agent_1765866669)
2025-12-16 14:46:54,226 - mcp_server - WARNING - Agent marked as inactive: media_agent (instance: media_agent_1765866670)
2025-12-16 14:46:57,228 - mcp_server - WARNING - Agent marked as inactive: file_agent (instance: file_agent_1765866665)
2025-12-16 14:46:57,228 - mcp_server - WARNING - Agent marked as inactive: settings_agent (instance: settings_agent_1765866666)
2025-12-16 14:46:57,228 - mcp_server - WARNING - Agent marked as inactive: network_agent (instance: network_agent_1765866667)
2025-12-16 14:46:57,228 - mcp_server - WARNING - Agent marked as inactive: app_agent (instance: app_agent_1765866668)
2025-12-16 14:46:57,228 - mcp_server - WARNING - Agent marked as inactive: monitor_agent (instance: monitor_agent_1765866669)
2025-12-16 14:46:57,228 - mcp_server - WARNING - Agent marked as inactive: media_agent (instance: media_agent_1765866670)
2025-12-16 14:47:00,231 - mcp_server - WARNING - Agent marked as inactive: file_agent (instance: file_agent_1765866665)
2025-12-16 14:47:00,232 - mcp_server - WARNING - Agent marked as inactive: settings_agent (instance: settings_agent_1765866666)
2025-12-16 14:47:00,232 - mcp_server - WARNING - Agent marked as inactive: network_agent (instance: network_agent_1765866667)
2025-12-16 14:47:00,232 - mcp_server - WARNING - Agent marked as inactive: app_agent (instance: app_agent_1765866668)
2025-12-16 14:47:00,232 - mcp_server - WARNING - Agent marked as inactive: monitor_agent (instance: monitor_agent_1765866669)
2025-12-16 14:47:00,232 - mcp_server - WARNING - Agent marked as inactive: media_agent (instance: media_agent_1765866670)
2025-12-16 14:47:03,235 - mcp_server - WARNING - Agent marked as inactive: file_agent (instance: file_agent_1765866665)
2025-12-16 14:47:03,236 - mcp_server - WARNING - Agent marked as inactive: settings_agent (instance: settings_agent_1765866666)
2025-12-16 14:47:03,236 - mcp_server - WARNING - Agent marked as inactive: network_agent (instance: network_agent_1765866667)
2025-12-16 14:47:03,236 - mcp_server - WARNING - Agent marked as inactive: app_agent (instance: app_agent_1765866668)
2025-12-16 14:47:03,236 - mcp_server - WARNING - Agent marked as inactive: monitor_agent (instance: monitor_agent_1765866669)
2025-12-16 14:47:03,236 - mcp_server - WARNING - Agent marked as inactive: media_agent (instance: media_agent_1765866670)
2025-12-16 14:47:06,239 - mcp_server - WARNING - Agent marked as inactive: file_agent (instance: file_agent_1765866665)
2025-12-16 14:47:06,239 - mcp_server - WARNING - Agent marked as inactive: settings_agent (instance: settings_agent_1765866666)
2025-12-16 14:47:06,240 - mcp_server - WARNING - Agent marked as inactive: network_agent (instance: network_agent_1765866667)
2025-12-16 14:47:06,240 - mcp_server - WARNING - Agent marked as inactive: app_agent (instance: app_agent_1765866668)
2025-12-16 14:47:06,240 - mcp_server - WARNING - Agent marked as inactive: monitor_agent (instance: monitor_agent_1765866669)
2025-12-16 14:47:06,240 - mcp_server - WARNING - Agent marked as inactive: media_agent (instance: media_agent_1765866670)
2025-12-16 14:47:09,243 - mcp_server - WARNING - Agent marked as inactive: file_agent (instance: file_agent_1765866665)
2025-12-16 14:47:09,243 - mcp_server - WARNING - Agent marked as inactive: settings_agent (instance: settings_agent_1765866666)
2025-12-16 14:47:09,243 - mcp_server - WARNING - Agent marked as inactive: network_agent (instance: network_agent_1765866667)
2025-12-16 14:47:09,243 - mcp_server - WARNING - Agent marked as inactive: app_agent (instance: app_agent_1765866668)
2025-12-16 14:47:09,243 - mcp_server - WARNING - Agent marked as inactive: monitor_agent (instance: monitor_agent_1765866669)
2025-12-16 14:47:09,243 - mcp_server - WARNING - Agent marked as inactive: media_agent (instance: media_agent_1765866670)
2025-12-16 14:47:12,246 - mcp_server - WARNING - Agent marked as inactive: file_agent (instance: file_agent_1765866665)
2025-12-16 14:47:12,247 - mcp_server - WARNING - Agent marked as inactive: settings_agent (instance: settings_agent_1765866666)
2025-12-16 14:47:12,247 - mcp_server - WARNING - Agent marked as inactive: network_agent (instance: network_agent_1765866667)
2025-12-16 14:47:12,247 - mcp_server - WARNING - Agent marked as inactive: app_agent (instance: app_agent_1765866668)
2025-12-16 14:47:12,247 - mcp_server - WARNING - Agent marked as inactive: monitor_agent (instance: monitor_agent_1765866669)
2025-12-16 14:47:12,247 - mcp_server - WARNING - Agent marked as inactive: media_agent (instance: media_agent_1765866670)
2025-12-16 14:47:15,250 - mcp_server - WARNING - Agent marked as inactive: file_agent (instance: file_agent_1765866665)
2025-12-16 14:47:15,251 - mcp_server - WARNING - Agent marked as inactive: settings_agent (instance: settings_agent_1765866666)
2025-12-16 14:47:15,251 - mcp_server - WARNING - Agent marked as inactive: network_agent (instance: network_agent_1765866667)
2025-12-16 14:47:15,251 - mcp_server - WARNING - Agent marked as inactive: app_agent (instance: app_agent_1765866668)
2025-12-16 14:47:15,251 - mcp_server - WARNING - Agent marked as inactive: monitor_agent (instance: monitor_agent_1765866669)
2025-12-16 14:47:15,251 - mcp_server - WARNING - Agent marked as inactive: media_agent (instance: media_agent_1765866670)
2025-12-16 14:47:18,255 - mcp_server - WARNING - Agent marked as inactive: file_agent (instance: file_agent_1765866665)
2025-12-16 14:47:18,255 - mcp_server - WARNING - Agent marked as inactive: settings_agent (instance: settings_agent_1765866666)
2025-12-16 14:47:18,255 - mcp_server - WARNING - Agent marked as inactive: network_agent (instance: network_agent_1765866667)
2025-12-16 14:47:18,255 - mcp_server - WARNING - Agent marked as inactive: app_agent (instance: app_agent_1765866668)
2025-12-16 14:47:18,255 - mcp_server - WARNING - Agent marked as inactive: monitor_agent (instance: monitor_agent_1765866669)
2025-12-16 14:47:18,255 - mcp_server - WARNING - Agent marked as inactive: media_agent (instance: media_agent_1765866670)
2025-12-16 14:47:21,259 - mcp_server - WARNING - Agent marked as inactive: file_agent (instance: file_agent_1765866665)
2025-12-16 14:47:21,259 - mcp_server - WARNING - Agent marked as inactive: settings_agent (instance: settings_agent_1765866666)
2025-12-16 14:47:21,259 - mcp_server - WARNING - Agent marked as inactive: network_agent (instance: network_agent_1765866667)
2025-12-16 14:47:21,259 - mcp_server - WARNING - Agent marked as inactive: app_agent (instance: app_agent_1765866668)
2025-12-16 14:47:21,259 - mcp_server - WARNING - Agent marked as inactive: monitor_agent (instance: monitor_agent_1765866669)
2025-12-16 14:47:21,259 - mcp_server - WARNING - Agent marked as inactive: media_agent (instance: media_agent_1765866670)
2025-12-16 14:47:24,263 - mcp_server - WARNING - Agent marked as inactive: file_agent (instance: file_agent_1765866665)
2025-12-16 14:47:24,263 - mcp_server - WARNING - Agent marked as inactive: settings_agent (instance: settings_agent_1765866666)
2025-12-16 14:47:24,263 - mcp_server - WARNING - Agent marked as inactive: network_agent (instance: network_agent_1765866667)
2025-12-16 14:47:24,264 - mcp_server - WARNING - Agent marked as inactive: app_agent (instance: app_agent_1765866668)
2025-12-16 14:47:24,264 - mcp_server - WARNING - Agent marked as inactive: monitor_agent (instance: monitor_agent_1765866669)
2025-12-16 14:47:24,264 - mcp_server - WARNING - Agent marked as inactive: media_agent (instance: media_agent_1765866670)
2025-12-16 14:47:27,267 - mcp_server - WARNING - Agent marked as inactive: file_agent (instance: file_agent_1765866665)
2025-12-16 14:47:27,268 - mcp_server - WARNING - Agent marked as inactive: settings_agent (instance: settings_agent_1765866666)
2025-12-16 14:47:27,268 - mcp_server - WARNING - Agent marked as inactive: network_agent (instance: network_agent_1765866667)
2025-12-16 14:47:27,268 - mcp_server - WARNING - Agent marked as inactive: app_agent (instance: app_agent_1765866668)
2025-12-16 14:47:27,268 - mcp_server - WARNING - Agent marked as inactive: monitor_agent (instance: monitor_agent_1765866669)
2025-12-16 14:47:27,268 - mcp_server - WARNING - Agent marked as inactive: media_agent (instance: media_agent_1765866670)
2025-12-16 14:47:30,271 - mcp_server - WARNING - Agent marked as inactive: file_agent (instance: file_agent_1765866665)
2025-12-16 14:47:30,272 - mcp_server - WARNING - Agent marked as inactive: settings_agent (instance: settings_agent_1765866666)
2025-12-16 14:47:30,272 - mcp_server - WARNING - Agent marked as inactive: network_agent (instance: network_agent_1765866667)
2025-12-16 14:47:30,272 - mcp_server - WARNING - Agent marked as inactive: app_agent (instance: app_agent_1765866668)
2025-12-16 14:47:30,272 - mcp_server - WARNING - Agent marked as inactive: monitor_agent (instance: monitor_agent_1765866669)
2025-12-16 14:47:30,272 - mcp_server - WARNING - Agent marked as inactive: media_agent (instance: media_agent_1765866670)
2025-12-16 14:47:33,275 - mcp_server - WARNING - Agent marked as inactive: file_agent (instance: file_agent_1765866665)
2025-12-16 14:47:33,276 - mcp_server - WARNING - Agent marked as inactive: settings_agent (instance: settings_agent_1765866666)
2025-12-16 14:47:33,276 - mcp_server - WARNING - Agent marked as inactive: network_agent (instance: network_agent_1765866667)
2025-12-16 14:47:33,276 - mcp_server - WARNING - Agent marked as inactive: app_agent (instance: app_agent_1765866668)
2025-12-16 14:47:33,276 - mcp_server - WARNING - Agent marked as inactive: monitor_agent (instance: monitor_agent_1765866669)
2025-12-16 14:47:33,276 - mcp_server - WARNING - Agent marked as inactive: media_agent (instance: media_agent_1765866670)
2025-12-16 14:47:36,279 - mcp_server - WARNING - Agent marked as inactive: file_agent (instance: file_agent_1765866665)
2025-12-16 14:47:36,280 - mcp_server - WARNING - Agent marked as inactive: settings_agent (instance: settings_agent_1765866666)
2025-12-16 14:47:36,280 - mcp_server - WARNING - Agent marked as inactive: network_agent (instance: network_agent_1765866667)
2025-12-16 14:47:36,280 - mcp_server - WARNING - Agent marked as inactive: app_agent (instance: app_agent_1765866668)
2025-12-16 14:47:36,280 - mcp_server - WARNING - Agent marked as inactive: monitor_agent (instance: monitor_agent_1765866669)
2025-12-16 14:47:36,280 - mcp_server - WARNING - Agent marked as inactive: media_agent (instance: media_agent_1765866670)
2025-12-16 14:47:39,283 - mcp_server - WARNING - Agent marked as inactive: file_agent (instance: file_agent_1765866665)
2025-12-16 14:47:39,284 - mcp_server - WARNING - Agent marked as inactive: settings_agent (instance: settings_agent_1765866666)
2025-12-16 14:47:39,284 - mcp_server - WARNING - Agent marked as inactive: network_agent (instance: network_agent_1765866667)
2025-12-16 14:47:39,284 - mcp_server - WARNING - Agent marked as inactive: app_agent (instance: app_agent_1765866668)
2025-12-16 14:47:39,284 - mcp_server - WARNING - Agent marked as inactive: monitor_agent (instance: monitor_agent_1765866669)
2025-12-16 14:47:39,284 - mcp_server - WARNING - Agent marked as inactive: media_agent (instance: media_agent_1765866670)
2025-12-16 14:47:42,287 - mcp_server - WARNING - Agent marked as inactive: file_agent (instance: file_agent_1765866665)
2025-12-16 14:47:42,287 - mcp_server - WARNING - Agent marked as inactive: settings_agent (instance: settings_agent_1765866666)
2025-12-16 14:47:42,288 - mcp_server - WARNING - Agent marked as inactive: network_agent (instance: network_agent_1765866667)
2025-12-16 14:47:42,288 - mcp_server - WARNING - Agent marked as inactive: app_agent (instance: app_agent_1765866668)
2025-12-16 14:47:42,288 - mcp_server - WARNING - Agent marked as inactive: monitor_agent (instance: monitor_agent_1765866669)
2025-12-16 14:47:42,288 - mcp_server - WARNING - Agent marked as inactive: media_agent (instance: media_agent_1765866670)
2025-12-16 14:47:45,291 - mcp_server - WARNING - Agent marked as inactive: file_agent (instance: file_agent_1765866665)
2025-12-16 14:47:45,292 - mcp_server - WARNING - Agent marked as inactive: settings_agent (instance: settings_agent_1765866666)
2025-12-16 14:47:45,292 - mcp_server - WARNING - Agent marked as inactive: network_agent (instance: network_agent_1765866667)
2025-12-16 14:47:45,292 - mcp_server - WARNING - Agent marked as inactive: app_agent (instance: app_agent_1765866668)
2025-12-16 14:47:45,292 - mcp_server - WARNING - Agent marked as inactive: monitor_agent (instance: monitor_agent_1765866669)
2025-12-16 14:47:45,292 - mcp_server - WARNING - Agent marked as inactive: media_agent (instance: media_agent_1765866670)
2025-12-16 14:47:48,295 - mcp_server - WARNING - Agent marked as inactive: file_agent (instance: file_agent_1765866665)
2025-12-16 14:47:48,296 - mcp_server - WARNING - Agent marked as inactive: settings_agent (instance: settings_agent_1765866666)
2025-12-16 14:47:48,296 - mcp_server - WARNING - Agent marked as inactive: network_agent (instance: network_agent_1765866667)
2025-12-16 14:47:48,296 - mcp_server - WARNING - Agent marked as inactive: app_agent (instance: app_agent_1765866668)
2025-12-16 14:47:48,296 - mcp_server - WARNING - Agent marked as inactive: monitor_agent (instance: monitor_agent_1765866669)
2025-12-16 14:47:48,296 - mcp_server - WARNING - Agent marked as inactive: media_agent (instance: media_agent_1765866670)
2025-12-16 14:47:51,300 - mcp_server - WARNING - Agent marked as inactive: file_agent (instance: file_agent_1765866665)
2025-12-16 14:47:51,300 - mcp_server - WARNING - Agent marked as inactive: settings_agent (instance: settings_agent_1765866666)
2025-12-16 14:47:51,300 - mcp_server - WARNING - Agent marked as inactive: network_agent (instance: network_agent_1765866667)
2025-12-16 14:47:51,300 - mcp_server - WARNING - Agent marked as inactive: app_agent (instance: app_agent_1765866668)
2025-12-16 14:47:51,300 - mcp_server - WARNING - Agent marked as inactive: monitor_agent (instance: monitor_agent_1765866669)
2025-12-16 14:47:51,300 - mcp_server - WARNING - Agent marked as inactive: media_agent (instance: media_agent_1765866670)
2025-12-16 14:47:54,304 - mcp_server - WARNING - Agent marked as inactive: file_agent (instance: file_agent_1765866665)
2025-12-16 14:47:54,304 - mcp_server - WARNING - Agent marked as inactive: settings_agent (instance: settings_agent_1765866666)
2025-12-16 14:47:54,304 - mcp_server - WARNING - Agent marked as inactive: network_agent (instance: network_agent_1765866667)
2025-12-16 14:47:54,304 - mcp_server - WARNING - Agent marked as inactive: app_agent (instance: app_agent_1765866668)
2025-12-16 14:47:54,304 - mcp_server - WARNING - Agent marked as inactive: monitor_agent (instance: monitor_agent_1765866669)
2025-12-16 14:47:54,304 - mcp_server - WARNING - Agent marked as inactive: media_agent (instance: media_agent_1765866670)
2025-12-16 14:47:57,308 - mcp_server - WARNING - Agent marked as inactive: file_agent (instance: file_agent_1765866665)
2025-12-16 14:47:57,308 - mcp_server - WARNING - Agent marked as inactive: settings_agent (instance: settings_agent_1765866666)
2025-12-16 14:47:57,308 - mcp_server - WARNING - Agent marked as inactive: network_agent (instance: network_agent_1765866667)
2025-12-16 14:47:57,308 - mcp_server - WARNING - Agent marked as inactive: app_agent (instance: app_agent_1765866668)
2025-12-16 14:47:57,308 - mcp_server - WARNING - Agent marked as inactive: monitor_agent (instance: monitor_agent_1765866669)
2025-12-16 14:47:57,308 - mcp_server - WARNING - Agent marked as inactive: media_agent (instance: media_agent_1765866670)
2025-12-16 14:48:00,312 - mcp_server - WARNING - Agent marked as inactive: file_agent (instance: file_agent_1765866665)
2025-12-16 14:48:00,312 - mcp_server - WARNING - Agent marked as inactive: settings_agent (instance: settings_agent_1765866666)
2025-12-16 14:48:00,312 - mcp_server - WARNING - Agent marked as inactive: network_agent (instance: network_agent_1765866667)
2025-12-16 14:48:00,312 - mcp_server - WARNING - Agent marked as inactive: app_agent (instance: app_agent_1765866668)
2025-12-16 14:48:00,312 - mcp_server - WARNING - Agent marked as inactive: monitor_agent (instance: monitor_agent_1765866669)
2025-12-16 14:48:00,312 - mcp_server - WARNING - Agent marked as inactive: media_agent (instance: media_agent_1765866670)
2025-12-16 14:48:03,316 - mcp_server - WARNING - Agent marked as inactive: file_agent (instance: file_agent_1765866665)
2025-12-16 14:48:03,316 - mcp_server - WARNING - Agent marked as inactive: settings_agent (instance: settings_agent_1765866666)
2025-12-16 14:48:03,316 - mcp_server - WARNING - Agent marked as inactive: network_agent (instance: network_agent_1765866667)
2025-12-16 14:48:03,316 - mcp_server - WARNING - Agent marked as inactive: app_agent (instance: app_agent_1765866668)
2025-12-16 14:48:03,316 - mcp_server - WARNING - Agent marked as inactive: monitor_agent (instance: monitor_agent_1765866669)
2025-12-16 14:48:03,316 - mcp_server - WARNING - Agent marked as inactive: media_agent (instance: media_agent_1765866670)
2025-12-16 14:48:06,320 - mcp_server - WARNING - Agent marked as inactive: file_agent (instance: file_agent_1765866665)
2025-12-16 14:48:06,320 - mcp_server - WARNING - Agent marked as inactive: settings_agent (instance: settings_agent_1765866666)
2025-12-16 14:48:06,320 - mcp_server - WARNING - Agent marked as inactive: network_agent (instance: network_agent_1765866667)
2025-12-16 14:48:06,320 - mcp_server - WARNING - Agent marked as inactive: app_agent (instance: app_agent_1765866668)
2025-12-16 14:48:06,320 - mcp_server - WARNING - Agent marked as inactive: monitor_agent (instance: monitor_agent_1765866669)
2025-12-16 14:48:06,320 - mcp_server - WARNING - Agent marked as inactive: media_agent (instance: media_agent_1765866670)
2025-12-16 14:48:09,323 - mcp_server - WARNING - Agent marked as inactive: file_agent (instance: file_agent_1765866665)
2025-12-16 14:48:09,324 - mcp_server - WARNING - Agent marked as inactive: settings_agent (instance: settings_agent_1765866666)
2025-12-16 14:48:09,324 - mcp_server - WARNING - Agent marked as inactive: network_agent (instance: network_agent_1765866667)
2025-12-16 14:48:09,324 - mcp_server - WARNING - Agent marked as inactive: app_agent (instance: app_agent_1765866668)
2025-12-16 14:48:09,324 - mcp_server - WARNING - Agent marked as inactive: monitor_agent (instance: monitor_agent_1765866669)
2025-12-16 14:48:09,324 - mcp_server - WARNING - Agent marked as inactive: media_agent (instance: media_agent_1765866670)
2025-12-16 14:48:12,328 - mcp_server - WARNING - Agent marked as inactive: file_agent (instance: file_agent_1765866665)
2025-12-16 14:48:12,328 - mcp_server - WARNING - Agent marked as inactive: settings_agent (instance: settings_agent_1765866666)
2025-12-16 14:48:12,328 - mcp_server - WARNING - Agent marked as inactive: network_agent (instance: network_agent_1765866667)
2025-12-16 14:48:12,328 - mcp_server - WARNING - Agent marked as inactive: app_agent (instance: app_agent_1765866668)
2025-12-16 14:48:12,328 - mcp_server - WARNING - Agent marked as inactive: monitor_agent (instance: monitor_agent_1765866669)
2025-12-16 14:48:12,328 - mcp_server - WARNING - Agent marked as inactive: media_agent (instance: media_agent_1765866670)
2025-12-16 14:48:15,332 - mcp_server - WARNING - Agent marked as inactive: file_agent (instance: file_agent_1765866665)
2025-12-16 14:48:15,332 - mcp_server - WARNING - Agent marked as inactive: settings_agent (instance: settings_agent_1765866666)
2025-12-16 14:48:15,332 - mcp_server - WARNING - Agent marked as inactive: network_agent (instance: network_agent_1765866667)
2025-12-16 14:48:15,332 - mcp_server - WARNING - Agent marked as inactive: app_agent (instance: app_agent_1765866668)
2025-12-16 14:48:15,332 - mcp_server - WARNING - Agent marked as inactive: monitor_agent (instance: monitor_agent_1765866669)
2025-12-16 14:48:15,332 - mcp_server - WARNING - Agent marked as inactive: media_agent (instance: media_agent_1765866670)
2025-12-16 14:48:18,336 - mcp_server - WARNING - Agent marked as inactive: file_agent (instance: file_agent_1765866665)
2025-12-16 14:48:18,336 - mcp_server - WARNING - Agent marked as inactive: settings_agent (instance: settings_agent_1765866666)
2025-12-16 14:48:18,336 - mcp_server - WARNING - Agent marked as inactive: network_agent (instance: network_agent_1765866667)
2025-12-16 14:48:18,336 - mcp_server - WARNING - Agent marked as inactive: app_agent (instance: app_agent_1765866668)
2025-12-16 14:48:18,336 - mcp_server - WARNING - Agent marked as inactive: monitor_agent (instance: monitor_agent_1765866669)
2025-12-16 14:48:18,336 - mcp_server - WARNING - Agent marked as inactive: media_agent (instance: media_agent_1765866670)
2025-12-16 14:48:21,340 - mcp_server - WARNING - Agent marked as inactive: file_agent (instance: file_agent_1765866665)
2025-12-16 14:48:21,340 - mcp_server - WARNING - Agent marked as inactive: settings_agent (instance: settings_agent_1765866666)
2025-12-16 14:48:21,340 - mcp_server - WARNING - Agent marked as inactive: network_agent (instance: network_agent_1765866667)
2025-12-16 14:48:21,340 - mcp_server - WARNING - Agent marked as inactive: app_agent (instance: app_agent_1765866668)
2025-12-16 14:48:21,340 - mcp_server - WARNING - Agent marked as inactive: monitor_agent (instance: monitor_agent_1765866669)
2025-12-16 14:48:21,340 - mcp_server - WARNING - Agent marked as inactive: media_agent (instance: media_agent_1765866670)
2025-12-16 14:48:24,343 - mcp_server - WARNING - Agent marked as inactive: file_agent (instance: file_agent_1765866665)
2025-12-16 14:48:24,344 - mcp_server - WARNING - Agent marked as inactive: settings_agent (instance: settings_agent_1765866666)
2025-12-16 14:48:24,344 - mcp_server - WARNING - Agent marked as inactive: network_agent (instance: network_agent_1765866667)
2025-12-16 14:48:24,344 - mcp_server - WARNING - Agent marked as inactive: app_agent (instance: app_agent_1765866668)
2025-12-16 14:48:24,344 - mcp_server - WARNING - Agent marked as inactive: monitor_agent (instance: monitor_agent_1765866669)
2025-12-16 14:48:24,344 - mcp_server - WARNING - Agent marked as inactive: media_agent (instance: media_agent_1765866670)
2025-12-16 14:48:27,347 - mcp_server - WARNING - Agent marked as inactive: file_agent (instance: file_agent_1765866665)
2025-12-16 14:48:27,348 - mcp_server - WARNING - Agent marked as inactive: settings_agent (instance: settings_agent_1765866666)
2025-12-16 14:48:27,348 - mcp_server - WARNING - Agent marked as inactive: network_agent (instance: network_agent_1765866667)
2025-12-16 14:48:27,348 - mcp_server - WARNING - Agent marked as inactive: app_agent (instance: app_agent_1765866668)
2025-12-16 14:48:27,348 - mcp_server - WARNING - Agent marked as inactive: monitor_agent (instance: monitor_agent_1765866669)
2025-12-16 14:48:27,348 - mcp_server - WARNING - Agent marked as inactive: media_agent (instance: media_agent_1765866670)
2025-12-16 14:48:30,351 - mcp_server - WARNING - Agent marked as inactive: file_agent (instance: file_agent_1765866665)
2025-12-16 14:48:30,351 - mcp_server - WARNING - Agent marked as inactive: settings_agent (instance: settings_agent_1765866666)
2025-12-16 14:48:30,351 - mcp_server - WARNING - Agent marked as inactive: network_agent (instance: network_agent_1765866667)
2025-12-16 14:48:30,352 - mcp_server - WARNING - Agent marked as inactive: app_agent (instance: app_agent_1765866668)
2025-12-16 14:48:30,352 - mcp_server - WARNING - Agent marked as inactive: monitor_agent (instance: monitor_agent_1765866669)
2025-12-16 14:48:30,352 - mcp_server - WARNING - Agent marked as inactive: media_agent (instance: media_agent_1765866670)
2025-12-16 14:48:33,355 - mcp_server - WARNING - Agent marked as inactive: file_agent (instance: file_agent_1765866665)
2025-12-16 14:48:33,355 - mcp_server - WARNING - Agent marked as inactive: settings_agent (instance: settings_agent_1765866666)
2025-12-16 14:48:33,356 - mcp_server - WARNING - Agent marked as inactive: network_agent (instance: network_agent_1765866667)
2025-12-16 14:48:33,356 - mcp_server - WARNING - Agent marked as inactive: app_agent (instance: app_agent_1765866668)
2025-12-16 14:48:33,356 - mcp_server - WARNING - Agent marked as inactive: monitor_agent (instance: monitor_agent_1765866669)
2025-12-16 14:48:33,356 - mcp_server - WARNING - Agent marked as inactive: media_agent (instance: media_agent_1765866670)
2025-12-16 14:48:36,359 - mcp_server - WARNING - Agent marked as inactive: file_agent (instance: file_agent_1765866665)
2025-12-16 14:48:36,359 - mcp_server - WARNING - Agent marked as inactive: settings_agent (instance: settings_agent_1765866666)
2025-12-16 14:48:36,359 - mcp_server - WARNING - Agent marked as inactive: network_agent (instance: network_agent_1765866667)
2025-12-16 14:48:36,359 - mcp_server - WARNING - Agent marked as inactive: app_agent (instance: app_agent_1765866668)
2025-12-16 14:48:36,360 - mcp_server - WARNING - Agent marked as inactive: monitor_agent (instance: monitor_agent_1765866669)
2025-12-16 14:48:36,360 - mcp_server - WARNING - Agent marked as inactive: media_agent (instance: media_agent_1765866670)
2025-12-16 14:48:39,363 - mcp_server - WARNING - Agent marked as inactive: file_agent (instance: file_agent_1765866665)
2025-12-16 14:48:39,363 - mcp_server - WARNING - Agent marked as inactive: settings_agent (instance: settings_agent_1765866666)
2025-12-16 14:48:39,363 - mcp_server - WARNING - Agent marked as inactive: network_agent (instance: network_agent_1765866667)
2025-12-16 14:48:39,363 - mcp_server - WARNING - Agent marked as inactive: app_agent (instance: app_agent_1765866668)
2025-12-16 14:48:39,364 - mcp_server - WARNING - Agent marked as inactive: monitor_agent (instance: monitor_agent_1765866669)
2025-12-16 14:48:39,364 - mcp_server - WARNING - Agent marked as inactive: media_agent (instance: media_agent_1765866670)
2025-12-16 14:48:42,367 - mcp_server - WARNING - Agent marked as inactive: file_agent (instance: file_agent_1765866665)
2025-12-16 14:48:42,367 - mcp_server - WARNING - Agent marked as inactive: settings_agent (instance: settings_agent_1765866666)
2025-12-16 14:48:42,367 - mcp_server - WARNING - Agent marked as inactive: network_agent (instance: network_agent_1765866667)
2025-12-16 14:48:42,368 - mcp_server - WARNING - Agent marked as inactive: app_agent (instance: app_agent_1765866668)
2025-12-16 14:48:42,368 - mcp_server - WARNING - Agent marked as inactive: monitor_agent (instance: monitor_agent_1765866669)
2025-12-16 14:48:42,368 - mcp_server - WARNING - Agent marked as inactive: media_agent (instance: media_agent_1765866670)
2025-12-16 14:48:45,371 - mcp_server - WARNING - Agent marked as inactive: file_agent (instance: file_agent_1765866665)
2025-12-16 14:48:45,371 - mcp_server - WARNING - Agent marked as inactive: settings_agent (instance: settings_agent_1765866666)
2025-12-16 14:48:45,371 - mcp_server - WARNING - Agent marked as inactive: network_agent (instance: network_agent_1765866667)
2025-12-16 14:48:45,372 - mcp_server - WARNING - Agent marked as inactive: app_agent (instance: app_agent_1765866668)
2025-12-16 14:48:45,372 - mcp_server - WARNING - Agent marked as inactive: monitor_agent (instance: monitor_agent_1765866669)
2025-12-16 14:48:45,372 - mcp_server - WARNING - Agent marked as inactive: media_agent (instance: media_agent_1765866670)
2025-12-16 14:48:48,375 - mcp_server - WARNING - Agent marked as inactive: file_agent (instance: file_agent_1765866665)
2025-12-16 14:48:48,375 - mcp_server - WARNING - Agent marked as inactive: settings_agent (instance: settings_agent_1765866666)
2025-12-16 14:48:48,376 - mcp_server - WARNING - Agent marked as inactive: network_agent (instance: network_agent_1765866667)
2025-12-16 14:48:48,376 - mcp_server - WARNING - Agent marked as inactive: app_agent (instance: app_agent_1765866668)
2025-12-16 14:48:48,376 - mcp_server - WARNING - Agent marked as inactive: monitor_agent (instance: monitor_agent_1765866669)
2025-12-16 14:48:48,376 - mcp_server - WARNING - Agent marked as inactive: media_agent (instance: media_agent_1765866670)
2025-12-16 14:48:51,379 - mcp_server - WARNING - Agent marked as inactive: file_agent (instance: file_agent_1765866665)
2025-12-16 14:48:51,379 - mcp_server - WARNING - Agent marked as inactive: settings_agent (instance: settings_agent_1765866666)
2025-12-16 14:48:51,380 - mcp_server - WARNING - Agent marked as inactive: network_agent (instance: network_agent_1765866667)
2025-12-16 14:48:51,380 - mcp_server - WARNING - Agent marked as inactive: app_agent (instance: app_agent_1765866668)
2025-12-16 14:48:51,380 - mcp_server - WARNING - Agent marked as inactive: monitor_agent (instance: monitor_agent_1765866669)
2025-12-16 14:48:51,380 - mcp_server - WARNING - Agent marked as inactive: media_agent (instance: media_agent_1765866670)
2025-12-16 14:48:54,383 - mcp_server - WARNING - Agent marked as inactive: file_agent (instance: file_agent_1765866665)
2025-12-16 14:48:54,384 - mcp_server - WARNING - Agent marked as inactive: settings_agent (instance: settings_agent_1765866666)
2025-12-16 14:48:54,384 - mcp_server - WARNING - Agent marked as inactive: network_agent (instance: network_agent_1765866667)
2025-12-16 14:48:54,384 - mcp_server - WARNING - Agent marked as inactive: app_agent (instance: app_agent_1765866668)
2025-12-16 14:48:54,384 - mcp_server - WARNING - Agent marked as inactive: monitor_agent (instance: monitor_agent_1765866669)
2025-12-16 14:48:54,384 - mcp_server - WARNING - Agent marked as inactive: media_agent (instance: media_agent_1765866670)
2025-12-16 14:48:57,387 - mcp_server - WARNING - Agent marked as inactive: file_agent (instance: file_agent_1765866665)
2025-12-16 14:48:57,388 - mcp_server - WARNING - Agent marked as inactive: settings_agent (instance: settings_agent_1765866666)
2025-12-16 14:48:57,388 - mcp_server - WARNING - Agent marked as inactive: network_agent (instance: network_agent_1765866667)
2025-12-16 14:48:57,388 - mcp_server - WARNING - Agent marked as inactive: app_agent (instance: app_agent_1765866668)
2025-12-16 14:48:57,388 - mcp_server - WARNING - Agent marked as inactive: monitor_agent (instance: monitor_agent_1765866669)
2025-12-16 14:48:57,388 - mcp_server - WARNING - Agent marked as inactive: media_agent (instance: media_agent_1765866670)
2025-12-16 14:49:00,391 - mcp_server - WARNING - Agent marked as inactive: file_agent (instance: file_agent_1765866665)
2025-12-16 14:49:00,392 - mcp_server - WARNING - Agent marked as inactive: settings_agent (instance: settings_agent_1765866666)
2025-12-16 14:49:00,392 - mcp_server - WARNING - Agent marked as inactive: network_agent (instance: network_agent_1765866667)
2025-12-16 14:49:00,392 - mcp_server - WARNING - Agent marked as inactive: app_agent (instance: app_agent_1765866668)
2025-12-16 14:49:00,392 - mcp_server - WARNING - Agent marked as inactive: monitor_agent (instance: monitor_agent_1765866669)
2025-12-16 14:49:00,392 - mcp_server - WARNING - Agent marked as inactive: media_agent (instance: media_agent_1765866670)
2025-12-16 14:49:03,395 - mcp_server - WARNING - Agent marked as inactive: file_agent (instance: file_agent_1765866665)
2025-12-16 14:49:03,396 - mcp_server - WARNING - Agent marked as inactive: settings_agent (instance: settings_agent_1765866666)
2025-12-16 14:49:03,396 - mcp_server - WARNING - Agent marked as inactive: network_agent (instance: network_agent_1765866667)
2025-12-16 14:49:03,396 - mcp_server - WARNING - Agent marked as inactive: app_agent (instance: app_agent_1765866668)
2025-12-16 14:49:03,396 - mcp_server - WARNING - Agent marked as inactive: monitor_agent (instance: monitor_agent_1765866669)
2025-12-16 14:49:03,396 - mcp_server - WARNING - Agent marked as inactive: media_agent (instance: media_agent_1765866670)
2025-12-16 14:49:06,399 - mcp_server - WARNING - Agent marked as inactive: file_agent (instance: file_agent_1765866665)
2025-12-16 14:49:06,400 - mcp_server - WARNING - Agent marked as inactive: settings_agent (instance: settings_agent_1765866666)
2025-12-16 14:49:06,400 - mcp_server - WARNING - Agent marked as inactive: network_agent (instance: network_agent_1765866667)
2025-12-16 14:49:06,400 - mcp_server - WARNING - Agent marked as inactive: app_agent (instance: app_agent_1765866668)
2025-12-16 14:49:06,400 - mcp_server - WARNING - Agent marked as inactive: monitor_agent (instance: monitor_agent_1765866669)
2025-12-16 14:49:06,400 - mcp_server - WARNING - Agent marked as inactive: media_agent (instance: media_agent_1765866670)
2025-12-16 14:49:09,403 - mcp_server - WARNING - Agent marked as inactive: file_agent (instance: file_agent_1765866665)
2025-12-16 14:49:09,404 - mcp_server - WARNING - Agent marked as inactive: settings_agent (instance: settings_agent_1765866666)
2025-12-16 14:49:09,404 - mcp_server - WARNING - Agent marked as inactive: network_agent (instance: network_agent_1765866667)
2025-12-16 14:49:09,404 - mcp_server - WARNING - Agent marked as inactive: app_agent (instance: app_agent_1765866668)
2025-12-16 14:49:09,404 - mcp_server - WARNING - Agent marked as inactive: monitor_agent (instance: monitor_agent_1765866669)
2025-12-16 14:49:09,404 - mcp_server - WARNING - Agent marked as inactive: media_agent (instance: media_agent_1765866670)
2025-12-16 14:49:12,407 - mcp_server - WARNING - Agent marked as inactive: file_agent (instance: file_agent_1765866665)
2025-12-16 14:49:12,408 - mcp_server - WARNING - Agent marked as inactive: settings_agent (instance: settings_agent_1765866666)
2025-12-16 14:49:12,408 - mcp_server - WARNING - Agent marked as inactive: network_agent (instance: network_agent_1765866667)
2025-12-16 14:49:12,408 - mcp_server - WARNING - Agent marked as inactive: app_agent (instance: app_agent_1765866668)
2025-12-16 14:49:12,408 - mcp_server - WARNING - Agent marked as inactive: monitor_agent (instance: monitor_agent_1765866669)
2025-12-16 14:49:12,408 - mcp_server - WARNING - Agent marked as inactive: media_agent (instance: media_agent_1765866670)
2025-12-16 14:49:15,411 - mcp_server - WARNING - Agent marked as inactive: file_agent (instance: file_agent_1765866665)
2025-12-16 14:49:15,412 - mcp_server - WARNING - Agent marked as inactive: settings_agent (instance: settings_agent_1765866666)
2025-12-16 14:49:15,412 - mcp_server - WARNING - Agent marked as inactive: network_agent (instance: network_agent_1765866667)
2025-12-16 14:49:15,412 - mcp_server - WARNING - Agent marked as inactive: app_agent (instance: app_agent_1765866668)
2025-12-16 14:49:15,412 - mcp_server - WARNING - Agent marked as inactive: monitor_agent (instance: monitor_agent_1765866669)
2025-12-16 14:49:15,412 - mcp_server - WARNING - Agent marked as inactive: media_agent (instance: media_agent_1765866670)
2025-12-16 14:49:18,415 - mcp_server - WARNING - Agent marked as inactive: file_agent (instance: file_agent_1765866665)
2025-12-16 14:49:18,415 - mcp_server - WARNING - Agent marked as inactive: settings_agent (instance: settings_agent_1765866666)
2025-12-16 14:49:18,415 - mcp_server - WARNING - Agent marked as inactive: network_agent (instance: network_agent_1765866667)
2025-12-16 14:49:18,415 - mcp_server - WARNING - Agent marked as inactive: app_agent (instance: app_agent_1765866668)
2025-12-16 14:49:18,416 - mcp_server - WARNING - Agent marked as inactive: monitor_agent (instance: monitor_agent_1765866669)
2025-12-16 14:49:18,416 - mcp_server - WARNING - Agent marked as inactive: media_agent (instance: media_agent_1765866670)
2025-12-16 14:49:21,419 - mcp_server - WARNING - Agent marked as inactive: file_agent (instance: file_agent_1765866665)
2025-12-16 14:49:21,419 - mcp_server - WARNING - Agent marked as inactive: settings_agent (instance: settings_agent_1765866666)
2025-12-16 14:49:21,419 - mcp_server - WARNING - Agent marked as inactive: network_agent (instance: network_agent_1765866667)
2025-12-16 14:49:21,419 - mcp_server - WARNING - Agent marked as inactive: app_agent (instance: app_agent_1765866668)
2025-12-16 14:49:21,419 - mcp_server - WARNING - Agent marked as inactive: monitor_agent (instance: monitor_agent_1765866669)
2025-12-16 14:49:21,419 - mcp_server - WARNING - Agent marked as inactive: media_agent (instance: media_agent_1765866670)
2025-12-16 14:49:24,423 - mcp_server - WARNING - Agent marked as inactive: file_agent (instance: file_agent_1765866665)
2025-12-16 14:49:24,423 - mcp_server - WARNING - Agent marked as inactive: settings_agent (instance: settings_agent_1765866666)
2025-12-16 14:49:24,423 - mcp_server - WARNING - Agent marked as inactive: network_agent (instance: network_agent_1765866667)
2025-12-16 14:49:24,423 - mcp_server - WARNING - Agent marked as inactive: app_agent (instance: app_agent_1765866668)
2025-12-16 14:49:24,423 - mcp_server - WARNING - Agent marked as inactive: monitor_agent (instance: monitor_agent_1765866669)
2025-12-16 14:49:24,423 - mcp_server - WARNING - Agent marked as inactive: media_agent (instance: media_agent_1765866670)
2025-12-16 14:49:27,427 - mcp_server - WARNING - Agent marked as inactive: file_agent (instance: file_agent_1765866665)
2025-12-16 14:49:27,427 - mcp_server - WARNING - Agent marked as inactive: settings_agent (instance: settings_agent_1765866666)
2025-12-16 14:49:27,427 - mcp_server - WARNING - Agent marked as inactive: network_agent (instance: network_agent_1765866667)
2025-12-16 14:49:27,427 - mcp_server - WARNING - Agent marked as inactive: app_agent (instance: app_agent_1765866668)
2025-12-16 14:49:27,427 - mcp_server - WARNING - Agent marked as inactive: monitor_agent (instance: monitor_agent_1765866669)
2025-12-16 14:49:27,427 - mcp_server - WARNING - Agent marked as inactive: media_agent (instance: media_agent_1765866670)
2025-12-16 14:49:30,431 - mcp_server - WARNING - Agent marked as inactive: file_agent (instance: file_agent_1765866665)
2025-12-16 14:49:30,431 - mcp_server - WARNING - Agent marked as inactive: settings_agent (instance: settings_agent_1765866666)
2025-12-16 14:49:30,431 - mcp_server - WARNING - Agent marked as inactive: network_agent (instance: network_agent_1765866667)
2025-12-16 14:49:30,431 - mcp_server - WARNING - Agent marked as inactive: app_agent (instance: app_agent_1765866668)
2025-12-16 14:49:30,431 - mcp_server - WARNING - Agent marked as inactive: monitor_agent (instance: monitor_agent_1765866669)
2025-12-16 14:49:30,431 - mcp_server - WARNING - Agent marked as inactive: media_agent (instance: media_agent_1765866670)
2025-12-16 14:49:33,434 - mcp_server - WARNING - Agent marked as inactive: file_agent (instance: file_agent_1765866665)
2025-12-16 14:49:33,435 - mcp_server - WARNING - Agent marked as inactive: settings_agent (instance: settings_agent_1765866666)
2025-12-16 14:49:33,435 - mcp_server - WARNING - Agent marked as inactive: network_agent (instance: network_agent_1765866667)
2025-12-16 14:49:33,435 - mcp_server - WARNING - Agent marked as inactive: app_agent (instance: app_agent_1765866668)
2025-12-16 14:49:33,435 - mcp_server - WARNING - Agent marked as inactive: monitor_agent (instance: monitor_agent_1765866669)
2025-12-16 14:49:33,435 - mcp_server - WARNING - Agent marked as inactive: media_agent (instance: media_agent_1765866670)
2025-12-16 14:49:36,438 - mcp_server - WARNING - Agent marked as inactive: file_agent (instance: file_agent_1765866665)
2025-12-16 14:49:36,439 - mcp_server - WARNING - Agent marked as inactive: settings_agent (instance: settings_agent_1765866666)
2025-12-16 14:49:36,439 - mcp_server - WARNING - Agent marked as inactive: network_agent (instance: network_agent_1765866667)
2025-12-16 14:49:36,439 - mcp_server - WARNING - Agent marked as inactive: app_agent (instance: app_agent_1765866668)
2025-12-16 14:49:36,439 - mcp_server - WARNING - Agent marked as inactive: monitor_agent (instance: monitor_agent_1765866669)
2025-12-16 14:49:36,439 - mcp_server - WARNING - Agent marked as inactive: media_agent (instance: media_agent_1765866670)
2025-12-16 14:49:39,443 - mcp_server - WARNING - Agent marked as inactive: file_agent (instance: file_agent_1765866665)
2025-12-16 14:49:39,443 - mcp_server - WARNING - Agent marked as inactive: settings_agent (instance: settings_agent_1765866666)
2025-12-16 14:49:39,443 - mcp_server - WARNING - Agent marked as inactive: network_agent (instance: network_agent_1765866667)
2025-12-16 14:49:39,443 - mcp_server - WARNING - Agent marked as inactive: app_agent (instance: app_agent_1765866668)
2025-12-16 14:49:39,443 - mcp_server - WARNING - Agent marked as inactive: monitor_agent (instance: monitor_agent_1765866669)
2025-12-16 14:49:39,443 - mcp_server - WARNING - Agent marked as inactive: media_agent (instance: media_agent_1765866670)
2025-12-16 14:49:42,447 - mcp_server - WARNING - Agent marked as inactive: file_agent (instance: file_agent_1765866665)
2025-12-16 14:49:42,447 - mcp_server - WARNING - Agent marked as inactive: settings_agent (instance: settings_agent_1765866666)
2025-12-16 14:49:42,447 - mcp_server - WARNING - Agent marked as inactive: network_agent (instance: network_agent_1765866667)
2025-12-16 14:49:42,447 - mcp_server - WARNING - Agent marked as inactive: app_agent (instance: app_agent_1765866668)
2025-12-16 14:49:42,447 - mcp_server - WARNING - Agent marked as inactive: monitor_agent (instance: monitor_agent_1765866669)
2025-12-16 14:49:42,448 - mcp_server - WARNING - Agent marked as inactive: media_agent (instance: media_agent_1765866670)
2025-12-16 14:49:45,451 - mcp_server - WARNING - Agent marked as inactive: file_agent (instance: file_agent_1765866665)
2025-12-16 14:49:45,451 - mcp_server - WARNING - Agent marked as inactive: settings_agent (instance: settings_agent_1765866666)
2025-12-16 14:49:45,451 - mcp_server - WARNING - Agent marked as inactive: network_agent (instance: network_agent_1765866667)
2025-12-16 14:49:45,451 - mcp_server - WARNING - Agent marked as inactive: app_agent (instance: app_agent_1765866668)
2025-12-16 14:49:45,452 - mcp_server - WARNING - Agent marked as inactive: monitor_agent (instance: monitor_agent_1765866669)
2025-12-16 14:49:45,452 - mcp_server - WARNING - Agent marked as inactive: media_agent (instance: media_agent_1765866670)
2025-12-16 14:49:48,455 - mcp_server - WARNING - Agent marked as inactive: file_agent (instance: file_agent_1765866665)
2025-12-16 14:49:48,455 - mcp_server - WARNING - Agent marked as inactive: settings_agent (instance: settings_agent_1765866666)
2025-12-16 14:49:48,455 - mcp_server - WARNING - Agent marked as inactive: network_agent (instance: network_agent_1765866667)
2025-12-16 14:49:48,455 - mcp_server - WARNING - Agent marked as inactive: app_agent (instance: app_agent_1765866668)
2025-12-16 14:49:48,456 - mcp_server - WARNING - Agent marked as inactive: monitor_agent (instance: monitor_agent_1765866669)
2025-12-16 14:49:48,456 - mcp_server - WARNING - Agent marked as inactive: media_agent (instance: media_agent_1765866670)
2025-12-16 14:49:51,459 - mcp_server - WARNING - Agent marked as inactive: file_agent (instance: file_agent_1765866665)
2025-12-16 14:49:51,459 - mcp_server - WARNING - Agent marked as inactive: settings_agent (instance: settings_agent_1765866666)
2025-12-16 14:49:51,459 - mcp_server - WARNING - Agent marked as inactive: network_agent (instance: network_agent_1765866667)
2025-12-16 14:49:51,460 - mcp_server - WARNING - Agent marked as inactive: app_agent (instance: app_agent_1765866668)
2025-12-16 14:49:51,460 - mcp_server - WARNING - Agent marked as inactive: monitor_agent (instance: monitor_agent_1765866669)
2025-12-16 14:49:51,460 - mcp_server - WARNING - Agent marked as inactive: media_agent (instance: media_agent_1765866670)
2025-12-16 14:49:54,463 - mcp_server - WARNING - Agent marked as inactive: file_agent (instance: file_agent_1765866665)
2025-12-16 14:49:54,463 - mcp_server - WARNING - Agent marked as inactive: settings_agent (instance: settings_agent_1765866666)
2025-12-16 14:49:54,464 - mcp_server - WARNING - Agent marked as inactive: network_agent (instance: network_agent_1765866667)
2025-12-16 14:49:54,464 - mcp_server - WARNING - Agent marked as inactive: app_agent (instance: app_agent_1765866668)
2025-12-16 14:49:54,464 - mcp_server - WARNING - Agent marked as inactive: monitor_agent (instance: monitor_agent_1765866669)
2025-12-16 14:49:54,464 - mcp_server - WARNING - Agent marked as inactive: media_agent (instance: media_agent_1765866670)
2025-12-16 14:49:57,467 - mcp_server - WARNING - Agent marked as inactive: file_agent (instance: file_agent_1765866665)
2025-12-16 14:49:57,467 - mcp_server - WARNING - Agent marked as inactive: settings_agent (instance: settings_agent_1765866666)
2025-12-16 14:49:57,468 - mcp_server - WARNING - Agent marked as inactive: network_agent (instance: network_agent_1765866667)
2025-12-16 14:49:57,468 - mcp_server - WARNING - Agent marked as inactive: app_agent (instance: app_agent_1765866668)
2025-12-16 14:49:57,468 - mcp_server - WARNING - Agent marked as inactive: monitor_agent (instance: monitor_agent_1765866669)
2025-12-16 14:49:57,468 - mcp_server - WARNING - Agent marked as inactive: media_agent (instance: media_agent_1765866670)
2025-12-16 14:50:00,471 - mcp_server - WARNING - Agent marked as inactive: file_agent (instance: file_agent_1765866665)
2025-12-16 14:50:00,471 - mcp_server - WARNING - Agent marked as inactive: settings_agent (instance: settings_agent_1765866666)
2025-12-16 14:50:00,471 - mcp_server - WARNING - Agent marked as inactive: network_agent (instance: network_agent_1765866667)
2025-12-16 14:50:00,471 - mcp_server - WARNING - Agent marked as inactive: app_agent (instance: app_agent_1765866668)
2025-12-16 14:50:00,471 - mcp_server - WARNING - Agent marked as inactive: monitor_agent (instance: monitor_agent_1765866669)
2025-12-16 14:50:00,472 - mcp_server - WARNING - Agent marked as inactive: media_agent (instance: media_agent_1765866670)
2025-12-16 14:50:03,474 - mcp_server - WARNING - Agent marked as inactive: file_agent (instance: file_agent_1765866665)
2025-12-16 14:50:03,474 - mcp_server - WARNING - Agent marked as inactive: settings_agent (instance: settings_agent_1765866666)
2025-12-16 14:50:03,474 - mcp_server - WARNING - Agent marked as inactive: network_agent (instance: network_agent_1765866667)
2025-12-16 14:50:03,474 - mcp_server - WARNING - Agent marked as inactive: app_agent (instance: app_agent_1765866668)
2025-12-16 14:50:03,474 - mcp_server - WARNING - Agent marked as inactive: monitor_agent (instance: monitor_agent_1765866669)
2025-12-16 14:50:03,474 - mcp_server - WARNING - Agent marked as inactive: media_agent (instance: media_agent_1765866670)
2025-12-16 14:50:06,477 - mcp_server - WARNING - Agent marked as inactive: file_agent (instance: file_agent_1765866665)
2025-12-16 14:50:06,477 - mcp_server - WARNING - Agent marked as inactive: settings_agent (instance: settings_agent_1765866666)
2025-12-16 14:50:06,477 - mcp_server - WARNING - Agent marked as inactive: network_agent (instance: network_agent_1765866667)
2025-12-16 14:50:06,478 - mcp_server - WARNING - Agent marked as inactive: app_agent (instance: app_agent_1765866668)
2025-12-16 14:50:06,478 - mcp_server - WARNING - Agent marked as inactive: monitor_agent (instance: monitor_agent_1765866669)
2025-12-16 14:50:06,478 - mcp_server - WARNING - Agent marked as inactive: media_agent (instance: media_agent_1765866670)
2025-12-16 14:50:09,481 - mcp_server - WARNING - Agent marked as inactive: file_agent (instance: file_agent_1765866665)
2025-12-16 14:50:09,481 - mcp_server - WARNING - Agent marked as inactive: settings_agent (instance: settings_agent_1765866666)
2025-12-16 14:50:09,482 - mcp_server - WARNING - Agent marked as inactive: network_agent (instance: network_agent_1765866667)
2025-12-16 14:50:09,482 - mcp_server - WARNING - Agent marked as inactive: app_agent (instance: app_agent_1765866668)
2025-12-16 14:50:09,482 - mcp_server - WARNING - Agent marked as inactive: monitor_agent (instance: monitor_agent_1765866669)
2025-12-16 14:50:09,482 - mcp_server - WARNING - Agent marked as inactive: media_agent (instance: media_agent_1765866670)
2025-12-16 14:50:12,485 - mcp_server - WARNING - Agent marked as inactive: file_agent (instance: file_agent_1765866665)
2025-12-16 14:50:12,486 - mcp_server - WARNING - Agent marked as inactive: settings_agent (instance: settings_agent_1765866666)
2025-12-16 14:50:12,486 - mcp_server - WARNING - Agent marked as inactive: network_agent (instance: network_agent_1765866667)
2025-12-16 14:50:12,486 - mcp_server - WARNING - Agent marked as inactive: app_agent (instance: app_agent_1765866668)
2025-12-16 14:50:12,486 - mcp_server - WARNING - Agent marked as inactive: monitor_agent (instance: monitor_agent_1765866669)
2025-12-16 14:50:12,486 - mcp_server - WARNING - Agent marked as inactive: media_agent (instance: media_agent_1765866670)
2025-12-16 14:50:15,489 - mcp_server - WARNING - Agent marked as inactive: file_agent (instance: file_agent_1765866665)
2025-12-16 14:50:15,490 - mcp_server - WARNING - Agent marked as inactive: settings_agent (instance: settings_agent_1765866666)
2025-12-16 14:50:15,490 - mcp_server - WARNING - Agent marked as inactive: network_agent (instance: network_agent_1765866667)
2025-12-16 14:50:15,490 - mcp_server - WARNING - Agent marked as inactive: app_agent (instance: app_agent_1765866668)
2025-12-16 14:50:15,490 - mcp_server - WARNING - Agent marked as inactive: monitor_agent (instance: monitor_agent_1765866669)
2025-12-16 14:50:15,490 - mcp_server - WARNING - Agent marked as inactive: media_agent (instance: media_agent_1765866670)
2025-12-16 14:50:18,493 - mcp_server - WARNING - Agent marked as inactive: file_agent (instance: file_agent_1765866665)
2025-12-16 14:50:18,494 - mcp_server - WARNING - Agent marked as inactive: settings_agent (instance: settings_agent_1765866666)
2025-12-16 14:50:18,494 - mcp_server - WARNING - Agent marked as inactive: network_agent (instance: network_agent_1765866667)
2025-12-16 14:50:18,494 - mcp_server - WARNING - Agent marked as inactive: app_agent (instance: app_agent_1765866668)
2025-12-16 14:50:18,494 - mcp_server - WARNING - Agent marked as inactive: monitor_agent (instance: monitor_agent_1765866669)
2025-12-16 14:50:18,494 - mcp_server - WARNING - Agent marked as inactive: media_agent (instance: media_agent_1765866670)
2025-12-16 14:50:21,497 - mcp_server - WARNING - Agent marked as inactive: file_agent (instance: file_agent_1765866665)
2025-12-16 14:50:21,498 - mcp_server - WARNING - Agent marked as inactive: settings_agent (instance: settings_agent_1765866666)
2025-12-16 14:50:21,498 - mcp_server - WARNING - Agent marked as inactive: network_agent (instance: network_agent_1765866667)
2025-12-16 14:50:21,498 - mcp_server - WARNING - Agent marked as inactive: app_agent (instance: app_agent_1765866668)
2025-12-16 14:50:21,498 - mcp_server - WARNING - Agent marked as inactive: monitor_agent (instance: monitor_agent_1765866669)
2025-12-16 14:50:21,498 - mcp_server - WARNING - Agent marked as inactive: media_agent (instance: media_agent_1765866670)
2025-12-16 14:50:24,502 - mcp_server - WARNING - Agent marked as inactive: file_agent (instance: file_agent_1765866665)
2025-12-16 14:50:24,502 - mcp_server - WARNING - Agent marked as inactive: settings_agent (instance: settings_agent_1765866666)
2025-12-16 14:50:24,502 - mcp_server - WARNING - Agent marked as inactive: network_agent (instance: network_agent_1765866667)
2025-12-16 14:50:24,502 - mcp_server - WARNING - Agent marked as inactive: app_agent (instance: app_agent_1765866668)
2025-12-16 14:50:24,502 - mcp_server - WARNING - Agent marked as inactive: monitor_agent (instance: monitor_agent_1765866669)
2025-12-16 14:50:24,502 - mcp_server - WARNING - Agent marked as inactive: media_agent (instance: media_agent_1765866670)
2025-12-16 14:50:27,506 - mcp_server - WARNING - Agent marked as inactive: file_agent (instance: file_agent_1765866665)
2025-12-16 14:50:27,506 - mcp_server - WARNING - Agent marked as inactive: settings_agent (instance: settings_agent_1765866666)
2025-12-16 14:50:27,506 - mcp_server - WARNING - Agent marked as inactive: network_agent (instance: network_agent_1765866667)
2025-12-16 14:50:27,506 - mcp_server - WARNING - Agent marked as inactive: app_agent (instance: app_agent_1765866668)
2025-12-16 14:50:27,506 - mcp_server - WARNING - Agent marked as inactive: monitor_agent (instance: monitor_agent_1765866669)
2025-12-16 14:50:27,506 - mcp_server - WARNING - Agent marked as inactive: media_agent (instance: media_agent_1765866670)
2025-12-16 14:50:30,510 - mcp_server - WARNING - Agent marked as inactive: file_agent (instance: file_agent_1765866665)
2025-12-16 14:50:30,510 - mcp_server - WARNING - Agent marked as inactive: settings_agent (instance: settings_agent_1765866666)
2025-12-16 14:50:30,510 - mcp_server - WARNING - Agent marked as inactive: network_agent (instance: network_agent_1765866667)
2025-12-16 14:50:30,510 - mcp_server - WARNING - Agent marked as inactive: app_agent (instance: app_agent_1765866668)
2025-12-16 14:50:30,510 - mcp_server - WARNING - Agent marked as inactive: monitor_agent (instance: monitor_agent_1765866669)
2025-12-16 14:50:30,510 - mcp_server - WARNING - Agent marked as inactive: media_agent (instance: media_agent_1765866670)
2025-12-16 14:50:33,513 - mcp_server - WARNING - Agent marked as inactive: file_agent (instance: file_agent_1765866665)
2025-12-16 14:50:33,514 - mcp_server - WARNING - Agent marked as inactive: settings_agent (instance: settings_agent_1765866666)
2025-12-16 14:50:33,514 - mcp_server - WARNING - Agent marked as inactive: network_agent (instance: network_agent_1765866667)
2025-12-16 14:50:33,514 - mcp_server - WARNING - Agent marked as inactive: app_agent (instance: app_agent_1765866668)
2025-12-16 14:50:33,514 - mcp_server - WARNING - Agent marked as inactive: monitor_agent (instance: monitor_agent_1765866669)
2025-12-16 14:50:33,514 - mcp_server - WARNING - Agent marked as inactive: media_agent (instance: media_agent_1765866670)
2025-12-16 14:50:36,517 - mcp_server - WARNING - Agent marked as inactive: file_agent (instance: file_agent_1765866665)
2025-12-16 14:50:36,518 - mcp_server - WARNING - Agent marked as inactive: settings_agent (instance: settings_agent_1765866666)
2025-12-16 14:50:36,518 - mcp_server - WARNING - Agent marked as inactive: network_agent (instance: network_agent_1765866667)
2025-12-16 14:50:36,518 - mcp_server - WARNING - Agent marked as inactive: app_agent (instance: app_agent_1765866668)
2025-12-16 14:50:36,518 - mcp_server - WARNING - Agent marked as inactive: monitor_agent (instance: monitor_agent_1765866669)
2025-12-16 14:50:36,518 - mcp_server - WARNING - Agent marked as inactive: media_agent (instance: media_agent_1765866670)
2025-12-16 14:50:39,521 - mcp_server - WARNING - Agent marked as inactive: file_agent (instance: file_agent_1765866665)
2025-12-16 14:50:39,521 - mcp_server - WARNING - Agent marked as inactive: settings_agent (instance: settings_agent_1765866666)
2025-12-16 14:50:39,522 - mcp_server - WARNING - Agent marked as inactive: network_agent (instance: network_agent_1765866667)
2025-12-16 14:50:39,522 - mcp_server - WARNING - Agent marked as inactive: app_agent (instance: app_agent_1765866668)
2025-12-16 14:50:39,522 - mcp_server - WARNING - Agent marked as inactive: monitor_agent (instance: monitor_agent_1765866669)
2025-12-16 14:50:39,522 - mcp_server - WARNING - Agent marked as inactive: media_agent (instance: media_agent_1765866670)
2025-12-16 14:50:42,525 - mcp_server - WARNING - Agent marked as inactive: file_agent (instance: file_agent_1765866665)
2025-12-16 14:50:42,526 - mcp_server - WARNING - Agent marked as inactive: settings_agent (instance: settings_agent_1765866666)
2025-12-16 14:50:42,526 - mcp_server - WARNING - Agent marked as inactive: network_agent (instance: network_agent_1765866667)
2025-12-16 14:50:42,526 - mcp_server - WARNING - Agent marked as inactive: app_agent (instance: app_agent_1765866668)
2025-12-16 14:50:42,526 - mcp_server - WARNING - Agent marked as inactive: monitor_agent (instance: monitor_agent_1765866669)
2025-12-16 14:50:42,526 - mcp_server - WARNING - Agent marked as inactive: media_agent (instance: media_agent_1765866670)
2025-12-16 14:50:45,529 - mcp_server - WARNING - Agent marked as inactive: file_agent (instance: file_agent_1765866665)
2025-12-16 14:50:45,529 - mcp_server - WARNING - Agent marked as inactive: settings_agent (instance: settings_agent_1765866666)
2025-12-16 14:50:45,530 - mcp_server - WARNING - Agent marked as inactive: network_agent (instance: network_agent_1765866667)
2025-12-16 14:50:45,530 - mcp_server - WARNING - Agent marked as inactive: app_agent (instance: app_agent_1765866668)
2025-12-16 14:50:45,530 - mcp_server - WARNING - Agent marked as inactive: monitor_agent (instance: monitor_agent_1765866669)
2025-12-16 14:50:45,530 - mcp_server - WARNING - Agent marked as inactive: media_agent (instance: media_agent_1765866670)
2025-12-16 14:50:48,533 - mcp_server - WARNING - Agent marked as inactive: file_agent (instance: file_agent_1765866665)
2025-12-16 14:50:48,534 - mcp_server - WARNING - Agent marked as inactive: settings_agent (instance: settings_agent_1765866666)
2025-12-16 14:50:48,534 - mcp_server - WARNING - Agent marked as inactive: network_agent (instance: network_agent_1765866667)
2025-12-16 14:50:48,534 - mcp_server - WARNING - Agent marked as inactive: app_agent (instance: app_agent_1765866668)
2025-12-16 14:50:48,534 - mcp_server - WARNING - Agent marked as inactive: monitor_agent (instance: monitor_agent_1765866669)
2025-12-16 14:50:48,534 - mcp_server - WARNING - Agent marked as inactive: media_agent (instance: media_agent_1765866670)
2025-12-16 14:50:51,537 - mcp_server - WARNING - Agent marked as inactive: file_agent (instance: file_agent_1765866665)
2025-12-16 14:50:51,537 - mcp_server - WARNING - Agent marked as inactive: settings_agent (instance: settings_agent_1765866666)
2025-12-16 14:50:51,537 - mcp_server - WARNING - Agent marked as inactive: network_agent (instance: network_agent_1765866667)
2025-12-16 14:50:51,538 - mcp_server - WARNING - Agent marked as inactive: app_agent (instance: app_agent_1765866668)
2025-12-16 14:50:51,538 - mcp_server - WARNING - Agent marked as inactive: monitor_agent (instance: monitor_agent_1765866669)
2025-12-16 14:50:51,538 - mcp_server - WARNING - Agent marked as inactive: media_agent (instance: media_agent_1765866670)
2025-12-16 14:50:54,541 - mcp_server - WARNING - Agent marked as inactive: file_agent (instance: file_agent_1765866665)
2025-12-16 14:50:54,541 - mcp_server - WARNING - Agent marked as inactive: settings_agent (instance: settings_agent_1765866666)
2025-12-16 14:50:54,541 - mcp_server - WARNING - Agent marked as inactive: network_agent (instance: network_agent_1765866667)
2025-12-16 14:50:54,541 - mcp_server - WARNING - Agent marked as inactive: app_agent (instance: app_agent_1765866668)
2025-12-16 14:50:54,541 - mcp_server - WARNING - Agent marked as inactive: monitor_agent (instance: monitor_agent_1765866669)
2025-12-16 14:50:54,541 - mcp_server - WARNING - Agent marked as inactive: media_agent (instance: media_agent_1765866670)
2025-12-16 14:50:57,544 - mcp_server - WARNING - Agent marked as inactive: file_agent (instance: file_agent_1765866665)
2025-12-16 14:50:57,544 - mcp_server - WARNING - Agent marked as inactive: settings_agent (instance: settings_agent_1765866666)
2025-12-16 14:50:57,545 - mcp_server - WARNING - Agent marked as inactive: network_agent (instance: network_agent_1765866667)
2025-12-16 14:50:57,545 - mcp_server - WARNING - Agent marked as inactive: app_agent (instance: app_agent_1765866668)
2025-12-16 14:50:57,545 - mcp_server - WARNING - Agent marked as inactive: monitor_agent (instance: monitor_agent_1765866669)
2025-12-16 14:50:57,545 - mcp_server - WARNING - Agent marked as inactive: media_agent (instance: media_agent_1765866670)
2025-12-16 14:51:00,548 - mcp_server - WARNING - Agent marked as inactive: file_agent (instance: file_agent_1765866665)
2025-12-16 14:51:00,549 - mcp_server - WARNING - Agent marked as inactive: settings_agent (instance: settings_agent_1765866666)
2025-12-16 14:51:00,549 - mcp_server - WARNING - Agent marked as inactive: network_agent (instance: network_agent_1765866667)
2025-12-16 14:51:00,549 - mcp_server - WARNING - Agent marked as inactive: app_agent (instance: app_agent_1765866668)
2025-12-16 14:51:00,549 - mcp_server - WARNING - Agent marked as inactive: monitor_agent (instance: monitor_agent_1765866669)
2025-12-16 14:51:00,549 - mcp_server - WARNING - Agent marked as inactive: media_agent (instance: media_agent_1765866670)
2025-12-16 14:51:03,552 - mcp_server - WARNING - Agent marked as inactive: file_agent (instance: file_agent_1765866665)
2025-12-16 14:51:03,553 - mcp_server - WARNING - Agent marked as inactive: settings_agent (instance: settings_agent_1765866666)
2025-12-16 14:51:03,553 - mcp_server - WARNING - Agent marked as inactive: network_agent (instance: network_agent_1765866667)
2025-12-16 14:51:03,553 - mcp_server - WARNING - Agent marked as inactive: app_agent (instance: app_agent_1765866668)
2025-12-16 14:51:03,553 - mcp_server - WARNING - Agent marked as inactive: monitor_agent (instance: monitor_agent_1765866669)
2025-12-16 14:51:03,553 - mcp_server - WARNING - Agent marked as inactive: media_agent (instance: media_agent_1765866670)
2025-12-16 14:51:06,556 - mcp_server - WARNING - Agent marked as inactive: file_agent (instance: file_agent_1765866665)
2025-12-16 14:51:06,556 - mcp_server - WARNING - Agent marked as inactive: settings_agent (instance: settings_agent_1765866666)
2025-12-16 14:51:06,557 - mcp_server - WARNING - Agent marked as inactive: network_agent (instance: network_agent_1765866667)
2025-12-16 14:51:06,557 - mcp_server - WARNING - Agent marked as inactive: app_agent (instance: app_agent_1765866668)
2025-12-16 14:51:06,557 - mcp_server - WARNING - Agent marked as inactive: monitor_agent (instance: monitor_agent_1765866669)
2025-12-16 14:51:06,557 - mcp_server - WARNING - Agent marked as inactive: media_agent (instance: media_agent_1765866670)
2025-12-16 14:51:09,560 - mcp_server - WARNING - Agent marked as inactive: file_agent (instance: file_agent_1765866665)
2025-12-16 14:51:09,560 - mcp_server - WARNING - Agent marked as inactive: settings_agent (instance: settings_agent_1765866666)
2025-12-16 14:51:09,560 - mcp_server - WARNING - Agent marked as inactive: network_agent (instance: network_agent_1765866667)
2025-12-16 14:51:09,560 - mcp_server - WARNING - Agent marked as inactive: app_agent (instance: app_agent_1765866668)
2025-12-16 14:51:09,560 - mcp_server - WARNING - Agent marked as inactive: monitor_agent (instance: monitor_agent_1765866669)
2025-12-16 14:51:09,561 - mcp_server - WARNING - Agent marked as inactive: media_agent (instance: media_agent_1765866670)
2025-12-16 14:51:12,564 - mcp_server - WARNING - Agent marked as inactive: file_agent (instance: file_agent_1765866665)
2025-12-16 14:51:12,564 - mcp_server - WARNING - Agent marked as inactive: settings_agent (instance: settings_agent_1765866666)
2025-12-16 14:51:12,564 - mcp_server - WARNING - Agent marked as inactive: network_agent (instance: network_agent_1765866667)
2025-12-16 14:51:12,564 - mcp_server - WARNING - Agent marked as inactive: app_agent (instance: app_agent_1765866668)
2025-12-16 14:51:12,565 - mcp_server - WARNING - Agent marked as inactive: monitor_agent (instance: monitor_agent_1765866669)
2025-12-16 14:51:12,565 - mcp_server - WARNING - Agent marked as inactive: media_agent (instance: media_agent_1765866670)
2025-12-16 14:51:15,568 - mcp_server - WARNING - Agent marked as inactive: file_agent (instance: file_agent_1765866665)
2025-12-16 14:51:15,568 - mcp_server - WARNING - Agent marked as inactive: settings_agent (instance: settings_agent_1765866666)
2025-12-16 14:51:15,568 - mcp_server - WARNING - Agent marked as inactive: network_agent (instance: network_agent_1765866667)
2025-12-16 14:51:15,568 - mcp_server - WARNING - Agent marked as inactive: app_agent (instance: app_agent_1765866668)
2025-12-16 14:51:15,569 - mcp_server - WARNING - Agent marked as inactive: monitor_agent (instance: monitor_agent_1765866669)
2025-12-16 14:51:15,569 - mcp_server - WARNING - Agent marked as inactive: media_agent (instance: media_agent_1765866670)
2025-12-16 14:51:18,572 - mcp_server - WARNING - Agent marked as inactive: file_agent (instance: file_agent_1765866665)
2025-12-16 14:51:18,572 - mcp_server - WARNING - Agent marked as inactive: settings_agent (instance: settings_agent_1765866666)
2025-12-16 14:51:18,572 - mcp_server - WARNING - Agent marked as inactive: network_agent (instance: network_agent_1765866667)
2025-12-16 14:51:18,573 - mcp_server - WARNING - Agent marked as inactive: app_agent (instance: app_agent_1765866668)
2025-12-16 14:51:18,573 - mcp_server - WARNING - Agent marked as inactive: monitor_agent (instance: monitor_agent_1765866669)
2025-12-16 14:51:18,573 - mcp_server - WARNING - Agent marked as inactive: media_agent (instance: media_agent_1765866670)
2025-12-16 14:51:21,576 - mcp_server - WARNING - Agent marked as inactive: file_agent (instance: file_agent_1765866665)
2025-12-16 14:51:21,576 - mcp_server - WARNING - Agent marked as inactive: settings_agent (instance: settings_agent_1765866666)
2025-12-16 14:51:21,576 - mcp_server - WARNING - Agent marked as inactive: network_agent (instance: network_agent_1765866667)
2025-12-16 14:51:21,576 - mcp_server - WARNING - Agent marked as inactive: app_agent (instance: app_agent_1765866668)
2025-12-16 14:51:21,577 - mcp_server - WARNING - Agent marked as inactive: monitor_agent (instance: monitor_agent_1765866669)
2025-12-16 14:51:21,577 - mcp_server - WARNING - Agent marked as inactive: media_agent (instance: media_agent_1765866670)
2025-12-16 14:51:24,580 - mcp_server - WARNING - Agent marked as inactive: file_agent (instance: file_agent_1765866665)
2025-12-16 14:51:24,580 - mcp_server - WARNING - Agent marked as inactive: settings_agent (instance: settings_agent_1765866666)
2025-12-16 14:51:24,580 - mcp_server - WARNING - Agent marked as inactive: network_agent (instance: network_agent_1765866667)
2025-12-16 14:51:24,580 - mcp_server - WARNING - Agent marked as inactive: app_agent (instance: app_agent_1765866668)
2025-12-16 14:51:24,580 - mcp_server - WARNING - Agent marked as inactive: monitor_agent (instance: monitor_agent_1765866669)
2025-12-16 14:51:24,581 - mcp_server - WARNING - Agent marked as inactive: media_agent (instance: media_agent_1765866670)
2025-12-16 14:51:27,584 - mcp_server - WARNING - Agent marked as inactive: file_agent (instance: file_agent_1765866665)
2025-12-16 14:51:27,584 - mcp_server - WARNING - Agent marked as inactive: settings_agent (instance: settings_agent_1765866666)
2025-12-16 14:51:27,584 - mcp_server - WARNING - Agent marked as inactive: network_agent (instance: network_agent_1765866667)
2025-12-16 14:51:27,584 - mcp_server - WARNING - Agent marked as inactive: app_agent (instance: app_agent_1765866668)
2025-12-16 14:51:27,585 - mcp_server - WARNING - Agent marked as inactive: monitor_agent (instance: monitor_agent_1765866669)
2025-12-16 14:51:27,585 - mcp_server - WARNING - Agent marked as inactive: media_agent (instance: media_agent_1765866670)
2025-12-16 14:51:30,588 - mcp_server - WARNING - Agent marked as inactive: file_agent (instance: file_agent_1765866665)
2025-12-16 14:51:30,588 - mcp_server - WARNING - Agent marked as inactive: settings_agent (instance: settings_agent_1765866666)
2025-12-16 14:51:30,588 - mcp_server - WARNING - Agent marked as inactive: network_agent (instance: network_agent_1765866667)
2025-12-16 14:51:30,588 - mcp_server - WARNING - Agent marked as inactive: app_agent (instance: app_agent_1765866668)
2025-12-16 14:51:30,588 - mcp_server - WARNING - Agent marked as inactive: monitor_agent (instance: monitor_agent_1765866669)
2025-12-16 14:51:30,589 - mcp_server - WARNING - Agent marked as inactive: media_agent (instance: media_agent_1765866670)
2025-12-16 14:51:33,592 - mcp_server - WARNING - Agent marked as inactive: file_agent (instance: file_agent_1765866665)
2025-12-16 14:51:33,592 - mcp_server - WARNING - Agent marked as inactive: settings_agent (instance: settings_agent_1765866666)
2025-12-16 14:51:33,592 - mcp_server - WARNING - Agent marked as inactive: network_agent (instance: network_agent_1765866667)
2025-12-16 14:51:33,592 - mcp_server - WARNING - Agent marked as inactive: app_agent (instance: app_agent_1765866668)
2025-12-16 14:51:33,593 - mcp_server - WARNING - Agent marked as inactive: monitor_agent (instance: monitor_agent_1765866669)
2025-12-16 14:51:33,593 - mcp_server - WARNING - Agent marked as inactive: media_agent (instance: media_agent_1765866670)
2025-12-16 14:51:36,595 - mcp_server - WARNING - Agent marked as inactive: file_agent (instance: file_agent_1765866665)
2025-12-16 14:51:36,595 - mcp_server - WARNING - Agent marked as inactive: settings_agent (instance: settings_agent_1765866666)
2025-12-16 14:51:36,596 - mcp_server - WARNING - Agent marked as inactive: network_agent (instance: network_agent_1765866667)
2025-12-16 14:51:36,596 - mcp_server - WARNING - Agent marked as inactive: app_agent (instance: app_agent_1765866668)
2025-12-16 14:51:36,596 - mcp_server - WARNING - Agent marked as inactive: monitor_agent (instance: monitor_agent_1765866669)
2025-12-16 14:51:36,596 - mcp_server - WARNING - Agent marked as inactive: media_agent (instance: media_agent_1765866670)
2025-12-16 14:51:39,599 - mcp_server - WARNING - Agent marked as inactive: file_agent (instance: file_agent_1765866665)
2025-12-16 14:51:39,599 - mcp_server - WARNING - Agent marked as inactive: settings_agent (instance: settings_agent_1765866666)
2025-12-16 14:51:39,600 - mcp_server - WARNING - Agent marked as inactive: network_agent (instance: network_agent_1765866667)
2025-12-16 14:51:39,600 - mcp_server - WARNING - Agent marked as inactive: app_agent (instance: app_agent_1765866668)
2025-12-16 14:51:39,600 - mcp_server - WARNING - Agent marked as inactive: monitor_agent (instance: monitor_agent_1765866669)
2025-12-16 14:51:39,600 - mcp_server - WARNING - Agent marked as inactive: media_agent (instance: media_agent_1765866670)
2025-12-16 14:51:42,603 - mcp_server - WARNING - Agent marked as inactive: file_agent (instance: file_agent_1765866665)
2025-12-16 14:51:42,604 - mcp_server - WARNING - Agent marked as inactive: settings_agent (instance: settings_agent_1765866666)
2025-12-16 14:51:42,604 - mcp_server - WARNING - Agent marked as inactive: network_agent (instance: network_agent_1765866667)
2025-12-16 14:51:42,604 - mcp_server - WARNING - Agent marked as inactive: app_agent (instance: app_agent_1765866668)
2025-12-16 14:51:42,604 - mcp_server - WARNING - Agent marked as inactive: monitor_agent (instance: monitor_agent_1765866669)
2025-12-16 14:51:42,604 - mcp_server - WARNING - Agent marked as inactive: media_agent (instance: media_agent_1765866670)
2025-12-16 14:51:45,607 - mcp_server - WARNING - Agent marked as inactive: file_agent (instance: file_agent_1765866665)
2025-12-16 14:51:45,608 - mcp_server - WARNING - Agent marked as inactive: settings_agent (instance: settings_agent_1765866666)
2025-12-16 14:51:45,608 - mcp_server - WARNING - Agent marked as inactive: network_agent (instance: network_agent_1765866667)
2025-12-16 14:51:45,608 - mcp_server - WARNING - Agent marked as inactive: app_agent (instance: app_agent_1765866668)
2025-12-16 14:51:45,608 - mcp_server - WARNING - Agent marked as inactive: monitor_agent (instance: monitor_agent_1765866669)
2025-12-16 14:51:45,608 - mcp_server - WARNING - Agent marked as inactive: media_agent (instance: media_agent_1765866670)
2025-12-16 14:51:48,611 - mcp_server - WARNING - Agent marked as inactive: file_agent (instance: file_agent_1765866665)
2025-12-16 14:51:48,612 - mcp_server - WARNING - Agent marked as inactive: settings_agent (instance: settings_agent_1765866666)
2025-12-16 14:51:48,612 - mcp_server - WARNING - Agent marked as inactive: network_agent (instance: network_agent_1765866667)
2025-12-16 14:51:48,612 - mcp_server - WARNING - Agent marked as inactive: app_agent (instance: app_agent_1765866668)
2025-12-16 14:51:48,612 - mcp_server - WARNING - Agent marked as inactive: monitor_agent (instance: monitor_agent_1765866669)
2025-12-16 14:51:48,612 - mcp_server - WARNING - Agent marked as inactive: media_agent (instance: media_agent_1765866670)
2025-12-16 14:51:51,615 - mcp_server - WARNING - Agent marked as inactive: file_agent (instance: file_agent_1765866665)
2025-12-16 14:51:51,616 - mcp_server - WARNING - Agent marked as inactive: settings_agent (instance: settings_agent_1765866666)
2025-12-16 14:51:51,616 - mcp_server - WARNING - Agent marked as inactive: network_agent (instance: network_agent_1765866667)
2025-12-16 14:51:51,616 - mcp_server - WARNING - Agent marked as inactive: app_agent (instance: app_agent_1765866668)
2025-12-16 14:51:51,616 - mcp_server - WARNING - Agent marked as inactive: monitor_agent (instance: monitor_agent_1765866669)
2025-12-16 14:51:51,616 - mcp_server - WARNING - Agent marked as inactive: media_agent (instance: media_agent_1765866670)
2025-12-16 14:51:54,619 - mcp_server - WARNING - Agent marked as inactive: file_agent (instance: file_agent_1765866665)
2025-12-16 14:51:54,620 - mcp_server - WARNING - Agent marked as inactive: settings_agent (instance: settings_agent_1765866666)
2025-12-16 14:51:54,620 - mcp_server - WARNING - Agent marked as inactive: network_agent (instance: network_agent_1765866667)
2025-12-16 14:51:54,620 - mcp_server - WARNING - Agent marked as inactive: app_agent (instance: app_agent_1765866668)
2025-12-16 14:51:54,620 - mcp_server - WARNING - Agent marked as inactive: monitor_agent (instance: monitor_agent_1765866669)
2025-12-16 14:51:54,620 - mcp_server - WARNING - Agent marked as inactive: media_agent (instance: media_agent_1765866670)
2025-12-16 14:51:57,624 - mcp_server - WARNING - Agent marked as inactive: file_agent (instance: file_agent_1765866665)
2025-12-16 14:51:57,624 - mcp_server - WARNING - Agent marked as inactive: settings_agent (instance: settings_agent_1765866666)
2025-12-16 14:51:57,624 - mcp_server - WARNING - Agent marked as inactive: network_agent (instance: network_agent_1765866667)
2025-12-16 14:51:57,624 - mcp_server - WARNING - Agent marked as inactive: app_agent (instance: app_agent_1765866668)
2025-12-16 14:51:57,624 - mcp_server - WARNING - Agent marked as inactive: monitor_agent (instance: monitor_agent_1765866669)
2025-12-16 14:51:57,624 - mcp_server - WARNING - Agent marked as inactive: media_agent (instance: media_agent_1765866670)
2025-12-16 14:52:00,628 - mcp_server - WARNING - Agent marked as inactive: file_agent (instance: file_agent_1765866665)
2025-12-16 14:52:00,628 - mcp_server - WARNING - Agent marked as inactive: settings_agent (instance: settings_agent_1765866666)
2025-12-16 14:52:00,628 - mcp_server - WARNING - Agent marked as inactive: network_agent (instance: network_agent_1765866667)
2025-12-16 14:52:00,628 - mcp_server - WARNING - Agent marked as inactive: app_agent (instance: app_agent_1765866668)
2025-12-16 14:52:00,628 - mcp_server - WARNING - Agent marked as inactive: monitor_agent (instance: monitor_agent_1765866669)
2025-12-16 14:52:00,628 - mcp_server - WARNING - Agent marked as inactive: media_agent (instance: media_agent_1765866670)
2025-12-16 14:52:03,632 - mcp_server - WARNING - Agent marked as inactive: file_agent (instance: file_agent_1765866665)
2025-12-16 14:52:03,632 - mcp_server - WARNING - Agent marked as inactive: settings_agent (instance: settings_agent_1765866666)
2025-12-16 14:52:03,632 - mcp_server - WARNING - Agent marked as inactive: network_agent (instance: network_agent_1765866667)
2025-12-16 14:52:03,632 - mcp_server - WARNING - Agent marked as inactive: app_agent (instance: app_agent_1765866668)
2025-12-16 14:52:03,632 - mcp_server - WARNING - Agent marked as inactive: monitor_agent (instance: monitor_agent_1765866669)
2025-12-16 14:52:03,632 - mcp_server - WARNING - Agent marked as inactive: media_agent (instance: media_agent_1765866670)
2025-12-16 14:52:06,635 - mcp_server - WARNING - Agent marked as inactive: file_agent (instance: file_agent_1765866665)
2025-12-16 14:52:06,636 - mcp_server - WARNING - Agent marked as inactive: settings_agent (instance: settings_agent_1765866666)
2025-12-16 14:52:06,636 - mcp_server - WARNING - Agent marked as inactive: network_agent (instance: network_agent_1765866667)
2025-12-16 14:52:06,636 - mcp_server - WARNING - Agent marked as inactive: app_agent (instance: app_agent_1765866668)
2025-12-16 14:52:06,636 - mcp_server - WARNING - Agent marked as inactive: monitor_agent (instance: monitor_agent_1765866669)
2025-12-16 14:52:06,636 - mcp_server - WARNING - Agent marked as inactive: media_agent (instance: media_agent_1765866670)
2025-12-16 14:52:09,639 - mcp_server - WARNING - Agent marked as inactive: file_agent (instance: file_agent_1765866665)
2025-12-16 14:52:09,639 - mcp_server - WARNING - Agent marked as inactive: settings_agent (instance: settings_agent_1765866666)
2025-12-16 14:52:09,640 - mcp_server - WARNING - Agent marked as inactive: network_agent (instance: network_agent_1765866667)
2025-12-16 14:52:09,640 - mcp_server - WARNING - Agent marked as inactive: app_agent (instance: app_agent_1765866668)
2025-12-16 14:52:09,640 - mcp_server - WARNING - Agent marked as inactive: monitor_agent (instance: monitor_agent_1765866669)
2025-12-16 14:52:09,640 - mcp_server - WARNING - Agent marked as inactive: media_agent (instance: media_agent_1765866670)
2025-12-16 14:52:12,643 - mcp_server - WARNING - Agent marked as inactive: file_agent (instance: file_agent_1765866665)
2025-12-16 14:52:12,643 - mcp_server - WARNING - Agent marked as inactive: settings_agent (instance: settings_agent_1765866666)
2025-12-16 14:52:12,643 - mcp_server - WARNING - Agent marked as inactive: network_agent (instance: network_agent_1765866667)
2025-12-16 14:52:12,644 - mcp_server - WARNING - Agent marked as inactive: app_agent (instance: app_agent_1765866668)
2025-12-16 14:52:12,644 - mcp_server - WARNING - Agent marked as inactive: monitor_agent (instance: monitor_agent_1765866669)
2025-12-16 14:52:12,644 - mcp_server - WARNING - Agent marked as inactive: media_agent (instance: media_agent_1765866670)
2025-12-16 14:52:15,647 - mcp_server - WARNING - Agent marked as inactive: file_agent (instance: file_agent_1765866665)
2025-12-16 14:52:15,647 - mcp_server - WARNING - Agent marked as inactive: settings_agent (instance: settings_agent_1765866666)
2025-12-16 14:52:15,647 - mcp_server - WARNING - Agent marked as inactive: network_agent (instance: network_agent_1765866667)
2025-12-16 14:52:15,647 - mcp_server - WARNING - Agent marked as inactive: app_agent (instance: app_agent_1765866668)
2025-12-16 14:52:15,648 - mcp_server - WARNING - Agent marked as inactive: monitor_agent (instance: monitor_agent_1765866669)
2025-12-16 14:52:15,648 - mcp_server - WARNING - Agent marked as inactive: media_agent (instance: media_agent_1765866670)
2025-12-16 14:52:18,651 - mcp_server - WARNING - Agent marked as inactive: file_agent (instance: file_agent_1765866665)
2025-12-16 14:52:18,651 - mcp_server - WARNING - Agent marked as inactive: settings_agent (instance: settings_agent_1765866666)
2025-12-16 14:52:18,651 - mcp_server - WARNING - Agent marked as inactive: network_agent (instance: network_agent_1765866667)
2025-12-16 14:52:18,651 - mcp_server - WARNING - Agent marked as inactive: app_agent (instance: app_agent_1765866668)
2025-12-16 14:52:18,651 - mcp_server - WARNING - Agent marked as inactive: monitor_agent (instance: monitor_agent_1765866669)
2025-12-16 14:52:18,651 - mcp_server - WARNING - Agent marked as inactive: media_agent (instance: media_agent_1765866670)
2025-12-16 14:52:21,655 - mcp_server - WARNING - Agent marked as inactive: file_agent (instance: file_agent_1765866665)
2025-12-16 14:52:21,655 - mcp_server - WARNING - Agent marked as inactive: settings_agent (instance: settings_agent_1765866666)
2025-12-16 14:52:21,655 - mcp_server - WARNING - Agent marked as inactive: network_agent (instance: network_agent_1765866667)
2025-12-16 14:52:21,655 - mcp_server - WARNING - Agent marked as inactive: app_agent (instance: app_agent_1765866668)
2025-12-16 14:52:21,655 - mcp_server - WARNING - Agent marked as inactive: monitor_agent (instance: monitor_agent_1765866669)
2025-12-16 14:52:21,655 - mcp_server - WARNING - Agent marked as inactive: media_agent (instance: media_agent_1765866670)
2025-12-16 14:52:24,658 - mcp_server - WARNING - Agent marked as inactive: file_agent (instance: file_agent_1765866665)
2025-12-16 14:52:24,659 - mcp_server - WARNING - Agent marked as inactive: settings_agent (instance: settings_agent_1765866666)
2025-12-16 14:52:24,659 - mcp_server - WARNING - Agent marked as inactive: network_agent (instance: network_agent_1765866667)
2025-12-16 14:52:24,659 - mcp_server - WARNING - Agent marked as inactive: app_agent (instance: app_agent_1765866668)
2025-12-16 14:52:24,659 - mcp_server - WARNING - Agent marked as inactive: monitor_agent (instance: monitor_agent_1765866669)
2025-12-16 14:52:24,659 - mcp_server - WARNING - Agent marked as inactive: media_agent (instance: media_agent_1765866670)
2025-12-16 14:52:27,662 - mcp_server - WARNING - Agent marked as inactive: file_agent (instance: file_agent_1765866665)
2025-12-16 14:52:27,663 - mcp_server - WARNING - Agent marked as inactive: settings_agent (instance: settings_agent_1765866666)
2025-12-16 14:52:27,663 - mcp_server - WARNING - Agent marked as inactive: network_agent (instance: network_agent_1765866667)
2025-12-16 14:52:27,663 - mcp_server - WARNING - Agent marked as inactive: app_agent (instance: app_agent_1765866668)
2025-12-16 14:52:27,663 - mcp_server - WARNING - Agent marked as inactive: monitor_agent (instance: monitor_agent_1765866669)
2025-12-16 14:52:27,663 - mcp_server - WARNING - Agent marked as inactive: media_agent (instance: media_agent_1765866670)
2025-12-16 14:52:30,666 - mcp_server - WARNING - Agent marked as inactive: file_agent (instance: file_agent_1765866665)
2025-12-16 14:52:30,667 - mcp_server - WARNING - Agent marked as inactive: settings_agent (instance: settings_agent_1765866666)
2025-12-16 14:52:30,667 - mcp_server - WARNING - Agent marked as inactive: network_agent (instance: network_agent_1765866667)
2025-12-16 14:52:30,667 - mcp_server - WARNING - Agent marked as inactive: app_agent (instance: app_agent_1765866668)
2025-12-16 14:52:30,667 - mcp_server - WARNING - Agent marked as inactive: monitor_agent (instance: monitor_agent_1765866669)
2025-12-16 14:52:30,667 - mcp_server - WARNING - Agent marked as inactive: media_agent (instance: media_agent_1765866670)
2025-12-16 14:52:33,670 - mcp_server - WARNING - Agent marked as inactive: file_agent (instance: file_agent_1765866665)
2025-12-16 14:52:33,671 - mcp_server - WARNING - Agent marked as inactive: settings_agent (instance: settings_agent_1765866666)
2025-12-16 14:52:33,671 - mcp_server - WARNING - Agent marked as inactive: network_agent (instance: network_agent_1765866667)
2025-12-16 14:52:33,671 - mcp_server - WARNING - Agent marked as inactive: app_agent (instance: app_agent_1765866668)
2025-12-16 14:52:33,671 - mcp_server - WARNING - Agent marked as inactive: monitor_agent (instance: monitor_agent_1765866669)
2025-12-16 14:52:33,671 - mcp_server - WARNING - Agent marked as inactive: media_agent (instance: media_agent_1765866670)
2025-12-16 14:52:36,674 - mcp_server - WARNING - Agent marked as inactive: file_agent (instance: file_agent_1765866665)
2025-12-16 14:52:36,674 - mcp_server - WARNING - Agent marked as inactive: settings_agent (instance: settings_agent_1765866666)
2025-12-16 14:52:36,674 - mcp_server - WARNING - Agent marked as inactive: network_agent (instance: network_agent_1765866667)
2025-12-16 14:52:36,674 - mcp_server - WARNING - Agent marked as inactive: app_agent (instance: app_agent_1765866668)
2025-12-16 14:52:36,674 - mcp_server - WARNING - Agent marked as inactive: monitor_agent (instance: monitor_agent_1765866669)
2025-12-16 14:52:36,674 - mcp_server - WARNING - Agent marked as inactive: media_agent (instance: media_agent_1765866670)
2025-12-16 14:52:39,677 - mcp_server - WARNING - Agent marked as inactive: file_agent (instance: file_agent_1765866665)
2025-12-16 14:52:39,678 - mcp_server - WARNING - Agent marked as inactive: settings_agent (instance: settings_agent_1765866666)
2025-12-16 14:52:39,678 - mcp_server - WARNING - Agent marked as inactive: network_agent (instance: network_agent_1765866667)
2025-12-16 14:52:39,678 - mcp_server - WARNING - Agent marked as inactive: app_agent (instance: app_agent_1765866668)
2025-12-16 14:52:39,678 - mcp_server - WARNING - Agent marked as inactive: monitor_agent (instance: monitor_agent_1765866669)
2025-12-16 14:52:39,678 - mcp_server - WARNING - Agent marked as inactive: media_agent (instance: media_agent_1765866670)
2025-12-16 14:52:42,682 - mcp_server - WARNING - Agent marked as inactive: file_agent (instance: file_agent_1765866665)
2025-12-16 14:52:42,682 - mcp_server - WARNING - Agent marked as inactive: settings_agent (instance: settings_agent_1765866666)
2025-12-16 14:52:42,682 - mcp_server - WARNING - Agent marked as inactive: network_agent (instance: network_agent_1765866667)
2025-12-16 14:52:42,682 - mcp_server - WARNING - Agent marked as inactive: app_agent (instance: app_agent_1765866668)
2025-12-16 14:52:42,682 - mcp_server - WARNING - Agent marked as inactive: monitor_agent (instance: monitor_agent_1765866669)
2025-12-16 14:52:42,682 - mcp_server - WARNING - Agent marked as inactive: media_agent (instance: media_agent_1765866670)
2025-12-16 14:52:45,685 - mcp_server - WARNING - Agent marked as inactive: file_agent (instance: file_agent_1765866665)
2025-12-16 14:52:45,685 - mcp_server - WARNING - Agent marked as inactive: settings_agent (instance: settings_agent_1765866666)
2025-12-16 14:52:45,685 - mcp_server - WARNING - Agent marked as inactive: network_agent (instance: network_agent_1765866667)
2025-12-16 14:52:45,685 - mcp_server - WARNING - Agent marked as inactive: app_agent (instance: app_agent_1765866668)
2025-12-16 14:52:45,685 - mcp_server - WARNING - Agent marked as inactive: monitor_agent (instance: monitor_agent_1765866669)
2025-12-16 14:52:45,685 - mcp_server - WARNING - Agent marked as inactive: media_agent (instance: media_agent_1765866670)
2025-12-16 14:52:48,689 - mcp_server - WARNING - Agent marked as inactive: file_agent (instance: file_agent_1765866665)
2025-12-16 14:52:48,689 - mcp_server - WARNING - Agent marked as inactive: settings_agent (instance: settings_agent_1765866666)
2025-12-16 14:52:48,689 - mcp_server - WARNING - Agent marked as inactive: network_agent (instance: network_agent_1765866667)
2025-12-16 14:52:48,689 - mcp_server - WARNING - Agent marked as inactive: app_agent (instance: app_agent_1765866668)
2025-12-16 14:52:48,689 - mcp_server - WARNING - Agent marked as inactive: monitor_agent (instance: monitor_agent_1765866669)
2025-12-16 14:52:48,689 - mcp_server - WARNING - Agent marked as inactive: media_agent (instance: media_agent_1765866670)
2025-12-16 14:52:51,693 - mcp_server - WARNING - Agent marked as inactive: file_agent (instance: file_agent_1765866665)
2025-12-16 14:52:51,693 - mcp_server - WARNING - Agent marked as inactive: settings_agent (instance: settings_agent_1765866666)
2025-12-16 14:52:51,693 - mcp_server - WARNING - Agent marked as inactive: network_agent (instance: network_agent_1765866667)
2025-12-16 14:52:51,693 - mcp_server - WARNING - Agent marked as inactive: app_agent (instance: app_agent_1765866668)
2025-12-16 14:52:51,693 - mcp_server - WARNING - Agent marked as inactive: monitor_agent (instance: monitor_agent_1765866669)
2025-12-16 14:52:51,693 - mcp_server - WARNING - Agent marked as inactive: media_agent (instance: media_agent_1765866670)
2025-12-16 14:52:54,696 - mcp_server - WARNING - Agent marked as inactive: file_agent (instance: file_agent_1765866665)
2025-12-16 14:52:54,696 - mcp_server - WARNING - Agent marked as inactive: settings_agent (instance: settings_agent_1765866666)
2025-12-16 14:52:54,696 - mcp_server - WARNING - Agent marked as inactive: network_agent (instance: network_agent_1765866667)
2025-12-16 14:52:54,696 - mcp_server - WARNING - Agent marked as inactive: app_agent (instance: app_agent_1765866668)
2025-12-16 14:52:54,697 - mcp_server - WARNING - Agent marked as inactive: monitor_agent (instance: monitor_agent_1765866669)
2025-12-16 14:52:54,697 - mcp_server - WARNING - Agent marked as inactive: media_agent (instance: media_agent_1765866670)
2025-12-16 14:52:57,700 - mcp_server - WARNING - Agent marked as inactive: file_agent (instance: file_agent_1765866665)
2025-12-16 14:52:57,700 - mcp_server - WARNING - Agent marked as inactive: settings_agent (instance: settings_agent_1765866666)
2025-12-16 14:52:57,700 - mcp_server - WARNING - Agent marked as inactive: network_agent (instance: network_agent_1765866667)
2025-12-16 14:52:57,700 - mcp_server - WARNING - Agent marked as inactive: app_agent (instance: app_agent_1765866668)
2025-12-16 14:52:57,700 - mcp_server - WARNING - Agent marked as inactive: monitor_agent (instance: monitor_agent_1765866669)
2025-12-16 14:52:57,700 - mcp_server - WARNING - Agent marked as inactive: media_agent (instance: media_agent_1765866670)
2025-12-16 14:53:00,704 - mcp_server - WARNING - Agent marked as inactive: file_agent (instance: file_agent_1765866665)
2025-12-16 14:53:00,704 - mcp_server - WARNING - Agent marked as inactive: settings_agent (instance: settings_agent_1765866666)
2025-12-16 14:53:00,704 - mcp_server - WARNING - Agent marked as inactive: network_agent (instance: network_agent_1765866667)
2025-12-16 14:53:00,704 - mcp_server - WARNING - Agent marked as inactive: app_agent (instance: app_agent_1765866668)
2025-12-16 14:53:00,704 - mcp_server - WARNING - Agent marked as inactive: monitor_agent (instance: monitor_agent_1765866669)
2025-12-16 14:53:00,704 - mcp_server - WARNING - Agent marked as inactive: media_agent (instance: media_agent_1765866670)
2025-12-16 14:53:03,707 - mcp_server - WARNING - Agent marked as inactive: file_agent (instance: file_agent_1765866665)
2025-12-16 14:53:03,707 - mcp_server - WARNING - Agent marked as inactive: settings_agent (instance: settings_agent_1765866666)
2025-12-16 14:53:03,707 - mcp_server - WARNING - Agent marked as inactive: network_agent (instance: network_agent_1765866667)
2025-12-16 14:53:03,707 - mcp_server - WARNING - Agent marked as inactive: app_agent (instance: app_agent_1765866668)
2025-12-16 14:53:03,707 - mcp_server - WARNING - Agent marked as inactive: monitor_agent (instance: monitor_agent_1765866669)
2025-12-16 14:53:03,707 - mcp_server - WARNING - Agent marked as inactive: media_agent (instance: media_agent_1765866670)
2025-12-16 14:53:06,711 - mcp_server - WARNING - Agent marked as inactive: file_agent (instance: file_agent_1765866665)
2025-12-16 14:53:06,711 - mcp_server - WARNING - Agent marked as inactive: settings_agent (instance: settings_agent_1765866666)
2025-12-16 14:53:06,711 - mcp_server - WARNING - Agent marked as inactive: network_agent (instance: network_agent_1765866667)
2025-12-16 14:53:06,711 - mcp_server - WARNING - Agent marked as inactive: app_agent (instance: app_agent_1765866668)
2025-12-16 14:53:06,711 - mcp_server - WARNING - Agent marked as inactive: monitor_agent (instance: monitor_agent_1765866669)
2025-12-16 14:53:06,711 - mcp_server - WARNING - Agent marked as inactive: media_agent (instance: media_agent_1765866670)
2025-12-16 14:53:09,715 - mcp_server - WARNING - Agent marked as inactive: file_agent (instance: file_agent_1765866665)
2025-12-16 14:53:09,715 - mcp_server - WARNING - Agent marked as inactive: settings_agent (instance: settings_agent_1765866666)
2025-12-16 14:53:09,715 - mcp_server - WARNING - Agent marked as inactive: network_agent (instance: network_agent_1765866667)
2025-12-16 14:53:09,715 - mcp_server - WARNING - Agent marked as inactive: app_agent (instance: app_agent_1765866668)
2025-12-16 14:53:09,715 - mcp_server - WARNING - Agent marked as inactive: monitor_agent (instance: monitor_agent_1765866669)
2025-12-16 14:53:09,715 - mcp_server - WARNING - Agent marked as inactive: media_agent (instance: media_agent_1765866670)
2025-12-16 14:53:12,718 - mcp_server - WARNING - Agent marked as inactive: file_agent (instance: file_agent_1765866665)
2025-12-16 14:53:12,719 - mcp_server - WARNING - Agent marked as inactive: settings_agent (instance: settings_agent_1765866666)
2025-12-16 14:53:12,719 - mcp_server - WARNING - Agent marked as inactive: network_agent (instance: network_agent_1765866667)
2025-12-16 14:53:12,719 - mcp_server - WARNING - Agent marked as inactive: app_agent (instance: app_agent_1765866668)
2025-12-16 14:53:12,719 - mcp_server - WARNING - Agent marked as inactive: monitor_agent (instance: monitor_agent_1765866669)
2025-12-16 14:53:12,719 - mcp_server - WARNING - Agent marked as inactive: media_agent (instance: media_agent_1765866670)
2025-12-16 14:53:15,721 - mcp_server - WARNING - Agent marked as inactive: file_agent (instance: file_agent_1765866665)
2025-12-16 14:53:15,722 - mcp_server - WARNING - Agent marked as inactive: settings_agent (instance: settings_agent_1765866666)
2025-12-16 14:53:15,722 - mcp_server - WARNING - Agent marked as inactive: network_agent (instance: network_agent_1765866667)
2025-12-16 14:53:15,722 - mcp_server - WARNING - Agent marked as inactive: app_agent (instance: app_agent_1765866668)
2025-12-16 14:53:15,722 - mcp_server - WARNING - Agent marked as inactive: monitor_agent (instance: monitor_agent_1765866669)
2025-12-16 14:53:15,722 - mcp_server - WARNING - Agent marked as inactive: media_agent (instance: media_agent_1765866670)
2025-12-16 14:53:18,725 - mcp_server - WARNING - Agent marked as inactive: file_agent (instance: file_agent_1765866665)
2025-12-16 14:53:18,726 - mcp_server - WARNING - Agent marked as inactive: settings_agent (instance: settings_agent_1765866666)
2025-12-16 14:53:18,726 - mcp_server - WARNING - Agent marked as inactive: network_agent (instance: network_agent_1765866667)
2025-12-16 14:53:18,726 - mcp_server - WARNING - Agent marked as inactive: app_agent (instance: app_agent_1765866668)
2025-12-16 14:53:18,726 - mcp_server - WARNING - Agent marked as inactive: monitor_agent (instance: monitor_agent_1765866669)
2025-12-16 14:53:18,726 - mcp_server - WARNING - Agent marked as inactive: media_agent (instance: media_agent_1765866670)
2025-12-16 14:53:21,729 - mcp_server - WARNING - Agent marked as inactive: file_agent (instance: file_agent_1765866665)
2025-12-16 14:53:21,730 - mcp_server - WARNING - Agent marked as inactive: settings_agent (instance: settings_agent_1765866666)
2025-12-16 14:53:21,730 - mcp_server - WARNING - Agent marked as inactive: network_agent (instance: network_agent_1765866667)
2025-12-16 14:53:21,730 - mcp_server - WARNING - Agent marked as inactive: app_agent (instance: app_agent_1765866668)
2025-12-16 14:53:21,730 - mcp_server - WARNING - Agent marked as inactive: monitor_agent (instance: monitor_agent_1765866669)
2025-12-16 14:53:21,730 - mcp_server - WARNING - Agent marked as inactive: media_agent (instance: media_agent_1765866670)
2025-12-16 14:53:24,733 - mcp_server - WARNING - Agent marked as inactive: file_agent (instance: file_agent_1765866665)
2025-12-16 14:53:24,734 - mcp_server - WARNING - Agent marked as inactive: settings_agent (instance: settings_agent_1765866666)
2025-12-16 14:53:24,734 - mcp_server - WARNING - Agent marked as inactive: network_agent (instance: network_agent_1765866667)
2025-12-16 14:53:24,734 - mcp_server - WARNING - Agent marked as inactive: app_agent (instance: app_agent_1765866668)
2025-12-16 14:53:24,734 - mcp_server - WARNING - Agent marked as inactive: monitor_agent (instance: monitor_agent_1765866669)
2025-12-16 14:53:24,734 - mcp_server - WARNING - Agent marked as inactive: media_agent (instance: media_agent_1765866670)
2025-12-16 14:53:27,738 - mcp_server - WARNING - Agent marked as inactive: file_agent (instance: file_agent_1765866665)
2025-12-16 14:53:27,738 - mcp_server - WARNING - Agent marked as inactive: settings_agent (instance: settings_agent_1765866666)
2025-12-16 14:53:27,738 - mcp_server - WARNING - Agent marked as inactive: network_agent (instance: network_agent_1765866667)
2025-12-16 14:53:27,738 - mcp_server - WARNING - Agent marked as inactive: app_agent (instance: app_agent_1765866668)
2025-12-16 14:53:27,738 - mcp_server - WARNING - Agent marked as inactive: monitor_agent (instance: monitor_agent_1765866669)
2025-12-16 14:53:27,738 - mcp_server - WARNING - Agent marked as inactive: media_agent (instance: media_agent_1765866670)
2025-12-16 14:53:30,742 - mcp_server - WARNING - Agent marked as inactive: file_agent (instance: file_agent_1765866665)
2025-12-16 14:53:30,742 - mcp_server - WARNING - Agent marked as inactive: settings_agent (instance: settings_agent_1765866666)
2025-12-16 14:53:30,742 - mcp_server - WARNING - Agent marked as inactive: network_agent (instance: network_agent_1765866667)
2025-12-16 14:53:30,742 - mcp_server - WARNING - Agent marked as inactive: app_agent (instance: app_agent_1765866668)
2025-12-16 14:53:30,742 - mcp_server - WARNING - Agent marked as inactive: monitor_agent (instance: monitor_agent_1765866669)
2025-12-16 14:53:30,742 - mcp_server - WARNING - Agent marked as inactive: media_agent (instance: media_agent_1765866670)
2025-12-16 14:53:33,746 - mcp_server - WARNING - Agent marked as inactive: file_agent (instance: file_agent_1765866665)
2025-12-16 14:53:33,746 - mcp_server - WARNING - Agent marked as inactive: settings_agent (instance: settings_agent_1765866666)
2025-12-16 14:53:33,746 - mcp_server - WARNING - Agent marked as inactive: network_agent (instance: network_agent_1765866667)
2025-12-16 14:53:33,746 - mcp_server - WARNING - Agent marked as inactive: app_agent (instance: app_agent_1765866668)
2025-12-16 14:53:33,746 - mcp_server - WARNING - Agent marked as inactive: monitor_agent (instance: monitor_agent_1765866669)
2025-12-16 14:53:33,746 - mcp_server - WARNING - Agent marked as inactive: media_agent (instance: media_agent_1765866670)
2025-12-16 14:53:36,750 - mcp_server - WARNING - Agent marked as inactive: file_agent (instance: file_agent_1765866665)
2025-12-16 14:53:36,750 - mcp_server - WARNING - Agent marked as inactive: settings_agent (instance: settings_agent_1765866666)
2025-12-16 14:53:36,750 - mcp_server - WARNING - Agent marked as inactive: network_agent (instance: network_agent_1765866667)
2025-12-16 14:53:36,750 - mcp_server - WARNING - Agent marked as inactive: app_agent (instance: app_agent_1765866668)
2025-12-16 14:53:36,750 - mcp_server - WARNING - Agent marked as inactive: monitor_agent (instance: monitor_agent_1765866669)
2025-12-16 14:53:36,750 - mcp_server - WARNING - Agent marked as inactive: media_agent (instance: media_agent_1765866670)
2025-12-16 14:53:39,754 - mcp_server - WARNING - Agent marked as inactive: file_agent (instance: file_agent_1765866665)
2025-12-16 14:53:39,754 - mcp_server - WARNING - Agent marked as inactive: settings_agent (instance: settings_agent_1765866666)
2025-12-16 14:53:39,754 - mcp_server - WARNING - Agent marked as inactive: network_agent (instance: network_agent_1765866667)
2025-12-16 14:53:39,754 - mcp_server - WARNING - Agent marked as inactive: app_agent (instance: app_agent_1765866668)
2025-12-16 14:53:39,754 - mcp_server - WARNING - Agent marked as inactive: monitor_agent (instance: monitor_agent_1765866669)
2025-12-16 14:53:39,754 - mcp_server - WARNING - Agent marked as inactive: media_agent (instance: media_agent_1765866670)
2025-12-16 14:53:42,757 - mcp_server - WARNING - Agent marked as inactive: file_agent (instance: file_agent_1765866665)
2025-12-16 14:53:42,758 - mcp_server - WARNING - Agent marked as inactive: settings_agent (instance: settings_agent_1765866666)
2025-12-16 14:53:42,758 - mcp_server - WARNING - Agent marked as inactive: network_agent (instance: network_agent_1765866667)
2025-12-16 14:53:42,758 - mcp_server - WARNING - Agent marked as inactive: app_agent (instance: app_agent_1765866668)
2025-12-16 14:53:42,758 - mcp_server - WARNING - Agent marked as inactive: monitor_agent (instance: monitor_agent_1765866669)
2025-12-16 14:53:42,758 - mcp_server - WARNING - Agent marked as inactive: media_agent (instance: media_agent_1765866670)
2025-12-16 14:53:45,761 - mcp_server - WARNING - Agent marked as inactive: file_agent (instance: file_agent_1765866665)
2025-12-16 14:53:45,761 - mcp_server - WARNING - Agent marked as inactive: settings_agent (instance: settings_agent_1765866666)
2025-12-16 14:53:45,761 - mcp_server - WARNING - Agent marked as inactive: network_agent (instance: network_agent_1765866667)
2025-12-16 14:53:45,762 - mcp_server - WARNING - Agent marked as inactive: app_agent (instance: app_agent_1765866668)
2025-12-16 14:53:45,762 - mcp_server - WARNING - Agent marked as inactive: monitor_agent (instance: monitor_agent_1765866669)
2025-12-16 14:53:45,762 - mcp_server - WARNING - Agent marked as inactive: media_agent (instance: media_agent_1765866670)
2025-12-16 14:53:48,765 - mcp_server - WARNING - Agent marked as inactive: file_agent (instance: file_agent_1765866665)
2025-12-16 14:53:48,765 - mcp_server - WARNING - Agent marked as inactive: settings_agent (instance: settings_agent_1765866666)
2025-12-16 14:53:48,765 - mcp_server - WARNING - Agent marked as inactive: network_agent (instance: network_agent_1765866667)
2025-12-16 14:53:48,765 - mcp_server - WARNING - Agent marked as inactive: app_agent (instance: app_agent_1765866668)
2025-12-16 14:53:48,766 - mcp_server - WARNING - Agent marked as inactive: monitor_agent (instance: monitor_agent_1765866669)
2025-12-16 14:53:48,766 - mcp_server - WARNING - Agent marked as inactive: media_agent (instance: media_agent_1765866670)
2025-12-16 14:53:51,769 - mcp_server - WARNING - Agent marked as inactive: file_agent (instance: file_agent_1765866665)
2025-12-16 14:53:51,769 - mcp_server - WARNING - Agent marked as inactive: settings_agent (instance: settings_agent_1765866666)
2025-12-16 14:53:51,769 - mcp_server - WARNING - Agent marked as inactive: network_agent (instance: network_agent_1765866667)
2025-12-16 14:53:51,769 - mcp_server - WARNING - Agent marked as inactive: app_agent (instance: app_agent_1765866668)
2025-12-16 14:53:51,770 - mcp_server - WARNING - Agent marked as inactive: monitor_agent (instance: monitor_agent_1765866669)
2025-12-16 14:53:51,770 - mcp_server - WARNING - Agent marked as inactive: media_agent (instance: media_agent_1765866670)
2025-12-16 14:53:54,773 - mcp_server - WARNING - Agent marked as inactive: file_agent (instance: file_agent_1765866665)
2025-12-16 14:53:54,773 - mcp_server - WARNING - Agent marked as inactive: settings_agent (instance: settings_agent_1765866666)
2025-12-16 14:53:54,773 - mcp_server - WARNING - Agent marked as inactive: network_agent (instance: network_agent_1765866667)
2025-12-16 14:53:54,773 - mcp_server - WARNING - Agent marked as inactive: app_agent (instance: app_agent_1765866668)
2025-12-16 14:53:54,774 - mcp_server - WARNING - Agent marked as inactive: monitor_agent (instance: monitor_agent_1765866669)
2025-12-16 14:53:54,774 - mcp_server - WARNING - Agent marked as inactive: media_agent (instance: media_agent_1765866670)
2025-12-16 14:53:57,776 - mcp_server - WARNING - Agent marked as inactive: file_agent (instance: file_agent_1765866665)
2025-12-16 14:53:57,776 - mcp_server - WARNING - Agent marked as inactive: settings_agent (instance: settings_agent_1765866666)
2025-12-16 14:53:57,776 - mcp_server - WARNING - Agent marked as inactive: network_agent (instance: network_agent_1765866667)
2025-12-16 14:53:57,777 - mcp_server - WARNING - Agent marked as inactive: app_agent (instance: app_agent_1765866668)
2025-12-16 14:53:57,777 - mcp_server - WARNING - Agent marked as inactive: monitor_agent (instance: monitor_agent_1765866669)
2025-12-16 14:53:57,777 - mcp_server - WARNING - Agent marked as inactive: media_agent (instance: media_agent_1765866670)
2025-12-16 14:54:00,780 - mcp_server - WARNING - Agent marked as inactive: file_agent (instance: file_agent_1765866665)
2025-12-16 14:54:00,780 - mcp_server - WARNING - Agent marked as inactive: settings_agent (instance: settings_agent_1765866666)
2025-12-16 14:54:00,781 - mcp_server - WARNING - Agent marked as inactive: network_agent (instance: network_agent_1765866667)
2025-12-16 14:54:00,781 - mcp_server - WARNING - Agent marked as inactive: app_agent (instance: app_agent_1765866668)
2025-12-16 14:54:00,781 - mcp_server - WARNING - Agent marked as inactive: monitor_agent (instance: monitor_agent_1765866669)
2025-12-16 14:54:00,781 - mcp_server - WARNING - Agent marked as inactive: media_agent (instance: media_agent_1765866670)
2025-12-16 14:54:03,784 - mcp_server - WARNING - Agent marked as inactive: file_agent (instance: file_agent_1765866665)
2025-12-16 14:54:03,784 - mcp_server - WARNING - Agent marked as inactive: settings_agent (instance: settings_agent_1765866666)
2025-12-16 14:54:03,785 - mcp_server - WARNING - Agent marked as inactive: network_agent (instance: network_agent_1765866667)
2025-12-16 14:54:03,785 - mcp_server - WARNING - Agent marked as inactive: app_agent (instance: app_agent_1765866668)
2025-12-16 14:54:03,785 - mcp_server - WARNING - Agent marked as inactive: monitor_agent (instance: monitor_agent_1765866669)
2025-12-16 14:54:03,785 - mcp_server - WARNING - Agent marked as inactive: media_agent (instance: media_agent_1765866670)
2025-12-16 14:54:06,788 - mcp_server - WARNING - Agent marked as inactive: file_agent (instance: file_agent_1765866665)
2025-12-16 14:54:06,788 - mcp_server - WARNING - Agent marked as inactive: settings_agent (instance: settings_agent_1765866666)
2025-12-16 14:54:06,788 - mcp_server - WARNING - Agent marked as inactive: network_agent (instance: network_agent_1765866667)
2025-12-16 14:54:06,789 - mcp_server - WARNING - Agent marked as inactive: app_agent (instance: app_agent_1765866668)
2025-12-16 14:54:06,789 - mcp_server - WARNING - Agent marked as inactive: monitor_agent (instance: monitor_agent_1765866669)
2025-12-16 14:54:06,789 - mcp_server - WARNING - Agent marked as inactive: media_agent (instance: media_agent_1765866670)
2025-12-16 14:54:09,792 - mcp_server - WARNING - Agent marked as inactive: file_agent (instance: file_agent_1765866665)
2025-12-16 14:54:09,792 - mcp_server - WARNING - Agent marked as inactive: settings_agent (instance: settings_agent_1765866666)
2025-12-16 14:54:09,792 - mcp_server - WARNING - Agent marked as inactive: network_agent (instance: network_agent_1765866667)
2025-12-16 14:54:09,792 - mcp_server - WARNING - Agent marked as inactive: app_agent (instance: app_agent_1765866668)
2025-12-16 14:54:09,792 - mcp_server - WARNING - Agent marked as inactive: monitor_agent (instance: monitor_agent_1765866669)
2025-12-16 14:54:09,793 - mcp_server - WARNING - Agent marked as inactive: media_agent (instance: media_agent_1765866670)
2025-12-16 14:54:12,796 - mcp_server - WARNING - Agent marked as inactive: file_agent (instance: file_agent_1765866665)
2025-12-16 14:54:12,796 - mcp_server - WARNING - Agent marked as inactive: settings_agent (instance: settings_agent_1765866666)
2025-12-16 14:54:12,796 - mcp_server - WARNING - Agent marked as inactive: network_agent (instance: network_agent_1765866667)
2025-12-16 14:54:12,796 - mcp_server - WARNING - Agent marked as inactive: app_agent (instance: app_agent_1765866668)
2025-12-16 14:54:12,796 - mcp_server - WARNING - Agent marked as inactive: monitor_agent (instance: monitor_agent_1765866669)
2025-12-16 14:54:12,797 - mcp_server - WARNING - Agent marked as inactive: media_agent (instance: media_agent_1765866670)
2025-12-16 14:54:15,800 - mcp_server - WARNING - Agent marked as inactive: file_agent (instance: file_agent_1765866665)
2025-12-16 14:54:15,800 - mcp_server - WARNING - Agent marked as inactive: settings_agent (instance: settings_agent_1765866666)
2025-12-16 14:54:15,800 - mcp_server - WARNING - Agent marked as inactive: network_agent (instance: network_agent_1765866667)
2025-12-16 14:54:15,800 - mcp_server - WARNING - Agent marked as inactive: app_agent (instance: app_agent_1765866668)
2025-12-16 14:54:15,801 - mcp_server - WARNING - Agent marked as inactive: monitor_agent (instance: monitor_agent_1765866669)
2025-12-16 14:54:15,801 - mcp_server - WARNING - Agent marked as inactive: media_agent (instance: media_agent_1765866670)
2025-12-16 14:54:18,804 - mcp_server - WARNING - Agent marked as inactive: file_agent (instance: file_agent_1765866665)
2025-12-16 14:54:18,804 - mcp_server - WARNING - Agent marked as inactive: settings_agent (instance: settings_agent_1765866666)
2025-12-16 14:54:18,804 - mcp_server - WARNING - Agent marked as inactive: network_agent (instance: network_agent_1765866667)
2025-12-16 14:54:18,804 - mcp_server - WARNING - Agent marked as inactive: app_agent (instance: app_agent_1765866668)
2025-12-16 14:54:18,805 - mcp_server - WARNING - Agent marked as inactive: monitor_agent (instance: monitor_agent_1765866669)
2025-12-16 14:54:18,805 - mcp_server - WARNING - Agent marked as inactive: media_agent (instance: media_agent_1765866670)
2025-12-16 14:54:21,808 - mcp_server - WARNING - Agent marked as inactive: file_agent (instance: file_agent_1765866665)
2025-12-16 14:54:21,808 - mcp_server - WARNING - Agent marked as inactive: settings_agent (instance: settings_agent_1765866666)
2025-12-16 14:54:21,808 - mcp_server - WARNING - Agent marked as inactive: network_agent (instance: network_agent_1765866667)
2025-12-16 14:54:21,809 - mcp_server - WARNING - Agent marked as inactive: app_agent (instance: app_agent_1765866668)
2025-12-16 14:54:21,809 - mcp_server - WARNING - Agent marked as inactive: monitor_agent (instance: monitor_agent_1765866669)
2025-12-16 14:54:21,809 - mcp_server - WARNING - Agent marked as inactive: media_agent (instance: media_agent_1765866670)
2025-12-16 14:54:24,812 - mcp_server - WARNING - Agent marked as inactive: file_agent (instance: file_agent_1765866665)
2025-12-16 14:54:24,812 - mcp_server - WARNING - Agent marked as inactive: settings_agent (instance: settings_agent_1765866666)
2025-12-16 14:54:24,812 - mcp_server - WARNING - Agent marked as inactive: network_agent (instance: network_agent_1765866667)
2025-12-16 14:54:24,813 - mcp_server - WARNING - Agent marked as inactive: app_agent (instance: app_agent_1765866668)
2025-12-16 14:54:24,813 - mcp_server - WARNING - Agent marked as inactive: monitor_agent (instance: monitor_agent_1765866669)
2025-12-16 14:54:24,813 - mcp_server - WARNING - Agent marked as inactive: media_agent (instance: media_agent_1765866670)
2025-12-16 14:54:27,816 - mcp_server - WARNING - Agent marked as inactive: file_agent (instance: file_agent_1765866665)
2025-12-16 14:54:27,816 - mcp_server - WARNING - Agent marked as inactive: settings_agent (instance: settings_agent_1765866666)
2025-12-16 14:54:27,816 - mcp_server - WARNING - Agent marked as inactive: network_agent (instance: network_agent_1765866667)
2025-12-16 14:54:27,817 - mcp_server - WARNING - Agent marked as inactive: app_agent (instance: app_agent_1765866668)
2025-12-16 14:54:27,817 - mcp_server - WARNING - Agent marked as inactive: monitor_agent (instance: monitor_agent_1765866669)
2025-12-16 14:54:27,817 - mcp_server - WARNING - Agent marked as inactive: media_agent (instance: media_agent_1765866670)
2025-12-16 14:54:30,820 - mcp_server - WARNING - Agent marked as inactive: file_agent (instance: file_agent_1765866665)
2025-12-16 14:54:30,820 - mcp_server - WARNING - Agent marked as inactive: settings_agent (instance: settings_agent_1765866666)
2025-12-16 14:54:30,821 - mcp_server - WARNING - Agent marked as inactive: network_agent (instance: network_agent_1765866667)
2025-12-16 14:54:30,821 - mcp_server - WARNING - Agent marked as inactive: app_agent (instance: app_agent_1765866668)
2025-12-16 14:54:30,821 - mcp_server - WARNING - Agent marked as inactive: monitor_agent (instance: monitor_agent_1765866669)
2025-12-16 14:54:30,821 - mcp_server - WARNING - Agent marked as inactive: media_agent (instance: media_agent_1765866670)
2025-12-16 14:54:33,824 - mcp_server - WARNING - Agent marked as inactive: file_agent (instance: file_agent_1765866665)
2025-12-16 14:54:33,824 - mcp_server - WARNING - Agent marked as inactive: settings_agent (instance: settings_agent_1765866666)
2025-12-16 14:54:33,825 - mcp_server - WARNING - Agent marked as inactive: network_agent (instance: network_agent_1765866667)
2025-12-16 14:54:33,825 - mcp_server - WARNING - Agent marked as inactive: app_agent (instance: app_agent_1765866668)
2025-12-16 14:54:33,825 - mcp_server - WARNING - Agent marked as inactive: monitor_agent (instance: monitor_agent_1765866669)
2025-12-16 14:54:33,825 - mcp_server - WARNING - Agent marked as inactive: media_agent (instance: media_agent_1765866670)
2025-12-16 14:54:36,828 - mcp_server - WARNING - Agent marked as inactive: file_agent (instance: file_agent_1765866665)
2025-12-16 14:54:36,829 - mcp_server - WARNING - Agent marked as inactive: settings_agent (instance: settings_agent_1765866666)
2025-12-16 14:54:36,829 - mcp_server - WARNING - Agent marked as inactive: network_agent (instance: network_agent_1765866667)
2025-12-16 14:54:36,829 - mcp_server - WARNING - Agent marked as inactive: app_agent (instance: app_agent_1765866668)
2025-12-16 14:54:36,829 - mcp_server - WARNING - Agent marked as inactive: monitor_agent (instance: monitor_agent_1765866669)
2025-12-16 14:54:36,829 - mcp_server - WARNING - Agent marked as inactive: media_agent (instance: media_agent_1765866670)
2025-12-16 14:54:39,832 - mcp_server - WARNING - Agent marked as inactive: file_agent (instance: file_agent_1765866665)
2025-12-16 14:54:39,833 - mcp_server - WARNING - Agent marked as inactive: settings_agent (instance: settings_agent_1765866666)
2025-12-16 14:54:39,833 - mcp_server - WARNING - Agent marked as inactive: network_agent (instance: network_agent_1765866667)
2025-12-16 14:54:39,833 - mcp_server - WARNING - Agent marked as inactive: app_agent (instance: app_agent_1765866668)
2025-12-16 14:54:39,833 - mcp_server - WARNING - Agent marked as inactive: monitor_agent (instance: monitor_agent_1765866669)
2025-12-16 14:54:39,833 - mcp_server - WARNING - Agent marked as inactive: media_agent (instance: media_agent_1765866670)
2025-12-16 14:54:42,836 - mcp_server - WARNING - Agent marked as inactive: file_agent (instance: file_agent_1765866665)
2025-12-16 14:54:42,837 - mcp_server - WARNING - Agent marked as inactive: settings_agent (instance: settings_agent_1765866666)
2025-12-16 14:54:42,837 - mcp_server - WARNING - Agent marked as inactive: network_agent (instance: network_agent_1765866667)
2025-12-16 14:54:42,837 - mcp_server - WARNING - Agent marked as inactive: app_agent (instance: app_agent_1765866668)
2025-12-16 14:54:42,837 - mcp_server - WARNING - Agent marked as inactive: monitor_agent (instance: monitor_agent_1765866669)
2025-12-16 14:54:42,837 - mcp_server - WARNING - Agent marked as inactive: media_agent (instance: media_agent_1765866670)
2025-12-16 14:54:45,840 - mcp_server - WARNING - Agent marked as inactive: file_agent (instance: file_agent_1765866665)
2025-12-16 14:54:45,841 - mcp_server - WARNING - Agent marked as inactive: settings_agent (instance: settings_agent_1765866666)
2025-12-16 14:54:45,841 - mcp_server - WARNING - Agent marked as inactive: network_agent (instance: network_agent_1765866667)
2025-12-16 14:54:45,841 - mcp_server - WARNING - Agent marked as inactive: app_agent (instance: app_agent_1765866668)
2025-12-16 14:54:45,841 - mcp_server - WARNING - Agent marked as inactive: monitor_agent (instance: monitor_agent_1765866669)
2025-12-16 14:54:45,841 - mcp_server - WARNING - Agent marked as inactive: media_agent (instance: media_agent_1765866670)
2025-12-16 14:54:48,845 - mcp_server - WARNING - Agent marked as inactive: file_agent (instance: file_agent_1765866665)
2025-12-16 14:54:48,845 - mcp_server - WARNING - Agent marked as inactive: settings_agent (instance: settings_agent_1765866666)
2025-12-16 14:54:48,845 - mcp_server - WARNING - Agent marked as inactive: network_agent (instance: network_agent_1765866667)
2025-12-16 14:54:48,845 - mcp_server - WARNING - Agent marked as inactive: app_agent (instance: app_agent_1765866668)
2025-12-16 14:54:48,845 - mcp_server - WARNING - Agent marked as inactive: monitor_agent (instance: monitor_agent_1765866669)
2025-12-16 14:54:48,845 - mcp_server - WARNING - Agent marked as inactive: media_agent (instance: media_agent_1765866670)
2025-12-16 14:54:51,849 - mcp_server - WARNING - Agent marked as inactive: file_agent (instance: file_agent_1765866665)
2025-12-16 14:54:51,849 - mcp_server - WARNING - Agent marked as inactive: settings_agent (instance: settings_agent_1765866666)
2025-12-16 14:54:51,849 - mcp_server - WARNING - Agent marked as inactive: network_agent (instance: network_agent_1765866667)
2025-12-16 14:54:51,849 - mcp_server - WARNING - Agent marked as inactive: app_agent (instance: app_agent_1765866668)
2025-12-16 14:54:51,849 - mcp_server - WARNING - Agent marked as inactive: monitor_agent (instance: monitor_agent_1765866669)
2025-12-16 14:54:51,849 - mcp_server - WARNING - Agent marked as inactive: media_agent (instance: media_agent_1765866670)
2025-12-16 14:54:54,852 - mcp_server - WARNING - Agent marked as inactive: file_agent (instance: file_agent_1765866665)
2025-12-16 14:54:54,853 - mcp_server - WARNING - Agent marked as inactive: settings_agent (instance: settings_agent_1765866666)
2025-12-16 14:54:54,853 - mcp_server - WARNING - Agent marked as inactive: network_agent (instance: network_agent_1765866667)
2025-12-16 14:54:54,853 - mcp_server - WARNING - Agent marked as inactive: app_agent (instance: app_agent_1765866668)
2025-12-16 14:54:54,853 - mcp_server - WARNING - Agent marked as inactive: monitor_agent (instance: monitor_agent_1765866669)
2025-12-16 14:54:54,853 - mcp_server - WARNING - Agent marked as inactive: media_agent (instance: media_agent_1765866670)
2025-12-16 14:54:57,857 - mcp_server - WARNING - Agent marked as inactive: file_agent (instance: file_agent_1765866665)
2025-12-16 14:54:57,857 - mcp_server - WARNING - Agent marked as inactive: settings_agent (instance: settings_agent_1765866666)
2025-12-16 14:54:57,857 - mcp_server - WARNING - Agent marked as inactive: network_agent (instance: network_agent_1765866667)
2025-12-16 14:54:57,857 - mcp_server - WARNING - Agent marked as inactive: app_agent (instance: app_agent_1765866668)
2025-12-16 14:54:57,857 - mcp_server - WARNING - Agent marked as inactive: monitor_agent (instance: monitor_agent_1765866669)
2025-12-16 14:54:57,857 - mcp_server - WARNING - Agent marked as inactive: media_agent (instance: media_agent_1765866670)
2025-12-16 14:55:00,861 - mcp_server - WARNING - Agent marked as inactive: file_agent (instance: file_agent_1765866665)
2025-12-16 14:55:00,861 - mcp_server - WARNING - Agent marked as inactive: settings_agent (instance: settings_agent_1765866666)
2025-12-16 14:55:00,861 - mcp_server - WARNING - Agent marked as inactive: network_agent (instance: network_agent_1765866667)
2025-12-16 14:55:00,861 - mcp_server - WARNING - Agent marked as inactive: app_agent (instance: app_agent_1765866668)
2025-12-16 14:55:00,861 - mcp_server - WARNING - Agent marked as inactive: monitor_agent (instance: monitor_agent_1765866669)
2025-12-16 14:55:00,862 - mcp_server - WARNING - Agent marked as inactive: media_agent (instance: media_agent_1765866670)
2025-12-16 14:55:03,865 - mcp_server - WARNING - Agent marked as inactive: file_agent (instance: file_agent_1765866665)
2025-12-16 14:55:03,865 - mcp_server - WARNING - Agent marked as inactive: settings_agent (instance: settings_agent_1765866666)
2025-12-16 14:55:03,865 - mcp_server - WARNING - Agent marked as inactive: network_agent (instance: network_agent_1765866667)
2025-12-16 14:55:03,865 - mcp_server - WARNING - Agent marked as inactive: app_agent (instance: app_agent_1765866668)
2025-12-16 14:55:03,865 - mcp_server - WARNING - Agent marked as inactive: monitor_agent (instance: monitor_agent_1765866669)
2025-12-16 14:55:03,866 - mcp_server - WARNING - Agent marked as inactive: media_agent (instance: media_agent_1765866670)
2025-12-16 14:55:06,869 - mcp_server - WARNING - Agent marked as inactive: file_agent (instance: file_agent_1765866665)
2025-12-16 14:55:06,869 - mcp_server - WARNING - Agent marked as inactive: settings_agent (instance: settings_agent_1765866666)
2025-12-16 14:55:06,869 - mcp_server - WARNING - Agent marked as inactive: network_agent (instance: network_agent_1765866667)
2025-12-16 14:55:06,869 - mcp_server - WARNING - Agent marked as inactive: app_agent (instance: app_agent_1765866668)
2025-12-16 14:55:06,869 - mcp_server - WARNING - Agent marked as inactive: monitor_agent (instance: monitor_agent_1765866669)
2025-12-16 14:55:06,869 - mcp_server - WARNING - Agent marked as inactive: media_agent (instance: media_agent_1765866670)
2025-12-16 14:55:09,872 - mcp_server - WARNING - Agent marked as inactive: file_agent (instance: file_agent_1765866665)
2025-12-16 14:55:09,873 - mcp_server - WARNING - Agent marked as inactive: settings_agent (instance: settings_agent_1765866666)
2025-12-16 14:55:09,873 - mcp_server - WARNING - Agent marked as inactive: network_agent (instance: network_agent_1765866667)
2025-12-16 14:55:09,873 - mcp_server - WARNING - Agent marked as inactive: app_agent (instance: app_agent_1765866668)
2025-12-16 14:55:09,873 - mcp_server - WARNING - Agent marked as inactive: monitor_agent (instance: monitor_agent_1765866669)
2025-12-16 14:55:09,873 - mcp_server - WARNING - Agent marked as inactive: media_agent (instance: media_agent_1765866670)
2025-12-16 14:55:12,877 - mcp_server - WARNING - Agent marked as inactive: file_agent (instance: file_agent_1765866665)
2025-12-16 14:55:12,877 - mcp_server - WARNING - Agent marked as inactive: settings_agent (instance: settings_agent_1765866666)
2025-12-16 14:55:12,877 - mcp_server - WARNING - Agent marked as inactive: network_agent (instance: network_agent_1765866667)
2025-12-16 14:55:12,877 - mcp_server - WARNING - Agent marked as inactive: app_agent (instance: app_agent_1765866668)
2025-12-16 14:55:12,877 - mcp_server - WARNING - Agent marked as inactive: monitor_agent (instance: monitor_agent_1765866669)
2025-12-16 14:55:12,878 - mcp_server - WARNING - Agent marked as inactive: media_agent (instance: media_agent_1765866670)
2025-12-16 14:55:15,881 - mcp_server - WARNING - Agent marked as inactive: file_agent (instance: file_agent_1765866665)
2025-12-16 14:55:15,881 - mcp_server - WARNING - Agent marked as inactive: settings_agent (instance: settings_agent_1765866666)
2025-12-16 14:55:15,881 - mcp_server - WARNING - Agent marked as inactive: network_agent (instance: network_agent_1765866667)
2025-12-16 14:55:15,881 - mcp_server - WARNING - Agent marked as inactive: app_agent (instance: app_agent_1765866668)
2025-12-16 14:55:15,882 - mcp_server - WARNING - Agent marked as inactive: monitor_agent (instance: monitor_agent_1765866669)
2025-12-16 14:55:15,882 - mcp_server - WARNING - Agent marked as inactive: media_agent (instance: media_agent_1765866670)
2025-12-16 14:55:18,885 - mcp_server - WARNING - Agent marked as inactive: file_agent (instance: file_agent_1765866665)
2025-12-16 14:55:18,885 - mcp_server - WARNING - Agent marked as inactive: settings_agent (instance: settings_agent_1765866666)
2025-12-16 14:55:18,885 - mcp_server - WARNING - Agent marked as inactive: network_agent (instance: network_agent_1765866667)
2025-12-16 14:55:18,886 - mcp_server - WARNING - Agent marked as inactive: app_agent (instance: app_agent_1765866668)
2025-12-16 14:55:18,886 - mcp_server - WARNING - Agent marked as inactive: monitor_agent (instance: monitor_agent_1765866669)
2025-12-16 14:55:18,886 - mcp_server - WARNING - Agent marked as inactive: media_agent (instance: media_agent_1765866670)
2025-12-16 14:55:21,889 - mcp_server - WARNING - Agent marked as inactive: file_agent (instance: file_agent_1765866665)
2025-12-16 14:55:21,889 - mcp_server - WARNING - Agent marked as inactive: settings_agent (instance: settings_agent_1765866666)
2025-12-16 14:55:21,889 - mcp_server - WARNING - Agent marked as inactive: network_agent (instance: network_agent_1765866667)
2025-12-16 14:55:21,890 - mcp_server - WARNING - Agent marked as inactive: app_agent (instance: app_agent_1765866668)
2025-12-16 14:55:21,890 - mcp_server - WARNING - Agent marked as inactive: monitor_agent (instance: monitor_agent_1765866669)
2025-12-16 14:55:21,890 - mcp_server - WARNING - Agent marked as inactive: media_agent (instance: media_agent_1765866670)
2025-12-16 14:55:24,893 - mcp_server - WARNING - Agent marked as inactive: file_agent (instance: file_agent_1765866665)
2025-12-16 14:55:24,893 - mcp_server - WARNING - Agent marked as inactive: settings_agent (instance: settings_agent_1765866666)
2025-12-16 14:55:24,893 - mcp_server - WARNING - Agent marked as inactive: network_agent (instance: network_agent_1765866667)
2025-12-16 14:55:24,894 - mcp_server - WARNING - Agent marked as inactive: app_agent (instance: app_agent_1765866668)
2025-12-16 14:55:24,894 - mcp_server - WARNING - Agent marked as inactive: monitor_agent (instance: monitor_agent_1765866669)
2025-12-16 14:55:24,894 - mcp_server - WARNING - Agent marked as inactive: media_agent (instance: media_agent_1765866670)
2025-12-16 14:55:27,897 - mcp_server - WARNING - Agent marked as inactive: file_agent (instance: file_agent_1765866665)
2025-12-16 14:55:27,897 - mcp_server - WARNING - Agent marked as inactive: settings_agent (instance: settings_agent_1765866666)
2025-12-16 14:55:27,898 - mcp_server - WARNING - Agent marked as inactive: network_agent (instance: network_agent_1765866667)
2025-12-16 14:55:27,898 - mcp_server - WARNING - Agent marked as inactive: app_agent (instance: app_agent_1765866668)
2025-12-16 14:55:27,898 - mcp_server - WARNING - Agent marked as inactive: monitor_agent (instance: monitor_agent_1765866669)
2025-12-16 14:55:27,898 - mcp_server - WARNING - Agent marked as inactive: media_agent (instance: media_agent_1765866670)
2025-12-16 14:55:30,901 - mcp_server - WARNING - Agent marked as inactive: file_agent (instance: file_agent_1765866665)
2025-12-16 14:55:30,902 - mcp_server - WARNING - Agent marked as inactive: settings_agent (instance: settings_agent_1765866666)
2025-12-16 14:55:30,902 - mcp_server - WARNING - Agent marked as inactive: network_agent (instance: network_agent_1765866667)
2025-12-16 14:55:30,902 - mcp_server - WARNING - Agent marked as inactive: app_agent (instance: app_agent_1765866668)
2025-12-16 14:55:30,902 - mcp_server - WARNING - Agent marked as inactive: monitor_agent (instance: monitor_agent_1765866669)
2025-12-16 14:55:30,902 - mcp_server - WARNING - Agent marked as inactive: media_agent (instance: media_agent_1765866670)
2025-12-16 14:55:33,905 - mcp_server - WARNING - Agent marked as inactive: file_agent (instance: file_agent_1765866665)
2025-12-16 14:55:33,906 - mcp_server - WARNING - Agent marked as inactive: settings_agent (instance: settings_agent_1765866666)
2025-12-16 14:55:33,906 - mcp_server - WARNING - Agent marked as inactive: network_agent (instance: network_agent_1765866667)
2025-12-16 14:55:33,906 - mcp_server - WARNING - Agent marked as inactive: app_agent (instance: app_agent_1765866668)
2025-12-16 14:55:33,906 - mcp_server - WARNING - Agent marked as inactive: monitor_agent (instance: monitor_agent_1765866669)
2025-12-16 14:55:33,906 - mcp_server - WARNING - Agent marked as inactive: media_agent (instance: media_agent_1765866670)
2025-12-16 14:55:36,909 - mcp_server - WARNING - Agent marked as inactive: file_agent (instance: file_agent_1765866665)
2025-12-16 14:55:36,910 - mcp_server - WARNING - Agent marked as inactive: settings_agent (instance: settings_agent_1765866666)
2025-12-16 14:55:36,910 - mcp_server - WARNING - Agent marked as inactive: network_agent (instance: network_agent_1765866667)
2025-12-16 14:55:36,910 - mcp_server - WARNING - Agent marked as inactive: app_agent (instance: app_agent_1765866668)
2025-12-16 14:55:36,910 - mcp_server - WARNING - Agent marked as inactive: monitor_agent (instance: monitor_agent_1765866669)
2025-12-16 14:55:36,910 - mcp_server - WARNING - Agent marked as inactive: media_agent (instance: media_agent_1765866670)
2025-12-16 14:55:39,913 - mcp_server - WARNING - Agent marked as inactive: file_agent (instance: file_agent_1765866665)
2025-12-16 14:55:39,914 - mcp_server - WARNING - Agent marked as inactive: settings_agent (instance: settings_agent_1765866666)
2025-12-16 14:55:39,914 - mcp_server - WARNING - Agent marked as inactive: network_agent (instance: network_agent_1765866667)
2025-12-16 14:55:39,914 - mcp_server - WARNING - Agent marked as inactive: app_agent (instance: app_agent_1765866668)
2025-12-16 14:55:39,914 - mcp_server - WARNING - Agent marked as inactive: monitor_agent (instance: monitor_agent_1765866669)
2025-12-16 14:55:39,914 - mcp_server - WARNING - Agent marked as inactive: media_agent (instance: media_agent_1765866670)
2025-12-16 14:55:42,918 - mcp_server - WARNING - Agent marked as inactive: file_agent (instance: file_agent_1765866665)
2025-12-16 14:55:42,918 - mcp_server - WARNING - Agent marked as inactive: settings_agent (instance: settings_agent_1765866666)
2025-12-16 14:55:42,918 - mcp_server - WARNING - Agent marked as inactive: network_agent (instance: network_agent_1765866667)
2025-12-16 14:55:42,918 - mcp_server - WARNING - Agent marked as inactive: app_agent (instance: app_agent_1765866668)
2025-12-16 14:55:42,918 - mcp_server - WARNING - Agent marked as inactive: monitor_agent (instance: monitor_agent_1765866669)
2025-12-16 14:55:42,918 - mcp_server - WARNING - Agent marked as inactive: media_agent (instance: media_agent_1765866670)
2025-12-16 14:55:45,922 - mcp_server - WARNING - Agent marked as inactive: file_agent (instance: file_agent_1765866665)
2025-12-16 14:55:45,922 - mcp_server - WARNING - Agent marked as inactive: settings_agent (instance: settings_agent_1765866666)
2025-12-16 14:55:45,922 - mcp_server - WARNING - Agent marked as inactive: network_agent (instance: network_agent_1765866667)
2025-12-16 14:55:45,922 - mcp_server - WARNING - Agent marked as inactive: app_agent (instance: app_agent_1765866668)
2025-12-16 14:55:45,922 - mcp_server - WARNING - Agent marked as inactive: monitor_agent (instance: monitor_agent_1765866669)
2025-12-16 14:55:45,922 - mcp_server - WARNING - Agent marked as inactive: media_agent (instance: media_agent_1765866670)
2025-12-16 14:55:48,926 - mcp_server - WARNING - Agent marked as inactive: file_agent (instance: file_agent_1765866665)
2025-12-16 14:55:48,926 - mcp_server - WARNING - Agent marked as inactive: settings_agent (instance: settings_agent_1765866666)
2025-12-16 14:55:48,926 - mcp_server - WARNING - Agent marked as inactive: network_agent (instance: network_agent_1765866667)
2025-12-16 14:55:48,926 - mcp_server - WARNING - Agent marked as inactive: app_agent (instance: app_agent_1765866668)
2025-12-16 14:55:48,926 - mcp_server - WARNING - Agent marked as inactive: monitor_agent (instance: monitor_agent_1765866669)
2025-12-16 14:55:48,926 - mcp_server - WARNING - Agent marked as inactive: media_agent (instance: media_agent_1765866670)
2025-12-16 14:55:51,930 - mcp_server - WARNING - Agent marked as inactive: file_agent (instance: file_agent_1765866665)
2025-12-16 14:55:51,930 - mcp_server - WARNING - Agent marked as inactive: settings_agent (instance: settings_agent_1765866666)
2025-12-16 14:55:51,930 - mcp_server - WARNING - Agent marked as inactive: network_agent (instance: network_agent_1765866667)
2025-12-16 14:55:51,930 - mcp_server - WARNING - Agent marked as inactive: app_agent (instance: app_agent_1765866668)
2025-12-16 14:55:51,930 - mcp_server - WARNING - Agent marked as inactive: monitor_agent (instance: monitor_agent_1765866669)
2025-12-16 14:55:51,930 - mcp_server - WARNING - Agent marked as inactive: media_agent (instance: media_agent_1765866670)
2025-12-16 14:55:54,933 - mcp_server - WARNING - Agent marked as inactive: file_agent (instance: file_agent_1765866665)
2025-12-16 14:55:54,934 - mcp_server - WARNING - Agent marked as inactive: settings_agent (instance: settings_agent_1765866666)
2025-12-16 14:55:54,934 - mcp_server - WARNING - Agent marked as inactive: network_agent (instance: network_agent_1765866667)
2025-12-16 14:55:54,934 - mcp_server - WARNING - Agent marked as inactive: app_agent (instance: app_agent_1765866668)
2025-12-16 14:55:54,934 - mcp_server - WARNING - Agent marked as inactive: monitor_agent (instance: monitor_agent_1765866669)
2025-12-16 14:55:54,934 - mcp_server - WARNING - Agent marked as inactive: media_agent (instance: media_agent_1765866670)
2025-12-16 14:55:57,938 - mcp_server - WARNING - Agent marked as inactive: file_agent (instance: file_agent_1765866665)
2025-12-16 14:55:57,938 - mcp_server - WARNING - Agent marked as inactive: settings_agent (instance: settings_agent_1765866666)
2025-12-16 14:55:57,938 - mcp_server - WARNING - Agent marked as inactive: network_agent (instance: network_agent_1765866667)
2025-12-16 14:55:57,938 - mcp_server - WARNING - Agent marked as inactive: app_agent (instance: app_agent_1765866668)
2025-12-16 14:55:57,938 - mcp_server - WARNING - Agent marked as inactive: monitor_agent (instance: monitor_agent_1765866669)
2025-12-16 14:55:57,938 - mcp_server - WARNING - Agent marked as inactive: media_agent (instance: media_agent_1765866670)
2025-12-16 14:56:00,942 - mcp_server - WARNING - Agent marked as inactive: file_agent (instance: file_agent_1765866665)
2025-12-16 14:56:00,942 - mcp_server - WARNING - Agent marked as inactive: settings_agent (instance: settings_agent_1765866666)
2025-12-16 14:56:00,942 - mcp_server - WARNING - Agent marked as inactive: network_agent (instance: network_agent_1765866667)
2025-12-16 14:56:00,942 - mcp_server - WARNING - Agent marked as inactive: app_agent (instance: app_agent_1765866668)
2025-12-16 14:56:00,942 - mcp_server - WARNING - Agent marked as inactive: monitor_agent (instance: monitor_agent_1765866669)
2025-12-16 14:56:00,942 - mcp_server - WARNING - Agent marked as inactive: media_agent (instance: media_agent_1765866670)
2025-12-16 14:56:03,946 - mcp_server - WARNING - Agent marked as inactive: file_agent (instance: file_agent_1765866665)
2025-12-16 14:56:03,946 - mcp_server - WARNING - Agent marked as inactive: settings_agent (instance: settings_agent_1765866666)
2025-12-16 14:56:03,946 - mcp_server - WARNING - Agent marked as inactive: network_agent (instance: network_agent_1765866667)
2025-12-16 14:56:03,946 - mcp_server - WARNING - Agent marked as inactive: app_agent (instance: app_agent_1765866668)
2025-12-16 14:56:03,946 - mcp_server - WARNING - Agent marked as inactive: monitor_agent (instance: monitor_agent_1765866669)
2025-12-16 14:56:03,947 - mcp_server - WARNING - Agent marked as inactive: media_agent (instance: media_agent_1765866670)
2025-12-16 14:56:06,950 - mcp_server - WARNING - Agent marked as inactive: file_agent (instance: file_agent_1765866665)
2025-12-16 14:56:06,950 - mcp_server - WARNING - Agent marked as inactive: settings_agent (instance: settings_agent_1765866666)
2025-12-16 14:56:06,950 - mcp_server - WARNING - Agent marked as inactive: network_agent (instance: network_agent_1765866667)
2025-12-16 14:56:06,950 - mcp_server - WARNING - Agent marked as inactive: app_agent (instance: app_agent_1765866668)
2025-12-16 14:56:06,950 - mcp_server - WARNING - Agent marked as inactive: monitor_agent (instance: monitor_agent_1765866669)
2025-12-16 14:56:06,951 - mcp_server - WARNING - Agent marked as inactive: media_agent (instance: media_agent_1765866670)
2025-12-16 14:56:09,954 - mcp_server - WARNING - Agent marked as inactive: file_agent (instance: file_agent_1765866665)
2025-12-16 14:56:09,954 - mcp_server - WARNING - Agent marked as inactive: settings_agent (instance: settings_agent_1765866666)
2025-12-16 14:56:09,954 - mcp_server - WARNING - Agent marked as inactive: network_agent (instance: network_agent_1765866667)
2025-12-16 14:56:09,955 - mcp_server - WARNING - Agent marked as inactive: app_agent (instance: app_agent_1765866668)
2025-12-16 14:56:09,955 - mcp_server - WARNING - Agent marked as inactive: monitor_agent (instance: monitor_agent_1765866669)
2025-12-16 14:56:09,955 - mcp_server - WARNING - Agent marked as inactive: media_agent (instance: media_agent_1765866670)
2025-12-16 14:56:12,958 - mcp_server - WARNING - Agent marked as inactive: file_agent (instance: file_agent_1765866665)
2025-12-16 14:56:12,959 - mcp_server - WARNING - Agent marked as inactive: settings_agent (instance: settings_agent_1765866666)
2025-12-16 14:56:12,959 - mcp_server - WARNING - Agent marked as inactive: network_agent (instance: network_agent_1765866667)
2025-12-16 14:56:12,959 - mcp_server - WARNING - Agent marked as inactive: app_agent (instance: app_agent_1765866668)
2025-12-16 14:56:12,959 - mcp_server - WARNING - Agent marked as inactive: monitor_agent (instance: monitor_agent_1765866669)
2025-12-16 14:56:12,959 - mcp_server - WARNING - Agent marked as inactive: media_agent (instance: media_agent_1765866670)
2025-12-16 14:56:15,962 - mcp_server - WARNING - Agent marked as inactive: file_agent (instance: file_agent_1765866665)
2025-12-16 14:56:15,964 - mcp_server - WARNING - Agent marked as inactive: settings_agent (instance: settings_agent_1765866666)
2025-12-16 14:56:15,964 - mcp_server - WARNING - Agent marked as inactive: network_agent (instance: network_agent_1765866667)
2025-12-16 14:56:15,964 - mcp_server - WARNING - Agent marked as inactive: app_agent (instance: app_agent_1765866668)
2025-12-16 14:56:15,965 - mcp_server - WARNING - Agent marked as inactive: monitor_agent (instance: monitor_agent_1765866669)
2025-12-16 14:56:15,965 - mcp_server - WARNING - Agent marked as inactive: media_agent (instance: media_agent_1765866670)
2025-12-16 14:56:18,968 - mcp_server - WARNING - Agent marked as inactive: file_agent (instance: file_agent_1765866665)
2025-12-16 14:56:18,968 - mcp_server - WARNING - Agent marked as inactive: settings_agent (instance: settings_agent_1765866666)
2025-12-16 14:56:18,969 - mcp_server - WARNING - Agent marked as inactive: network_agent (instance: network_agent_1765866667)
2025-12-16 14:56:18,969 - mcp_server - WARNING - Agent marked as inactive: app_agent (instance: app_agent_1765866668)
2025-12-16 14:56:18,969 - mcp_server - WARNING - Agent marked as inactive: monitor_agent (instance: monitor_agent_1765866669)
2025-12-16 14:56:18,969 - mcp_server - WARNING - Agent marked as inactive: media_agent (instance: media_agent_1765866670)
2025-12-16 14:56:21,972 - mcp_server - WARNING - Agent marked as inactive: file_agent (instance: file_agent_1765866665)
2025-12-16 14:56:21,972 - mcp_server - WARNING - Agent marked as inactive: settings_agent (instance: settings_agent_1765866666)
2025-12-16 14:56:21,972 - mcp_server - WARNING - Agent marked as inactive: network_agent (instance: network_agent_1765866667)
2025-12-16 14:56:21,972 - mcp_server - WARNING - Agent marked as inactive: app_agent (instance: app_agent_1765866668)
2025-12-16 14:56:21,973 - mcp_server - WARNING - Agent marked as inactive: monitor_agent (instance: monitor_agent_1765866669)
2025-12-16 14:56:21,973 - mcp_server - WARNING - Agent marked as inactive: media_agent (instance: media_agent_1765866670)
2025-12-16 14:56:24,976 - mcp_server - WARNING - Agent marked as inactive: file_agent (instance: file_agent_1765866665)
2025-12-16 14:56:24,976 - mcp_server - WARNING - Agent marked as inactive: settings_agent (instance: settings_agent_1765866666)
2025-12-16 14:56:24,976 - mcp_server - WARNING - Agent marked as inactive: network_agent (instance: network_agent_1765866667)
2025-12-16 14:56:24,976 - mcp_server - WARNING - Agent marked as inactive: app_agent (instance: app_agent_1765866668)
2025-12-16 14:56:24,976 - mcp_server - WARNING - Agent marked as inactive: monitor_agent (instance: monitor_agent_1765866669)
2025-12-16 14:56:24,977 - mcp_server - WARNING - Agent marked as inactive: media_agent (instance: media_agent_1765866670)
2025-12-16 14:56:27,980 - mcp_server - WARNING - Agent marked as inactive: file_agent (instance: file_agent_1765866665)
2025-12-16 14:56:27,980 - mcp_server - WARNING - Agent marked as inactive: settings_agent (instance: settings_agent_1765866666)
2025-12-16 14:56:27,980 - mcp_server - WARNING - Agent marked as inactive: network_agent (instance: network_agent_1765866667)
2025-12-16 14:56:27,980 - mcp_server - WARNING - Agent marked as inactive: app_agent (instance: app_agent_1765866668)
2025-12-16 14:56:27,980 - mcp_server - WARNING - Agent marked as inactive: monitor_agent (instance: monitor_agent_1765866669)
2025-12-16 14:56:27,980 - mcp_server - WARNING - Agent marked as inactive: media_agent (instance: media_agent_1765866670)
2025-12-16 14:56:30,983 - mcp_server - WARNING - Agent marked as inactive: file_agent (instance: file_agent_1765866665)
2025-12-16 14:56:30,984 - mcp_server - WARNING - Agent marked as inactive: settings_agent (instance: settings_agent_1765866666)
2025-12-16 14:56:30,984 - mcp_server - WARNING - Agent marked as inactive: network_agent (instance: network_agent_1765866667)
2025-12-16 14:56:30,984 - mcp_server - WARNING - Agent marked as inactive: app_agent (instance: app_agent_1765866668)
2025-12-16 14:56:30,984 - mcp_server - WARNING - Agent marked as inactive: monitor_agent (instance: monitor_agent_1765866669)
2025-12-16 14:56:30,984 - mcp_server - WARNING - Agent marked as inactive: media_agent (instance: media_agent_1765866670)
2025-12-16 14:56:33,987 - mcp_server - WARNING - Agent marked as inactive: file_agent (instance: file_agent_1765866665)
2025-12-16 14:56:33,988 - mcp_server - WARNING - Agent marked as inactive: settings_agent (instance: settings_agent_1765866666)
2025-12-16 14:56:33,988 - mcp_server - WARNING - Agent marked as inactive: network_agent (instance: network_agent_1765866667)
2025-12-16 14:56:33,988 - mcp_server - WARNING - Agent marked as inactive: app_agent (instance: app_agent_1765866668)
2025-12-16 14:56:33,988 - mcp_server - WARNING - Agent marked as inactive: monitor_agent (instance: monitor_agent_1765866669)
2025-12-16 14:56:33,988 - mcp_server - WARNING - Agent marked as inactive: media_agent (instance: media_agent_1765866670)
2025-12-16 14:56:36,991 - mcp_server - WARNING - Agent marked as inactive: file_agent (instance: file_agent_1765866665)
2025-12-16 14:56:36,991 - mcp_server - WARNING - Agent marked as inactive: settings_agent (instance: settings_agent_1765866666)
2025-12-16 14:56:36,992 - mcp_server - WARNING - Agent marked as inactive: network_agent (instance: network_agent_1765866667)
2025-12-16 14:56:36,992 - mcp_server - WARNING - Agent marked as inactive: app_agent (instance: app_agent_1765866668)
2025-12-16 14:56:36,992 - mcp_server - WARNING - Agent marked as inactive: monitor_agent (instance: monitor_agent_1765866669)
2025-12-16 14:56:36,992 - mcp_server - WARNING - Agent marked as inactive: media_agent (instance: media_agent_1765866670)
2025-12-16 14:56:39,995 - mcp_server - WARNING - Agent marked as inactive: file_agent (instance: file_agent_1765866665)
2025-12-16 14:56:39,995 - mcp_server - WARNING - Agent marked as inactive: settings_agent (instance: settings_agent_1765866666)
2025-12-16 14:56:39,996 - mcp_server - WARNING - Agent marked as inactive: network_agent (instance: network_agent_1765866667)
2025-12-16 14:56:39,996 - mcp_server - WARNING - Agent marked as inactive: app_agent (instance: app_agent_1765866668)
2025-12-16 14:56:39,996 - mcp_server - WARNING - Agent marked as inactive: monitor_agent (instance: monitor_agent_1765866669)
2025-12-16 14:56:39,996 - mcp_server - WARNING - Agent marked as inactive: media_agent (instance: media_agent_1765866670)
2025-12-16 14:56:42,999 - mcp_server - WARNING - Agent marked as inactive: file_agent (instance: file_agent_1765866665)
2025-12-16 14:56:42,999 - mcp_server - WARNING - Agent marked as inactive: settings_agent (instance: settings_agent_1765866666)
2025-12-16 14:56:43,000 - mcp_server - WARNING - Agent marked as inactive: network_agent (instance: network_agent_1765866667)
2025-12-16 14:56:43,000 - mcp_server - WARNING - Agent marked as inactive: app_agent (instance: app_agent_1765866668)
2025-12-16 14:56:43,000 - mcp_server - WARNING - Agent marked as inactive: monitor_agent (instance: monitor_agent_1765866669)
2025-12-16 14:56:43,000 - mcp_server - WARNING - Agent marked as inactive: media_agent (instance: media_agent_1765866670)
2025-12-16 14:56:46,003 - mcp_server - WARNING - Agent marked as inactive: file_agent (instance: file_agent_1765866665)
2025-12-16 14:56:46,004 - mcp_server - WARNING - Agent marked as inactive: settings_agent (instance: settings_agent_1765866666)
2025-12-16 14:56:46,004 - mcp_server - WARNING - Agent marked as inactive: network_agent (instance: network_agent_1765866667)
2025-12-16 14:56:46,004 - mcp_server - WARNING - Agent marked as inactive: app_agent (instance: app_agent_1765866668)
2025-12-16 14:56:46,004 - mcp_server - WARNING - Agent marked as inactive: monitor_agent (instance: monitor_agent_1765866669)
2025-12-16 14:56:46,004 - mcp_server - WARNING - Agent marked as inactive: media_agent (instance: media_agent_1765866670)
2025-12-16 14:56:49,007 - mcp_server - WARNING - Agent marked as inactive: file_agent (instance: file_agent_1765866665)
2025-12-16 14:56:49,008 - mcp_server - WARNING - Agent marked as inactive: settings_agent (instance: settings_agent_1765866666)
2025-12-16 14:56:49,008 - mcp_server - WARNING - Agent marked as inactive: network_agent (instance: network_agent_1765866667)
2025-12-16 14:56:49,008 - mcp_server - WARNING - Agent marked as inactive: app_agent (instance: app_agent_1765866668)
2025-12-16 14:56:49,008 - mcp_server - WARNING - Agent marked as inactive: monitor_agent (instance: monitor_agent_1765866669)
2025-12-16 14:56:49,008 - mcp_server - WARNING - Agent marked as inactive: media_agent (instance: media_agent_1765866670)
2025-12-16 14:56:52,012 - mcp_server - WARNING - Agent marked as inactive: file_agent (instance: file_agent_1765866665)
2025-12-16 14:56:52,012 - mcp_server - WARNING - Agent marked as inactive: settings_agent (instance: settings_agent_1765866666)
2025-12-16 14:56:52,012 - mcp_server - WARNING - Agent marked as inactive: network_agent (instance: network_agent_1765866667)
2025-12-16 14:56:52,012 - mcp_server - WARNING - Agent marked as inactive: app_agent (instance: app_agent_1765866668)
2025-12-16 14:56:52,012 - mcp_server - WARNING - Agent marked as inactive: monitor_agent (instance: monitor_agent_1765866669)
2025-12-16 14:56:52,012 - mcp_server - WARNING - Agent marked as inactive: media_agent (instance: media_agent_1765866670)
2025-12-16 14:56:55,016 - mcp_server - WARNING - Agent marked as inactive: file_agent (instance: file_agent_1765866665)
2025-12-16 14:56:55,016 - mcp_server - WARNING - Agent marked as inactive: settings_agent (instance: settings_agent_1765866666)
2025-12-16 14:56:55,016 - mcp_server - WARNING - Agent marked as inactive: network_agent (instance: network_agent_1765866667)
2025-12-16 14:56:55,016 - mcp_server - WARNING - Agent marked as inactive: app_agent (instance: app_agent_1765866668)
2025-12-16 14:56:55,016 - mcp_server - WARNING - Agent marked as inactive: monitor_agent (instance: monitor_agent_1765866669)
2025-12-16 14:56:55,017 - mcp_server - WARNING - Agent marked as inactive: media_agent (instance: media_agent_1765866670)
2025-12-16 14:56:58,020 - mcp_server - WARNING - Agent marked as inactive: file_agent (instance: file_agent_1765866665)
2025-12-16 14:56:58,020 - mcp_server - WARNING - Agent marked as inactive: settings_agent (instance: settings_agent_1765866666)
2025-12-16 14:56:58,020 - mcp_server - WARNING - Agent marked as inactive: network_agent (instance: network_agent_1765866667)
2025-12-16 14:56:58,020 - mcp_server - WARNING - Agent marked as inactive: app_agent (instance: app_agent_1765866668)
2025-12-16 14:56:58,020 - mcp_server - WARNING - Agent marked as inactive: monitor_agent (instance: monitor_agent_1765866669)
2025-12-16 14:56:58,020 - mcp_server - WARNING - Agent marked as inactive: media_agent (instance: media_agent_1765866670)
2025-12-16 14:57:01,024 - mcp_server - WARNING - Agent marked as inactive: file_agent (instance: file_agent_1765866665)
2025-12-16 14:57:01,024 - mcp_server - WARNING - Agent marked as inactive: settings_agent (instance: settings_agent_1765866666)
2025-12-16 14:57:01,024 - mcp_server - WARNING - Agent marked as inactive: network_agent (instance: network_agent_1765866667)
2025-12-16 14:57:01,024 - mcp_server - WARNING - Agent marked as inactive: app_agent (instance: app_agent_1765866668)
2025-12-16 14:57:01,024 - mcp_server - WARNING - Agent marked as inactive: monitor_agent (instance: monitor_agent_1765866669)
2025-12-16 14:57:01,024 - mcp_server - WARNING - Agent marked as inactive: media_agent (instance: media_agent_1765866670)
2025-12-16 14:57:04,028 - mcp_server - WARNING - Agent marked as inactive: file_agent (instance: file_agent_1765866665)
2025-12-16 14:57:04,028 - mcp_server - WARNING - Agent marked as inactive: settings_agent (instance: settings_agent_1765866666)
2025-12-16 14:57:04,028 - mcp_server - WARNING - Agent marked as inactive: network_agent (instance: network_agent_1765866667)
2025-12-16 14:57:04,028 - mcp_server - WARNING - Agent marked as inactive: app_agent (instance: app_agent_1765866668)
2025-12-16 14:57:04,028 - mcp_server - WARNING - Agent marked as inactive: monitor_agent (instance: monitor_agent_1765866669)
2025-12-16 14:57:04,029 - mcp_server - WARNING - Agent marked as inactive: media_agent (instance: media_agent_1765866670)
2025-12-16 14:57:07,032 - mcp_server - WARNING - Agent marked as inactive: file_agent (instance: file_agent_1765866665)
2025-12-16 14:57:07,032 - mcp_server - WARNING - Agent marked as inactive: settings_agent (instance: settings_agent_1765866666)
2025-12-16 14:57:07,032 - mcp_server - WARNING - Agent marked as inactive: network_agent (instance: network_agent_1765866667)
2025-12-16 14:57:07,033 - mcp_server - WARNING - Agent marked as inactive: app_agent (instance: app_agent_1765866668)
2025-12-16 14:57:07,033 - mcp_server - WARNING - Agent marked as inactive: monitor_agent (instance: monitor_agent_1765866669)
2025-12-16 14:57:07,033 - mcp_server - WARNING - Agent marked as inactive: media_agent (instance: media_agent_1765866670)
2025-12-16 14:57:10,036 - mcp_server - WARNING - Agent marked as inactive: file_agent (instance: file_agent_1765866665)
2025-12-16 14:57:10,036 - mcp_server - WARNING - Agent marked as inactive: settings_agent (instance: settings_agent_1765866666)
2025-12-16 14:57:10,037 - mcp_server - WARNING - Agent marked as inactive: network_agent (instance: network_agent_1765866667)
2025-12-16 14:57:10,037 - mcp_server - WARNING - Agent marked as inactive: app_agent (instance: app_agent_1765866668)
2025-12-16 14:57:10,037 - mcp_server - WARNING - Agent marked as inactive: monitor_agent (instance: monitor_agent_1765866669)
2025-12-16 14:57:10,037 - mcp_server - WARNING - Agent marked as inactive: media_agent (instance: media_agent_1765866670)
2025-12-16 14:57:13,040 - mcp_server - WARNING - Agent marked as inactive: file_agent (instance: file_agent_1765866665)
2025-12-16 14:57:13,041 - mcp_server - WARNING - Agent marked as inactive: settings_agent (instance: settings_agent_1765866666)
2025-12-16 14:57:13,041 - mcp_server - WARNING - Agent marked as inactive: network_agent (instance: network_agent_1765866667)
2025-12-16 14:57:13,041 - mcp_server - WARNING - Agent marked as inactive: app_agent (instance: app_agent_1765866668)
2025-12-16 14:57:13,041 - mcp_server - WARNING - Agent marked as inactive: monitor_agent (instance: monitor_agent_1765866669)
2025-12-16 14:57:13,041 - mcp_server - WARNING - Agent marked as inactive: media_agent (instance: media_agent_1765866670)
2025-12-16 14:57:16,044 - mcp_server - WARNING - Agent marked as inactive: file_agent (instance: file_agent_1765866665)
2025-12-16 14:57:16,045 - mcp_server - WARNING - Agent marked as inactive: settings_agent (instance: settings_agent_1765866666)
2025-12-16 14:57:16,045 - mcp_server - WARNING - Agent marked as inactive: network_agent (instance: network_agent_1765866667)
2025-12-16 14:57:16,045 - mcp_server - WARNING - Agent marked as inactive: app_agent (instance: app_agent_1765866668)
2025-12-16 14:57:16,045 - mcp_server - WARNING - Agent marked as inactive: monitor_agent (instance: monitor_agent_1765866669)
2025-12-16 14:57:16,045 - mcp_server - WARNING - Agent marked as inactive: media_agent (instance: media_agent_1765866670)
2025-12-16 14:57:19,048 - mcp_server - WARNING - Agent marked as inactive: file_agent (instance: file_agent_1765866665)
2025-12-16 14:57:19,049 - mcp_server - WARNING - Agent marked as inactive: settings_agent (instance: settings_agent_1765866666)
2025-12-16 14:57:19,049 - mcp_server - WARNING - Agent marked as inactive: network_agent (instance: network_agent_1765866667)
2025-12-16 14:57:19,049 - mcp_server - WARNING - Agent marked as inactive: app_agent (instance: app_agent_1765866668)
2025-12-16 14:57:19,049 - mcp_server - WARNING - Agent marked as inactive: monitor_agent (instance: monitor_agent_1765866669)
2025-12-16 14:57:19,049 - mcp_server - WARNING - Agent marked as inactive: media_agent (instance: media_agent_1765866670)
2025-12-16 14:57:22,052 - mcp_server - WARNING - Agent marked as inactive: file_agent (instance: file_agent_1765866665)
2025-12-16 14:57:22,053 - mcp_server - WARNING - Agent marked as inactive: settings_agent (instance: settings_agent_1765866666)
2025-12-16 14:57:22,053 - mcp_server - WARNING - Agent marked as inactive: network_agent (instance: network_agent_1765866667)
2025-12-16 14:57:22,053 - mcp_server - WARNING - Agent marked as inactive: app_agent (instance: app_agent_1765866668)
2025-12-16 14:57:22,053 - mcp_server - WARNING - Agent marked as inactive: monitor_agent (instance: monitor_agent_1765866669)
2025-12-16 14:57:22,053 - mcp_server - WARNING - Agent marked as inactive: media_agent (instance: media_agent_1765866670)
2025-12-16 14:57:25,056 - mcp_server - WARNING - Agent marked as inactive: file_agent (instance: file_agent_1765866665)
2025-12-16 14:57:25,057 - mcp_server - WARNING - Agent marked as inactive: settings_agent (instance: settings_agent_1765866666)
2025-12-16 14:57:25,057 - mcp_server - WARNING - Agent marked as inactive: network_agent (instance: network_agent_1765866667)
2025-12-16 14:57:25,057 - mcp_server - WARNING - Agent marked as inactive: app_agent (instance: app_agent_1765866668)
2025-12-16 14:57:25,057 - mcp_server - WARNING - Agent marked as inactive: monitor_agent (instance: monitor_agent_1765866669)
2025-12-16 14:57:25,057 - mcp_server - WARNING - Agent marked as inactive: media_agent (instance: media_agent_1765866670)
2025-12-16 14:57:28,061 - mcp_server - WARNING - Agent marked as inactive: file_agent (instance: file_agent_1765866665)
2025-12-16 14:57:28,061 - mcp_server - WARNING - Agent marked as inactive: settings_agent (instance: settings_agent_1765866666)
2025-12-16 14:57:28,061 - mcp_server - WARNING - Agent marked as inactive: network_agent (instance: network_agent_1765866667)
2025-12-16 14:57:28,061 - mcp_server - WARNING - Agent marked as inactive: app_agent (instance: app_agent_1765866668)
2025-12-16 14:57:28,061 - mcp_server - WARNING - Agent marked as inactive: monitor_agent (instance: monitor_agent_1765866669)
2025-12-16 14:57:28,061 - mcp_server - WARNING - Agent marked as inactive: media_agent (instance: media_agent_1765866670)
2025-12-16 14:57:31,065 - mcp_server - WARNING - Agent marked as inactive: file_agent (instance: file_agent_1765866665)
2025-12-16 14:57:31,065 - mcp_server - WARNING - Agent marked as inactive: settings_agent (instance: settings_agent_1765866666)
2025-12-16 14:57:31,065 - mcp_server - WARNING - Agent marked as inactive: network_agent (instance: network_agent_1765866667)
2025-12-16 14:57:31,065 - mcp_server - WARNING - Agent marked as inactive: app_agent (instance: app_agent_1765866668)
2025-12-16 14:57:31,065 - mcp_server - WARNING - Agent marked as inactive: monitor_agent (instance: monitor_agent_1765866669)
2025-12-16 14:57:31,065 - mcp_server - WARNING - Agent marked as inactive: media_agent (instance: media_agent_1765866670)
2025-12-16 14:57:34,068 - mcp_server - WARNING - Agent marked as inactive: file_agent (instance: file_agent_1765866665)
2025-12-16 14:57:34,069 - mcp_server - WARNING - Agent marked as inactive: settings_agent (instance: settings_agent_1765866666)
2025-12-16 14:57:34,069 - mcp_server - WARNING - Agent marked as inactive: network_agent (instance: network_agent_1765866667)
2025-12-16 14:57:34,069 - mcp_server - WARNING - Agent marked as inactive: app_agent (instance: app_agent_1765866668)
2025-12-16 14:57:34,069 - mcp_server - WARNING - Agent marked as inactive: monitor_agent (instance: monitor_agent_1765866669)
2025-12-16 14:57:34,069 - mcp_server - WARNING - Agent marked as inactive: media_agent (instance: media_agent_1765866670)
2025-12-16 14:57:37,073 - mcp_server - WARNING - Agent marked as inactive: file_agent (instance: file_agent_1765866665)
2025-12-16 14:57:37,073 - mcp_server - WARNING - Agent marked as inactive: settings_agent (instance: settings_agent_1765866666)
2025-12-16 14:57:37,073 - mcp_server - WARNING - Agent marked as inactive: network_agent (instance: network_agent_1765866667)
2025-12-16 14:57:37,073 - mcp_server - WARNING - Agent marked as inactive: app_agent (instance: app_agent_1765866668)
2025-12-16 14:57:37,073 - mcp_server - WARNING - Agent marked as inactive: monitor_agent (instance: monitor_agent_1765866669)
2025-12-16 14:57:37,073 - mcp_server - WARNING - Agent marked as inactive: media_agent (instance: media_agent_1765866670)
2025-12-16 14:57:40,077 - mcp_server - WARNING - Agent marked as inactive: file_agent (instance: file_agent_1765866665)
2025-12-16 14:57:40,077 - mcp_server - WARNING - Agent marked as inactive: settings_agent (instance: settings_agent_1765866666)
2025-12-16 14:57:40,077 - mcp_server - WARNING - Agent marked as inactive: network_agent (instance: network_agent_1765866667)
2025-12-16 14:57:40,077 - mcp_server - WARNING - Agent marked as inactive: app_agent (instance: app_agent_1765866668)
2025-12-16 14:57:40,077 - mcp_server - WARNING - Agent marked as inactive: monitor_agent (instance: monitor_agent_1765866669)
2025-12-16 14:57:40,078 - mcp_server - WARNING - Agent marked as inactive: media_agent (instance: media_agent_1765866670)
2025-12-16 14:57:43,081 - mcp_server - WARNING - Agent marked as inactive: file_agent (instance: file_agent_1765866665)
2025-12-16 14:57:43,081 - mcp_server - WARNING - Agent marked as inactive: settings_agent (instance: settings_agent_1765866666)
2025-12-16 14:57:43,081 - mcp_server - WARNING - Agent marked as inactive: network_agent (instance: network_agent_1765866667)
2025-12-16 14:57:43,081 - mcp_server - WARNING - Agent marked as inactive: app_agent (instance: app_agent_1765866668)
2025-12-16 14:57:43,081 - mcp_server - WARNING - Agent marked as inactive: monitor_agent (instance: monitor_agent_1765866669)
2025-12-16 14:57:43,082 - mcp_server - WARNING - Agent marked as inactive: media_agent (instance: media_agent_1765866670)
2025-12-16 14:57:46,085 - mcp_server - WARNING - Agent marked as inactive: file_agent (instance: file_agent_1765866665)
2025-12-16 14:57:46,087 - mcp_server - WARNING - Agent marked as inactive: settings_agent (instance: settings_agent_1765866666)
2025-12-16 14:57:46,087 - mcp_server - WARNING - Agent marked as inactive: network_agent (instance: network_agent_1765866667)
2025-12-16 14:57:46,087 - mcp_server - WARNING - Agent marked as inactive: app_agent (instance: app_agent_1765866668)
2025-12-16 14:57:46,088 - mcp_server - WARNING - Agent marked as inactive: monitor_agent (instance: monitor_agent_1765866669)
2025-12-16 14:57:46,088 - mcp_server - WARNING - Agent marked as inactive: media_agent (instance: media_agent_1765866670)
2025-12-16 14:57:49,091 - mcp_server - WARNING - Agent marked as inactive: file_agent (instance: file_agent_1765866665)
2025-12-16 14:57:49,093 - mcp_server - WARNING - Agent marked as inactive: settings_agent (instance: settings_agent_1765866666)
2025-12-16 14:57:49,094 - mcp_server - WARNING - Agent marked as inactive: network_agent (instance: network_agent_1765866667)
2025-12-16 14:57:49,094 - mcp_server - WARNING - Agent marked as inactive: app_agent (instance: app_agent_1765866668)
2025-12-16 14:57:49,094 - mcp_server - WARNING - Agent marked as inactive: monitor_agent (instance: monitor_agent_1765866669)
2025-12-16 14:57:49,094 - mcp_server - WARNING - Agent marked as inactive: media_agent (instance: media_agent_1765866670)
2025-12-16 14:57:52,098 - mcp_server - WARNING - Agent marked as inactive: file_agent (instance: file_agent_1765866665)
2025-12-16 14:57:52,100 - mcp_server - WARNING - Agent marked as inactive: settings_agent (instance: settings_agent_1765866666)
2025-12-16 14:57:52,101 - mcp_server - WARNING - Agent marked as inactive: network_agent (instance: network_agent_1765866667)
2025-12-16 14:57:52,101 - mcp_server - WARNING - Agent marked as inactive: app_agent (instance: app_agent_1765866668)
2025-12-16 14:57:52,101 - mcp_server - WARNING - Agent marked as inactive: monitor_agent (instance: monitor_agent_1765866669)
2025-12-16 14:57:52,101 - mcp_server - WARNING - Agent marked as inactive: media_agent (instance: media_agent_1765866670)
2025-12-16 14:57:55,105 - mcp_server - WARNING - Agent marked as inactive: file_agent (instance: file_agent_1765866665)
2025-12-16 14:57:55,107 - mcp_server - WARNING - Agent marked as inactive: settings_agent (instance: settings_agent_1765866666)
2025-12-16 14:57:55,108 - mcp_server - WARNING - Agent marked as inactive: network_agent (instance: network_agent_1765866667)
2025-12-16 14:57:55,108 - mcp_server - WARNING - Agent marked as inactive: app_agent (instance: app_agent_1765866668)
2025-12-16 14:57:55,108 - mcp_server - WARNING - Agent marked as inactive: monitor_agent (instance: monitor_agent_1765866669)
2025-12-16 14:57:55,108 - mcp_server - WARNING - Agent marked as inactive: media_agent (instance: media_agent_1765866670)
2025-12-16 14:57:58,111 - mcp_server - WARNING - Agent marked as inactive: file_agent (instance: file_agent_1765866665)
2025-12-16 14:57:58,114 - mcp_server - WARNING - Agent marked as inactive: settings_agent (instance: settings_agent_1765866666)
2025-12-16 14:57:58,114 - mcp_server - WARNING - Agent marked as inactive: network_agent (instance: network_agent_1765866667)
2025-12-16 14:57:58,114 - mcp_server - WARNING - Agent marked as inactive: app_agent (instance: app_agent_1765866668)
2025-12-16 14:57:58,114 - mcp_server - WARNING - Agent marked as inactive: monitor_agent (instance: monitor_agent_1765866669)
2025-12-16 14:57:58,114 - mcp_server - WARNING - Agent marked as inactive: media_agent (instance: media_agent_1765866670)
2025-12-16 14:58:01,118 - mcp_server - WARNING - Agent marked as inactive: file_agent (instance: file_agent_1765866665)
2025-12-16 14:58:01,120 - mcp_server - WARNING - Agent marked as inactive: settings_agent (instance: settings_agent_1765866666)
2025-12-16 14:58:01,120 - mcp_server - WARNING - Agent marked as inactive: network_agent (instance: network_agent_1765866667)
2025-12-16 14:58:01,120 - mcp_server - WARNING - Agent marked as inactive: app_agent (instance: app_agent_1765866668)
2025-12-16 14:58:01,121 - mcp_server - WARNING - Agent marked as inactive: monitor_agent (instance: monitor_agent_1765866669)
2025-12-16 14:58:01,121 - mcp_server - WARNING - Agent marked as inactive: media_agent (instance: media_agent_1765866670)
2025-12-16 14:58:04,124 - mcp_server - WARNING - Agent marked as inactive: file_agent (instance: file_agent_1765866665)
2025-12-16 14:58:04,126 - mcp_server - WARNING - Agent marked as inactive: settings_agent (instance: settings_agent_1765866666)
2025-12-16 14:58:04,127 - mcp_server - WARNING - Agent marked as inactive: network_agent (instance: network_agent_1765866667)
2025-12-16 14:58:04,127 - mcp_server - WARNING - Agent marked as inactive: app_agent (instance: app_agent_1765866668)
2025-12-16 14:58:04,127 - mcp_server - WARNING - Agent marked as inactive: monitor_agent (instance: monitor_agent_1765866669)
2025-12-16 14:58:04,127 - mcp_server - WARNING - Agent marked as inactive: media_agent (instance: media_agent_1765866670)
2025-12-16 14:58:07,130 - mcp_server - WARNING - Agent marked as inactive: file_agent (instance: file_agent_1765866665)
2025-12-16 14:58:07,133 - mcp_server - WARNING - Agent marked as inactive: settings_agent (instance: settings_agent_1765866666)
2025-12-16 14:58:07,133 - mcp_server - WARNING - Agent marked as inactive: network_agent (instance: network_agent_1765866667)
2025-12-16 14:58:07,134 - mcp_server - WARNING - Agent marked as inactive: app_agent (instance: app_agent_1765866668)
2025-12-16 14:58:07,134 - mcp_server - WARNING - Agent marked as inactive: monitor_agent (instance: monitor_agent_1765866669)
2025-12-16 14:58:07,134 - mcp_server - WARNING - Agent marked as inactive: media_agent (instance: media_agent_1765866670)
2025-12-16 14:58:10,138 - mcp_server - WARNING - Agent marked as inactive: file_agent (instance: file_agent_1765866665)
2025-12-16 14:58:10,140 - mcp_server - WARNING - Agent marked as inactive: settings_agent (instance: settings_agent_1765866666)
2025-12-16 14:58:10,140 - mcp_server - WARNING - Agent marked as inactive: network_agent (instance: network_agent_1765866667)
2025-12-16 14:58:10,141 - mcp_server - WARNING - Agent marked as inactive: app_agent (instance: app_agent_1765866668)
2025-12-16 14:58:10,141 - mcp_server - WARNING - Agent marked as inactive: monitor_agent (instance: monitor_agent_1765866669)
2025-12-16 14:58:10,141 - mcp_server - WARNING - Agent marked as inactive: media_agent (instance: media_agent_1765866670)
2025-12-16 14:58:13,145 - mcp_server - WARNING - Agent marked as inactive: file_agent (instance: file_agent_1765866665)
2025-12-16 14:58:13,148 - mcp_server - WARNING - Agent marked as inactive: settings_agent (instance: settings_agent_1765866666)
2025-12-16 14:58:13,148 - mcp_server - WARNING - Agent marked as inactive: network_agent (instance: network_agent_1765866667)
2025-12-16 14:58:13,148 - mcp_server - WARNING - Agent marked as inactive: app_agent (instance: app_agent_1765866668)
2025-12-16 14:58:13,149 - mcp_server - WARNING - Agent marked as inactive: monitor_agent (instance: monitor_agent_1765866669)
2025-12-16 14:58:13,149 - mcp_server - WARNING - Agent marked as inactive: media_agent (instance: media_agent_1765866670)
2025-12-16 14:58:16,152 - mcp_server - WARNING - Agent marked as inactive: file_agent (instance: file_agent_1765866665)
2025-12-16 14:58:16,154 - mcp_server - WARNING - Agent marked as inactive: settings_agent (instance: settings_agent_1765866666)
2025-12-16 14:58:16,154 - mcp_server - WARNING - Agent marked as inactive: network_agent (instance: network_agent_1765866667)
2025-12-16 14:58:16,154 - mcp_server - WARNING - Agent marked as inactive: app_agent (instance: app_agent_1765866668)
2025-12-16 14:58:16,154 - mcp_server - WARNING - Agent marked as inactive: monitor_agent (instance: monitor_agent_1765866669)
2025-12-16 14:58:16,155 - mcp_server - WARNING - Agent marked as inactive: media_agent (instance: media_agent_1765866670)
2025-12-16 14:58:19,157 - mcp_server - WARNING - Agent marked as inactive: file_agent (instance: file_agent_1765866665)
2025-12-16 14:58:19,159 - mcp_server - WARNING - Agent marked as inactive: settings_agent (instance: settings_agent_1765866666)
2025-12-16 14:58:19,159 - mcp_server - WARNING - Agent marked as inactive: network_agent (instance: network_agent_1765866667)
2025-12-16 14:58:19,160 - mcp_server - WARNING - Agent marked as inactive: app_agent (instance: app_agent_1765866668)
2025-12-16 14:58:19,160 - mcp_server - WARNING - Agent marked as inactive: monitor_agent (instance: monitor_agent_1765866669)
2025-12-16 14:58:19,160 - mcp_server - WARNING - Agent marked as inactive: media_agent (instance: media_agent_1765866670)
2025-12-16 14:58:22,163 - mcp_server - WARNING - Agent marked as inactive: file_agent (instance: file_agent_1765866665)
2025-12-16 14:58:22,165 - mcp_server - WARNING - Agent marked as inactive: settings_agent (instance: settings_agent_1765866666)
2025-12-16 14:58:22,165 - mcp_server - WARNING - Agent marked as inactive: network_agent (instance: network_agent_1765866667)
2025-12-16 14:58:22,165 - mcp_server - WARNING - Agent marked as inactive: app_agent (instance: app_agent_1765866668)
2025-12-16 14:58:22,165 - mcp_server - WARNING - Agent marked as inactive: monitor_agent (instance: monitor_agent_1765866669)
2025-12-16 14:58:22,165 - mcp_server - WARNING - Agent marked as inactive: media_agent (instance: media_agent_1765866670)
2025-12-16 14:58:25,168 - mcp_server - WARNING - Agent marked as inactive: file_agent (instance: file_agent_1765866665)
2025-12-16 14:58:25,171 - mcp_server - WARNING - Agent marked as inactive: settings_agent (instance: settings_agent_1765866666)
2025-12-16 14:58:25,171 - mcp_server - WARNING - Agent marked as inactive: network_agent (instance: network_agent_1765866667)
2025-12-16 14:58:25,172 - mcp_server - WARNING - Agent marked as inactive: app_agent (instance: app_agent_1765866668)
2025-12-16 14:58:25,172 - mcp_server - WARNING - Agent marked as inactive: monitor_agent (instance: monitor_agent_1765866669)
2025-12-16 14:58:25,172 - mcp_server - WARNING - Agent marked as inactive: media_agent (instance: media_agent_1765866670)
2025-12-16 14:58:28,175 - mcp_server - WARNING - Agent marked as inactive: file_agent (instance: file_agent_1765866665)
2025-12-16 14:58:28,177 - mcp_server - WARNING - Agent marked as inactive: settings_agent (instance: settings_agent_1765866666)
2025-12-16 14:58:28,177 - mcp_server - WARNING - Agent marked as inactive: network_agent (instance: network_agent_1765866667)
2025-12-16 14:58:28,177 - mcp_server - WARNING - Agent marked as inactive: app_agent (instance: app_agent_1765866668)
2025-12-16 14:58:28,177 - mcp_server - WARNING - Agent marked as inactive: monitor_agent (instance: monitor_agent_1765866669)
2025-12-16 14:58:28,178 - mcp_server - WARNING - Agent marked as inactive: media_agent (instance: media_agent_1765866670)
2025-12-16 14:58:31,181 - mcp_server - WARNING - Agent marked as inactive: file_agent (instance: file_agent_1765866665)
2025-12-16 14:58:31,184 - mcp_server - WARNING - Agent marked as inactive: settings_agent (instance: settings_agent_1765866666)
2025-12-16 14:58:31,184 - mcp_server - WARNING - Agent marked as inactive: network_agent (instance: network_agent_1765866667)
2025-12-16 14:58:31,184 - mcp_server - WARNING - Agent marked as inactive: app_agent (instance: app_agent_1765866668)
2025-12-16 14:58:31,184 - mcp_server - WARNING - Agent marked as inactive: monitor_agent (instance: monitor_agent_1765866669)
2025-12-16 14:58:31,185 - mcp_server - WARNING - Agent marked as inactive: media_agent (instance: media_agent_1765866670)
2025-12-16 14:58:34,187 - mcp_server - WARNING - Agent marked as inactive: file_agent (instance: file_agent_1765866665)
2025-12-16 14:58:34,187 - mcp_server - WARNING - Agent marked as inactive: settings_agent (instance: settings_agent_1765866666)
2025-12-16 14:58:34,188 - mcp_server - WARNING - Agent marked as inactive: network_agent (instance: network_agent_1765866667)
2025-12-16 14:58:34,188 - mcp_server - WARNING - Agent marked as inactive: app_agent (instance: app_agent_1765866668)
2025-12-16 14:58:34,188 - mcp_server - WARNING - Agent marked as inactive: monitor_agent (instance: monitor_agent_1765866669)
2025-12-16 14:58:34,188 - mcp_server - WARNING - Agent marked as inactive: media_agent (instance: media_agent_1765866670)
2025-12-16 14:58:37,190 - mcp_server - WARNING - Agent marked as inactive: file_agent (instance: file_agent_1765866665)
2025-12-16 14:58:37,191 - mcp_server - WARNING - Agent marked as inactive: settings_agent (instance: settings_agent_1765866666)
2025-12-16 14:58:37,191 - mcp_server - WARNING - Agent marked as inactive: network_agent (instance: network_agent_1765866667)
2025-12-16 14:58:37,191 - mcp_server - WARNING - Agent marked as inactive: app_agent (instance: app_agent_1765866668)
2025-12-16 14:58:37,191 - mcp_server - WARNING - Agent marked as inactive: monitor_agent (instance: monitor_agent_1765866669)
2025-12-16 14:58:37,191 - mcp_server - WARNING - Agent marked as inactive: media_agent (instance: media_agent_1765866670)
2025-12-16 14:58:40,194 - mcp_server - WARNING - Agent marked as inactive: file_agent (instance: file_agent_1765866665)
2025-12-16 14:58:40,196 - mcp_server - WARNING - Agent marked as inactive: settings_agent (instance: settings_agent_1765866666)
2025-12-16 14:58:40,196 - mcp_server - WARNING - Agent marked as inactive: network_agent (instance: network_agent_1765866667)
2025-12-16 14:58:40,196 - mcp_server - WARNING - Agent marked as inactive: app_agent (instance: app_agent_1765866668)
2025-12-16 14:58:40,197 - mcp_server - WARNING - Agent marked as inactive: monitor_agent (instance: monitor_agent_1765866669)
2025-12-16 14:58:40,197 - mcp_server - WARNING - Agent marked as inactive: media_agent (instance: media_agent_1765866670)
2025-12-16 14:58:43,200 - mcp_server - WARNING - Agent marked as inactive: file_agent (instance: file_agent_1765866665)
2025-12-16 14:58:43,202 - mcp_server - WARNING - Agent marked as inactive: settings_agent (instance: settings_agent_1765866666)
2025-12-16 14:58:43,202 - mcp_server - WARNING - Agent marked as inactive: network_agent (instance: network_agent_1765866667)
2025-12-16 14:58:43,202 - mcp_server - WARNING - Agent marked as inactive: app_agent (instance: app_agent_1765866668)
2025-12-16 14:58:43,202 - mcp_server - WARNING - Agent marked as inactive: monitor_agent (instance: monitor_agent_1765866669)
2025-12-16 14:58:43,202 - mcp_server - WARNING - Agent marked as inactive: media_agent (instance: media_agent_1765866670)
2025-12-16 14:58:46,205 - mcp_server - WARNING - Agent marked as inactive: file_agent (instance: file_agent_1765866665)
2025-12-16 14:58:46,205 - mcp_server - WARNING - Agent marked as inactive: settings_agent (instance: settings_agent_1765866666)
2025-12-16 14:58:46,205 - mcp_server - WARNING - Agent marked as inactive: network_agent (instance: network_agent_1765866667)
2025-12-16 14:58:46,205 - mcp_server - WARNING - Agent marked as inactive: app_agent (instance: app_agent_1765866668)
2025-12-16 14:58:46,205 - mcp_server - WARNING - Agent marked as inactive: monitor_agent (instance: monitor_agent_1765866669)
2025-12-16 14:58:46,205 - mcp_server - WARNING - Agent marked as inactive: media_agent (instance: media_agent_1765866670)
2025-12-16 14:58:49,208 - mcp_server - WARNING - Agent marked as inactive: file_agent (instance: file_agent_1765866665)
2025-12-16 14:58:49,208 - mcp_server - WARNING - Agent marked as inactive: settings_agent (instance: settings_agent_1765866666)
2025-12-16 14:58:49,208 - mcp_server - WARNING - Agent marked as inactive: network_agent (instance: network_agent_1765866667)
2025-12-16 14:58:49,208 - mcp_server - WARNING - Agent marked as inactive: app_agent (instance: app_agent_1765866668)
2025-12-16 14:58:49,208 - mcp_server - WARNING - Agent marked as inactive: monitor_agent (instance: monitor_agent_1765866669)
2025-12-16 14:58:49,208 - mcp_server - WARNING - Agent marked as inactive: media_agent (instance: media_agent_1765866670)
2025-12-16 14:58:52,211 - mcp_server - WARNING - Agent marked as inactive: file_agent (instance: file_agent_1765866665)
2025-12-16 14:58:52,211 - mcp_server - WARNING - Agent marked as inactive: settings_agent (instance: settings_agent_1765866666)
2025-12-16 14:58:52,211 - mcp_server - WARNING - Agent marked as inactive: network_agent (instance: network_agent_1765866667)
2025-12-16 14:58:52,211 - mcp_server - WARNING - Agent marked as inactive: app_agent (instance: app_agent_1765866668)
2025-12-16 14:58:52,211 - mcp_server - WARNING - Agent marked as inactive: monitor_agent (instance: monitor_agent_1765866669)
2025-12-16 14:58:52,211 - mcp_server - WARNING - Agent marked as inactive: media_agent (instance: media_agent_1765866670)
2025-12-16 14:58:55,214 - mcp_server - WARNING - Agent marked as inactive: file_agent (instance: file_agent_1765866665)
2025-12-16 14:58:55,215 - mcp_server - WARNING - Agent marked as inactive: settings_agent (instance: settings_agent_1765866666)
2025-12-16 14:58:55,216 - mcp_server - WARNING - Agent marked as inactive: network_agent (instance: network_agent_1765866667)
2025-12-16 14:58:55,216 - mcp_server - WARNING - Agent marked as inactive: app_agent (instance: app_agent_1765866668)
2025-12-16 14:58:55,216 - mcp_server - WARNING - Agent marked as inactive: monitor_agent (instance: monitor_agent_1765866669)
2025-12-16 14:58:55,216 - mcp_server - WARNING - Agent marked as inactive: media_agent (instance: media_agent_1765866670)
2025-12-16 14:58:58,219 - mcp_server - WARNING - Agent marked as inactive: file_agent (instance: file_agent_1765866665)
2025-12-16 14:58:58,219 - mcp_server - WARNING - Agent marked as inactive: settings_agent (instance: settings_agent_1765866666)
2025-12-16 14:58:58,219 - mcp_server - WARNING - Agent marked as inactive: network_agent (instance: network_agent_1765866667)
2025-12-16 14:58:58,219 - mcp_server - WARNING - Agent marked as inactive: app_agent (instance: app_agent_1765866668)
2025-12-16 14:58:58,219 - mcp_server - WARNING - Agent marked as inactive: monitor_agent (instance: monitor_agent_1765866669)
2025-12-16 14:58:58,219 - mcp_server - WARNING - Agent marked as inactive: media_agent (instance: media_agent_1765866670)
2025-12-16 14:59:01,222 - mcp_server - WARNING - Agent marked as inactive: file_agent (instance: file_agent_1765866665)
2025-12-16 14:59:01,223 - mcp_server - WARNING - Agent marked as inactive: settings_agent (instance: settings_agent_1765866666)
2025-12-16 14:59:01,223 - mcp_server - WARNING - Agent marked as inactive: network_agent (instance: network_agent_1765866667)
2025-12-16 14:59:01,223 - mcp_server - WARNING - Agent marked as inactive: app_agent (instance: app_agent_1765866668)
2025-12-16 14:59:01,223 - mcp_server - WARNING - Agent marked as inactive: monitor_agent (instance: monitor_agent_1765866669)
2025-12-16 14:59:01,223 - mcp_server - WARNING - Agent marked as inactive: media_agent (instance: media_agent_1765866670)
2025-12-16 14:59:04,226 - mcp_server - WARNING - Agent marked as inactive: file_agent (instance: file_agent_1765866665)
2025-12-16 14:59:04,226 - mcp_server - WARNING - Agent marked as inactive: settings_agent (instance: settings_agent_1765866666)
2025-12-16 14:59:04,226 - mcp_server - WARNING - Agent marked as inactive: network_agent (instance: network_agent_1765866667)
2025-12-16 14:59:04,226 - mcp_server - WARNING - Agent marked as inactive: app_agent (instance: app_agent_1765866668)
2025-12-16 14:59:04,226 - mcp_server - WARNING - Agent marked as inactive: monitor_agent (instance: monitor_agent_1765866669)
2025-12-16 14:59:04,226 - mcp_server - WARNING - Agent marked as inactive: media_agent (instance: media_agent_1765866670)
2025-12-16 14:59:07,229 - mcp_server - WARNING - Agent marked as inactive: file_agent (instance: file_agent_1765866665)
2025-12-16 14:59:07,230 - mcp_server - WARNING - Agent marked as inactive: settings_agent (instance: settings_agent_1765866666)
2025-12-16 14:59:07,230 - mcp_server - WARNING - Agent marked as inactive: network_agent (instance: network_agent_1765866667)
2025-12-16 14:59:07,230 - mcp_server - WARNING - Agent marked as inactive: app_agent (instance: app_agent_1765866668)
2025-12-16 14:59:07,230 - mcp_server - WARNING - Agent marked as inactive: monitor_agent (instance: monitor_agent_1765866669)
2025-12-16 14:59:07,230 - mcp_server - WARNING - Agent marked as inactive: media_agent (instance: media_agent_1765866670)
2025-12-16 14:59:10,233 - mcp_server - WARNING - Agent marked as inactive: file_agent (instance: file_agent_1765866665)
2025-12-16 14:59:10,233 - mcp_server - WARNING - Agent marked as inactive: settings_agent (instance: settings_agent_1765866666)
2025-12-16 14:59:10,233 - mcp_server - WARNING - Agent marked as inactive: network_agent (instance: network_agent_1765866667)
2025-12-16 14:59:10,233 - mcp_server - WARNING - Agent marked as inactive: app_agent (instance: app_agent_1765866668)
2025-12-16 14:59:10,233 - mcp_server - WARNING - Agent marked as inactive: monitor_agent (instance: monitor_agent_1765866669)
2025-12-16 14:59:10,233 - mcp_server - WARNING - Agent marked as inactive: media_agent (instance: media_agent_1765866670)
2025-12-16 14:59:13,236 - mcp_server - WARNING - Agent marked as inactive: file_agent (instance: file_agent_1765866665)
2025-12-16 14:59:13,236 - mcp_server - WARNING - Agent marked as inactive: settings_agent (instance: settings_agent_1765866666)
2025-12-16 14:59:13,236 - mcp_server - WARNING - Agent marked as inactive: network_agent (instance: network_agent_1765866667)
2025-12-16 14:59:13,236 - mcp_server - WARNING - Agent marked as inactive: app_agent (instance: app_agent_1765866668)
2025-12-16 14:59:13,236 - mcp_server - WARNING - Agent marked as inactive: monitor_agent (instance: monitor_agent_1765866669)
2025-12-16 14:59:13,236 - mcp_server - WARNING - Agent marked as inactive: media_agent (instance: media_agent_1765866670)
2025-12-16 14:59:16,239 - mcp_server - WARNING - Agent marked as inactive: file_agent (instance: file_agent_1765866665)
2025-12-16 14:59:16,239 - mcp_server - WARNING - Agent marked as inactive: settings_agent (instance: settings_agent_1765866666)
2025-12-16 14:59:16,239 - mcp_server - WARNING - Agent marked as inactive: network_agent (instance: network_agent_1765866667)
2025-12-16 14:59:16,239 - mcp_server - WARNING - Agent marked as inactive: app_agent (instance: app_agent_1765866668)
2025-12-16 14:59:16,239 - mcp_server - WARNING - Agent marked as inactive: monitor_agent (instance: monitor_agent_1765866669)
2025-12-16 14:59:16,239 - mcp_server - WARNING - Agent marked as inactive: media_agent (instance: media_agent_1765866670)
2025-12-16 14:59:19,242 - mcp_server - WARNING - Agent marked as inactive: file_agent (instance: file_agent_1765866665)
2025-12-16 14:59:19,242 - mcp_server - WARNING - Agent marked as inactive: settings_agent (instance: settings_agent_1765866666)
2025-12-16 14:59:19,242 - mcp_server - WARNING - Agent marked as inactive: network_agent (instance: network_agent_1765866667)
2025-12-16 14:59:19,243 - mcp_server - WARNING - Agent marked as inactive: app_agent (instance: app_agent_1765866668)
2025-12-16 14:59:19,243 - mcp_server - WARNING - Agent marked as inactive: monitor_agent (instance: monitor_agent_1765866669)
2025-12-16 14:59:19,243 - mcp_server - WARNING - Agent marked as inactive: media_agent (instance: media_agent_1765866670)
2025-12-16 14:59:22,245 - mcp_server - WARNING - Agent marked as inactive: file_agent (instance: file_agent_1765866665)
2025-12-16 14:59:22,246 - mcp_server - WARNING - Agent marked as inactive: settings_agent (instance: settings_agent_1765866666)
2025-12-16 14:59:22,246 - mcp_server - WARNING - Agent marked as inactive: network_agent (instance: network_agent_1765866667)
2025-12-16 14:59:22,246 - mcp_server - WARNING - Agent marked as inactive: app_agent (instance: app_agent_1765866668)
2025-12-16 14:59:22,246 - mcp_server - WARNING - Agent marked as inactive: monitor_agent (instance: monitor_agent_1765866669)
2025-12-16 14:59:22,246 - mcp_server - WARNING - Agent marked as inactive: media_agent (instance: media_agent_1765866670)
2025-12-16 14:59:25,248 - mcp_server - WARNING - Agent marked as inactive: file_agent (instance: file_agent_1765866665)
2025-12-16 14:59:25,248 - mcp_server - WARNING - Agent marked as inactive: settings_agent (instance: settings_agent_1765866666)
2025-12-16 14:59:25,248 - mcp_server - WARNING - Agent marked as inactive: network_agent (instance: network_agent_1765866667)
2025-12-16 14:59:25,248 - mcp_server - WARNING - Agent marked as inactive: app_agent (instance: app_agent_1765866668)
2025-12-16 14:59:25,248 - mcp_server - WARNING - Agent marked as inactive: monitor_agent (instance: monitor_agent_1765866669)
2025-12-16 14:59:25,248 - mcp_server - WARNING - Agent marked as inactive: media_agent (instance: media_agent_1765866670)
2025-12-16 14:59:28,251 - mcp_server - WARNING - Agent marked as inactive: file_agent (instance: file_agent_1765866665)
2025-12-16 14:59:28,251 - mcp_server - WARNING - Agent marked as inactive: settings_agent (instance: settings_agent_1765866666)
2025-12-16 14:59:28,251 - mcp_server - WARNING - Agent marked as inactive: network_agent (instance: network_agent_1765866667)
2025-12-16 14:59:28,251 - mcp_server - WARNING - Agent marked as inactive: app_agent (instance: app_agent_1765866668)
2025-12-16 14:59:28,251 - mcp_server - WARNING - Agent marked as inactive: monitor_agent (instance: monitor_agent_1765866669)
2025-12-16 14:59:28,252 - mcp_server - WARNING - Agent marked as inactive: media_agent (instance: media_agent_1765866670)
2025-12-16 14:59:31,254 - mcp_server - WARNING - Agent marked as inactive: file_agent (instance: file_agent_1765866665)
2025-12-16 14:59:31,255 - mcp_server - WARNING - Agent marked as inactive: settings_agent (instance: settings_agent_1765866666)
2025-12-16 14:59:31,255 - mcp_server - WARNING - Agent marked as inactive: network_agent (instance: network_agent_1765866667)
2025-12-16 14:59:31,255 - mcp_server - WARNING - Agent marked as inactive: app_agent (instance: app_agent_1765866668)
2025-12-16 14:59:31,255 - mcp_server - WARNING - Agent marked as inactive: monitor_agent (instance: monitor_agent_1765866669)
2025-12-16 14:59:31,255 - mcp_server - WARNING - Agent marked as inactive: media_agent (instance: media_agent_1765866670)
2025-12-16 14:59:34,258 - mcp_server - WARNING - Agent marked as inactive: file_agent (instance: file_agent_1765866665)
2025-12-16 14:59:34,259 - mcp_server - WARNING - Agent marked as inactive: settings_agent (instance: settings_agent_1765866666)
2025-12-16 14:59:34,259 - mcp_server - WARNING - Agent marked as inactive: network_agent (instance: network_agent_1765866667)
2025-12-16 14:59:34,259 - mcp_server - WARNING - Agent marked as inactive: app_agent (instance: app_agent_1765866668)
2025-12-16 14:59:34,259 - mcp_server - WARNING - Agent marked as inactive: monitor_agent (instance: monitor_agent_1765866669)
2025-12-16 14:59:34,259 - mcp_server - WARNING - Agent marked as inactive: media_agent (instance: media_agent_1765866670)
2025-12-16 14:59:37,262 - mcp_server - WARNING - Agent marked as inactive: file_agent (instance: file_agent_1765866665)
2025-12-16 14:59:37,262 - mcp_server - WARNING - Agent marked as inactive: settings_agent (instance: settings_agent_1765866666)
2025-12-16 14:59:37,262 - mcp_server - WARNING - Agent marked as inactive: network_agent (instance: network_agent_1765866667)
2025-12-16 14:59:37,262 - mcp_server - WARNING - Agent marked as inactive: app_agent (instance: app_agent_1765866668)
2025-12-16 14:59:37,262 - mcp_server - WARNING - Agent marked as inactive: monitor_agent (instance: monitor_agent_1765866669)
2025-12-16 14:59:37,262 - mcp_server - WARNING - Agent marked as inactive: media_agent (instance: media_agent_1765866670)
2025-12-16 14:59:40,265 - mcp_server - WARNING - Agent marked as inactive: file_agent (instance: file_agent_1765866665)
2025-12-16 14:59:40,266 - mcp_server - WARNING - Agent marked as inactive: settings_agent (instance: settings_agent_1765866666)
2025-12-16 14:59:40,266 - mcp_server - WARNING - Agent marked as inactive: network_agent (instance: network_agent_1765866667)
2025-12-16 14:59:40,266 - mcp_server - WARNING - Agent marked as inactive: app_agent (instance: app_agent_1765866668)
2025-12-16 14:59:40,266 - mcp_server - WARNING - Agent marked as inactive: monitor_agent (instance: monitor_agent_1765866669)
2025-12-16 14:59:40,266 - mcp_server - WARNING - Agent marked as inactive: media_agent (instance: media_agent_1765866670)
2025-12-16 14:59:43,269 - mcp_server - WARNING - Agent marked as inactive: file_agent (instance: file_agent_1765866665)
2025-12-16 14:59:43,270 - mcp_server - WARNING - Agent marked as inactive: settings_agent (instance: settings_agent_1765866666)
2025-12-16 14:59:43,270 - mcp_server - WARNING - Agent marked as inactive: network_agent (instance: network_agent_1765866667)
2025-12-16 14:59:43,270 - mcp_server - WARNING - Agent marked as inactive: app_agent (instance: app_agent_1765866668)
2025-12-16 14:59:43,270 - mcp_server - WARNING - Agent marked as inactive: monitor_agent (instance: monitor_agent_1765866669)
2025-12-16 14:59:43,270 - mcp_server - WARNING - Agent marked as inactive: media_agent (instance: media_agent_1765866670)
2025-12-16 14:59:46,273 - mcp_server - WARNING - Agent marked as inactive: file_agent (instance: file_agent_1765866665)
2025-12-16 14:59:46,274 - mcp_server - WARNING - Agent marked as inactive: settings_agent (instance: settings_agent_1765866666)
2025-12-16 14:59:46,275 - mcp_server - WARNING - Agent marked as inactive: network_agent (instance: network_agent_1765866667)
2025-12-16 14:59:46,275 - mcp_server - WARNING - Agent marked as inactive: app_agent (instance: app_agent_1765866668)
2025-12-16 14:59:46,275 - mcp_server - WARNING - Agent marked as inactive: monitor_agent (instance: monitor_agent_1765866669)
2025-12-16 14:59:46,275 - mcp_server - WARNING - Agent marked as inactive: media_agent (instance: media_agent_1765866670)
2025-12-16 14:59:49,277 - mcp_server - WARNING - Agent marked as inactive: file_agent (instance: file_agent_1765866665)
2025-12-16 14:59:49,278 - mcp_server - WARNING - Agent marked as inactive: settings_agent (instance: settings_agent_1765866666)
2025-12-16 14:59:49,278 - mcp_server - WARNING - Agent marked as inactive: network_agent (instance: network_agent_1765866667)
2025-12-16 14:59:49,278 - mcp_server - WARNING - Agent marked as inactive: app_agent (instance: app_agent_1765866668)
2025-12-16 14:59:49,278 - mcp_server - WARNING - Agent marked as inactive: monitor_agent (instance: monitor_agent_1765866669)
2025-12-16 14:59:49,278 - mcp_server - WARNING - Agent marked as inactive: media_agent (instance: media_agent_1765866670)
2025-12-16 14:59:52,281 - mcp_server - WARNING - Agent marked as inactive: file_agent (instance: file_agent_1765866665)
2025-12-16 14:59:52,281 - mcp_server - WARNING - Agent marked as inactive: settings_agent (instance: settings_agent_1765866666)
2025-12-16 14:59:52,281 - mcp_server - WARNING - Agent marked as inactive: network_agent (instance: network_agent_1765866667)
2025-12-16 14:59:52,281 - mcp_server - WARNING - Agent marked as inactive: app_agent (instance: app_agent_1765866668)
2025-12-16 14:59:52,281 - mcp_server - WARNING - Agent marked as inactive: monitor_agent (instance: monitor_agent_1765866669)
2025-12-16 14:59:52,281 - mcp_server - WARNING - Agent marked as inactive: media_agent (instance: media_agent_1765866670)
2025-12-16 14:59:55,284 - mcp_server - WARNING - Agent marked as inactive: file_agent (instance: file_agent_1765866665)
2025-12-16 14:59:55,284 - mcp_server - WARNING - Agent marked as inactive: settings_agent (instance: settings_agent_1765866666)
2025-12-16 14:59:55,284 - mcp_server - WARNING - Agent marked as inactive: network_agent (instance: network_agent_1765866667)
2025-12-16 14:59:55,284 - mcp_server - WARNING - Agent marked as inactive: app_agent (instance: app_agent_1765866668)
2025-12-16 14:59:55,284 - mcp_server - WARNING - Agent marked as inactive: monitor_agent (instance: monitor_agent_1765866669)
2025-12-16 14:59:55,284 - mcp_server - WARNING - Agent marked as inactive: media_agent (instance: media_agent_1765866670)
2025-12-16 14:59:58,288 - mcp_server - WARNING - Agent marked as inactive: file_agent (instance: file_agent_1765866665)
2025-12-16 14:59:58,288 - mcp_server - WARNING - Agent marked as inactive: settings_agent (instance: settings_agent_1765866666)
2025-12-16 14:59:58,288 - mcp_server - WARNING - Agent marked as inactive: network_agent (instance: network_agent_1765866667)
2025-12-16 14:59:58,288 - mcp_server - WARNING - Agent marked as inactive: app_agent (instance: app_agent_1765866668)
2025-12-16 14:59:58,288 - mcp_server - WARNING - Agent marked as inactive: monitor_agent (instance: monitor_agent_1765866669)
2025-12-16 14:59:58,288 - mcp_server - WARNING - Agent marked as inactive: media_agent (instance: media_agent_1765866670)
2025-12-16 15:00:01,291 - mcp_server - WARNING - Agent marked as inactive: file_agent (instance: file_agent_1765866665)
2025-12-16 15:00:01,292 - mcp_server - WARNING - Agent marked as inactive: settings_agent (instance: settings_agent_1765866666)
2025-12-16 15:00:01,292 - mcp_server - WARNING - Agent marked as inactive: network_agent (instance: network_agent_1765866667)
2025-12-16 15:00:01,292 - mcp_server - WARNING - Agent marked as inactive: app_agent (instance: app_agent_1765866668)
2025-12-16 15:00:01,292 - mcp_server - WARNING - Agent marked as inactive: monitor_agent (instance: monitor_agent_1765866669)
2025-12-16 15:00:01,292 - mcp_server - WARNING - Agent marked as inactive: media_agent (instance: media_agent_1765866670)
2025-12-16 15:00:04,295 - mcp_server - WARNING - Agent marked as inactive: file_agent (instance: file_agent_1765866665)
2025-12-16 15:00:04,295 - mcp_server - WARNING - Agent marked as inactive: settings_agent (instance: settings_agent_1765866666)
2025-12-16 15:00:04,295 - mcp_server - WARNING - Agent marked as inactive: network_agent (instance: network_agent_1765866667)
2025-12-16 15:00:04,295 - mcp_server - WARNING - Agent marked as inactive: app_agent (instance: app_agent_1765866668)
2025-12-16 15:00:04,295 - mcp_server - WARNING - Agent marked as inactive: monitor_agent (instance: monitor_agent_1765866669)
2025-12-16 15:00:04,295 - mcp_server - WARNING - Agent marked as inactive: media_agent (instance: media_agent_1765866670)
2025-12-16 15:00:07,298 - mcp_server - WARNING - Agent marked as inactive: file_agent (instance: file_agent_1765866665)
2025-12-16 15:00:07,298 - mcp_server - WARNING - Agent marked as inactive: settings_agent (instance: settings_agent_1765866666)
2025-12-16 15:00:07,299 - mcp_server - WARNING - Agent marked as inactive: network_agent (instance: network_agent_1765866667)
2025-12-16 15:00:07,299 - mcp_server - WARNING - Agent marked as inactive: app_agent (instance: app_agent_1765866668)
2025-12-16 15:00:07,299 - mcp_server - WARNING - Agent marked as inactive: monitor_agent (instance: monitor_agent_1765866669)
2025-12-16 15:00:07,299 - mcp_server - WARNING - Agent marked as inactive: media_agent (instance: media_agent_1765866670)
2025-12-16 15:00:10,302 - mcp_server - WARNING - Agent marked as inactive: file_agent (instance: file_agent_1765866665)
2025-12-16 15:00:10,302 - mcp_server - WARNING - Agent marked as inactive: settings_agent (instance: settings_agent_1765866666)
2025-12-16 15:00:10,302 - mcp_server - WARNING - Agent marked as inactive: network_agent (instance: network_agent_1765866667)
2025-12-16 15:00:10,302 - mcp_server - WARNING - Agent marked as inactive: app_agent (instance: app_agent_1765866668)
2025-12-16 15:00:10,302 - mcp_server - WARNING - Agent marked as inactive: monitor_agent (instance: monitor_agent_1765866669)
2025-12-16 15:00:10,302 - mcp_server - WARNING - Agent marked as inactive: media_agent (instance: media_agent_1765866670)
2025-12-16 15:00:13,305 - mcp_server - WARNING - Agent marked as inactive: file_agent (instance: file_agent_1765866665)
2025-12-16 15:00:13,305 - mcp_server - WARNING - Agent marked as inactive: settings_agent (instance: settings_agent_1765866666)
2025-12-16 15:00:13,305 - mcp_server - WARNING - Agent marked as inactive: network_agent (instance: network_agent_1765866667)
2025-12-16 15:00:13,305 - mcp_server - WARNING - Agent marked as inactive: app_agent (instance: app_agent_1765866668)
2025-12-16 15:00:13,305 - mcp_server - WARNING - Agent marked as inactive: monitor_agent (instance: monitor_agent_1765866669)
2025-12-16 15:00:13,305 - mcp_server - WARNING - Agent marked as inactive: media_agent (instance: media_agent_1765866670)
2025-12-16 15:00:16,308 - mcp_server - WARNING - Agent marked as inactive: file_agent (instance: file_agent_1765866665)
2025-12-16 15:00:16,309 - mcp_server - WARNING - Agent marked as inactive: settings_agent (instance: settings_agent_1765866666)
2025-12-16 15:00:16,309 - mcp_server - WARNING - Agent marked as inactive: network_agent (instance: network_agent_1765866667)
2025-12-16 15:00:16,309 - mcp_server - WARNING - Agent marked as inactive: app_agent (instance: app_agent_1765866668)
2025-12-16 15:00:16,309 - mcp_server - WARNING - Agent marked as inactive: monitor_agent (instance: monitor_agent_1765866669)
2025-12-16 15:00:16,309 - mcp_server - WARNING - Agent marked as inactive: media_agent (instance: media_agent_1765866670)
2025-12-16 15:00:19,312 - mcp_server - WARNING - Agent marked as inactive: file_agent (instance: file_agent_1765866665)
2025-12-16 15:00:19,313 - mcp_server - WARNING - Agent marked as inactive: settings_agent (instance: settings_agent_1765866666)
2025-12-16 15:00:19,313 - mcp_server - WARNING - Agent marked as inactive: network_agent (instance: network_agent_1765866667)
2025-12-16 15:00:19,314 - mcp_server - WARNING - Agent marked as inactive: app_agent (instance: app_agent_1765866668)
2025-12-16 15:00:19,314 - mcp_server - WARNING - Agent marked as inactive: monitor_agent (instance: monitor_agent_1765866669)
2025-12-16 15:00:19,314 - mcp_server - WARNING - Agent marked as inactive: media_agent (instance: media_agent_1765866670)
2025-12-16 15:00:22,316 - mcp_server - WARNING - Agent marked as inactive: file_agent (instance: file_agent_1765866665)
2025-12-16 15:00:22,317 - mcp_server - WARNING - Agent marked as inactive: settings_agent (instance: settings_agent_1765866666)
2025-12-16 15:00:22,318 - mcp_server - WARNING - Agent marked as inactive: network_agent (instance: network_agent_1765866667)
2025-12-16 15:00:22,318 - mcp_server - WARNING - Agent marked as inactive: app_agent (instance: app_agent_1765866668)
2025-12-16 15:00:22,318 - mcp_server - WARNING - Agent marked as inactive: monitor_agent (instance: monitor_agent_1765866669)
2025-12-16 15:00:22,318 - mcp_server - WARNING - Agent marked as inactive: media_agent (instance: media_agent_1765866670)
2025-12-16 15:00:25,320 - mcp_server - WARNING - Agent marked as inactive: file_agent (instance: file_agent_1765866665)
2025-12-16 15:00:25,320 - mcp_server - WARNING - Agent marked as inactive: settings_agent (instance: settings_agent_1765866666)
2025-12-16 15:00:25,320 - mcp_server - WARNING - Agent marked as inactive: network_agent (instance: network_agent_1765866667)
2025-12-16 15:00:25,320 - mcp_server - WARNING - Agent marked as inactive: app_agent (instance: app_agent_1765866668)
2025-12-16 15:00:25,321 - mcp_server - WARNING - Agent marked as inactive: monitor_agent (instance: monitor_agent_1765866669)
2025-12-16 15:00:25,321 - mcp_server - WARNING - Agent marked as inactive: media_agent (instance: media_agent_1765866670)
2025-12-16 15:00:28,323 - mcp_server - WARNING - Agent marked as inactive: file_agent (instance: file_agent_1765866665)
2025-12-16 15:00:28,324 - mcp_server - WARNING - Agent marked as inactive: settings_agent (instance: settings_agent_1765866666)
2025-12-16 15:00:28,324 - mcp_server - WARNING - Agent marked as inactive: network_agent (instance: network_agent_1765866667)
2025-12-16 15:00:28,324 - mcp_server - WARNING - Agent marked as inactive: app_agent (instance: app_agent_1765866668)
2025-12-16 15:00:28,324 - mcp_server - WARNING - Agent marked as inactive: monitor_agent (instance: monitor_agent_1765866669)
2025-12-16 15:00:28,324 - mcp_server - WARNING - Agent marked as inactive: media_agent (instance: media_agent_1765866670)
2025-12-16 15:00:31,327 - mcp_server - WARNING - Agent marked as inactive: file_agent (instance: file_agent_1765866665)
2025-12-16 15:00:31,328 - mcp_server - WARNING - Agent marked as inactive: settings_agent (instance: settings_agent_1765866666)
2025-12-16 15:00:31,329 - mcp_server - WARNING - Agent marked as inactive: network_agent (instance: network_agent_1765866667)
2025-12-16 15:00:31,329 - mcp_server - WARNING - Agent marked as inactive: app_agent (instance: app_agent_1765866668)
2025-12-16 15:00:31,329 - mcp_server - WARNING - Agent marked as inactive: monitor_agent (instance: monitor_agent_1765866669)
2025-12-16 15:00:31,329 - mcp_server - WARNING - Agent marked as inactive: media_agent (instance: media_agent_1765866670)
2025-12-16 15:00:34,332 - mcp_server - WARNING - Agent marked as inactive: file_agent (instance: file_agent_1765866665)
2025-12-16 15:00:34,333 - mcp_server - WARNING - Agent marked as inactive: settings_agent (instance: settings_agent_1765866666)
2025-12-16 15:00:34,333 - mcp_server - WARNING - Agent marked as inactive: network_agent (instance: network_agent_1765866667)
2025-12-16 15:00:34,333 - mcp_server - WARNING - Agent marked as inactive: app_agent (instance: app_agent_1765866668)
2025-12-16 15:00:34,333 - mcp_server - WARNING - Agent marked as inactive: monitor_agent (instance: monitor_agent_1765866669)
2025-12-16 15:00:34,333 - mcp_server - WARNING - Agent marked as inactive: media_agent (instance: media_agent_1765866670)
2025-12-16 15:00:37,336 - mcp_server - WARNING - Agent marked as inactive: file_agent (instance: file_agent_1765866665)
2025-12-16 15:00:37,337 - mcp_server - WARNING - Agent marked as inactive: settings_agent (instance: settings_agent_1765866666)
2025-12-16 15:00:37,337 - mcp_server - WARNING - Agent marked as inactive: network_agent (instance: network_agent_1765866667)
2025-12-16 15:00:37,337 - mcp_server - WARNING - Agent marked as inactive: app_agent (instance: app_agent_1765866668)
2025-12-16 15:00:37,337 - mcp_server - WARNING - Agent marked as inactive: monitor_agent (instance: monitor_agent_1765866669)
2025-12-16 15:00:37,337 - mcp_server - WARNING - Agent marked as inactive: media_agent (instance: media_agent_1765866670)
2025-12-16 15:00:40,340 - mcp_server - WARNING - Agent marked as inactive: file_agent (instance: file_agent_1765866665)
2025-12-16 15:00:40,342 - mcp_server - WARNING - Agent marked as inactive: settings_agent (instance: settings_agent_1765866666)
2025-12-16 15:00:40,342 - mcp_server - WARNING - Agent marked as inactive: network_agent (instance: network_agent_1765866667)
2025-12-16 15:00:40,342 - mcp_server - WARNING - Agent marked as inactive: app_agent (instance: app_agent_1765866668)
2025-12-16 15:00:40,343 - mcp_server - WARNING - Agent marked as inactive: monitor_agent (instance: monitor_agent_1765866669)
2025-12-16 15:00:40,343 - mcp_server - WARNING - Agent marked as inactive: media_agent (instance: media_agent_1765866670)
2025-12-16 15:00:43,346 - mcp_server - WARNING - Agent marked as inactive: file_agent (instance: file_agent_1765866665)
2025-12-16 15:00:43,348 - mcp_server - WARNING - Agent marked as inactive: settings_agent (instance: settings_agent_1765866666)
2025-12-16 15:00:43,348 - mcp_server - WARNING - Agent marked as inactive: network_agent (instance: network_agent_1765866667)
2025-12-16 15:00:43,349 - mcp_server - WARNING - Agent marked as inactive: app_agent (instance: app_agent_1765866668)
2025-12-16 15:00:43,349 - mcp_server - WARNING - Agent marked as inactive: monitor_agent (instance: monitor_agent_1765866669)
2025-12-16 15:00:43,349 - mcp_server - WARNING - Agent marked as inactive: media_agent (instance: media_agent_1765866670)
2025-12-16 15:00:46,352 - mcp_server - WARNING - Agent marked as inactive: file_agent (instance: file_agent_1765866665)
2025-12-16 15:00:46,352 - mcp_server - WARNING - Agent marked as inactive: settings_agent (instance: settings_agent_1765866666)
2025-12-16 15:00:46,352 - mcp_server - WARNING - Agent marked as inactive: network_agent (instance: network_agent_1765866667)
2025-12-16 15:00:46,352 - mcp_server - WARNING - Agent marked as inactive: app_agent (instance: app_agent_1765866668)
2025-12-16 15:00:46,352 - mcp_server - WARNING - Agent marked as inactive: monitor_agent (instance: monitor_agent_1765866669)
2025-12-16 15:00:46,352 - mcp_server - WARNING - Agent marked as inactive: media_agent (instance: media_agent_1765866670)
2025-12-16 15:00:49,355 - mcp_server - WARNING - Agent marked as inactive: file_agent (instance: file_agent_1765866665)
2025-12-16 15:00:49,355 - mcp_server - WARNING - Agent marked as inactive: settings_agent (instance: settings_agent_1765866666)
2025-12-16 15:00:49,355 - mcp_server - WARNING - Agent marked as inactive: network_agent (instance: network_agent_1765866667)
2025-12-16 15:00:49,355 - mcp_server - WARNING - Agent marked as inactive: app_agent (instance: app_agent_1765866668)
2025-12-16 15:00:49,355 - mcp_server - WARNING - Agent marked as inactive: monitor_agent (instance: monitor_agent_1765866669)
2025-12-16 15:00:49,356 - mcp_server - WARNING - Agent marked as inactive: media_agent (instance: media_agent_1765866670)
2025-12-16 15:00:52,358 - mcp_server - WARNING - Agent marked as inactive: file_agent (instance: file_agent_1765866665)
2025-12-16 15:00:52,359 - mcp_server - WARNING - Agent marked as inactive: settings_agent (instance: settings_agent_1765866666)
2025-12-16 15:00:52,359 - mcp_server - WARNING - Agent marked as inactive: network_agent (instance: network_agent_1765866667)
2025-12-16 15:00:52,359 - mcp_server - WARNING - Agent marked as inactive: app_agent (instance: app_agent_1765866668)
2025-12-16 15:00:52,359 - mcp_server - WARNING - Agent marked as inactive: monitor_agent (instance: monitor_agent_1765866669)
2025-12-16 15:00:52,359 - mcp_server - WARNING - Agent marked as inactive: media_agent (instance: media_agent_1765866670)
2025-12-16 15:00:55,362 - mcp_server - WARNING - Agent marked as inactive: file_agent (instance: file_agent_1765866665)
2025-12-16 15:00:55,362 - mcp_server - WARNING - Agent marked as inactive: settings_agent (instance: settings_agent_1765866666)
2025-12-16 15:00:55,362 - mcp_server - WARNING - Agent marked as inactive: network_agent (instance: network_agent_1765866667)
2025-12-16 15:00:55,362 - mcp_server - WARNING - Agent marked as inactive: app_agent (instance: app_agent_1765866668)
2025-12-16 15:00:55,362 - mcp_server - WARNING - Agent marked as inactive: monitor_agent (instance: monitor_agent_1765866669)
2025-12-16 15:00:55,362 - mcp_server - WARNING - Agent marked as inactive: media_agent (instance: media_agent_1765866670)
2025-12-16 15:00:58,365 - mcp_server - WARNING - Agent marked as inactive: file_agent (instance: file_agent_1765866665)
2025-12-16 15:00:58,365 - mcp_server - WARNING - Agent marked as inactive: settings_agent (instance: settings_agent_1765866666)
2025-12-16 15:00:58,366 - mcp_server - WARNING - Agent marked as inactive: network_agent (instance: network_agent_1765866667)
2025-12-16 15:00:58,366 - mcp_server - WARNING - Agent marked as inactive: app_agent (instance: app_agent_1765866668)
2025-12-16 15:00:58,366 - mcp_server - WARNING - Agent marked as inactive: monitor_agent (instance: monitor_agent_1765866669)
2025-12-16 15:00:58,366 - mcp_server - WARNING - Agent marked as inactive: media_agent (instance: media_agent_1765866670)
2025-12-16 15:01:01,368 - mcp_server - WARNING - Agent marked as inactive: file_agent (instance: file_agent_1765866665)
2025-12-16 15:01:01,368 - mcp_server - WARNING - Agent marked as inactive: settings_agent (instance: settings_agent_1765866666)
2025-12-16 15:01:01,368 - mcp_server - WARNING - Agent marked as inactive: network_agent (instance: network_agent_1765866667)
2025-12-16 15:01:01,368 - mcp_server - WARNING - Agent marked as inactive: app_agent (instance: app_agent_1765866668)
2025-12-16 15:01:01,368 - mcp_server - WARNING - Agent marked as inactive: monitor_agent (instance: monitor_agent_1765866669)
2025-12-16 15:01:01,368 - mcp_server - WARNING - Agent marked as inactive: media_agent (instance: media_agent_1765866670)
2025-12-16 15:01:04,371 - mcp_server - WARNING - Agent marked as inactive: file_agent (instance: file_agent_1765866665)
2025-12-16 15:01:04,371 - mcp_server - WARNING - Agent marked as inactive: settings_agent (instance: settings_agent_1765866666)
2025-12-16 15:01:04,371 - mcp_server - WARNING - Agent marked as inactive: network_agent (instance: network_agent_1765866667)
2025-12-16 15:01:04,371 - mcp_server - WARNING - Agent marked as inactive: app_agent (instance: app_agent_1765866668)
2025-12-16 15:01:04,371 - mcp_server - WARNING - Agent marked as inactive: monitor_agent (instance: monitor_agent_1765866669)
2025-12-16 15:01:04,371 - mcp_server - WARNING - Agent marked as inactive: media_agent (instance: media_agent_1765866670)
2025-12-16 15:01:07,374 - mcp_server - WARNING - Agent marked as inactive: file_agent (instance: file_agent_1765866665)
2025-12-16 15:01:07,375 - mcp_server - WARNING - Agent marked as inactive: settings_agent (instance: settings_agent_1765866666)
2025-12-16 15:01:07,375 - mcp_server - WARNING - Agent marked as inactive: network_agent (instance: network_agent_1765866667)
2025-12-16 15:01:07,375 - mcp_server - WARNING - Agent marked as inactive: app_agent (instance: app_agent_1765866668)
2025-12-16 15:01:07,375 - mcp_server - WARNING - Agent marked as inactive: monitor_agent (instance: monitor_agent_1765866669)
2025-12-16 15:01:07,375 - mcp_server - WARNING - Agent marked as inactive: media_agent (instance: media_agent_1765866670)
2025-12-16 15:01:10,378 - mcp_server - WARNING - Agent marked as inactive: file_agent (instance: file_agent_1765866665)
2025-12-16 15:01:10,378 - mcp_server - WARNING - Agent marked as inactive: settings_agent (instance: settings_agent_1765866666)
2025-12-16 15:01:10,378 - mcp_server - WARNING - Agent marked as inactive: network_agent (instance: network_agent_1765866667)
2025-12-16 15:01:10,378 - mcp_server - WARNING - Agent marked as inactive: app_agent (instance: app_agent_1765866668)
2025-12-16 15:01:10,378 - mcp_server - WARNING - Agent marked as inactive: monitor_agent (instance: monitor_agent_1765866669)
2025-12-16 15:01:10,378 - mcp_server - WARNING - Agent marked as inactive: media_agent (instance: media_agent_1765866670)
2025-12-16 15:01:13,381 - mcp_server - WARNING - Agent marked as inactive: file_agent (instance: file_agent_1765866665)
2025-12-16 15:01:13,381 - mcp_server - WARNING - Agent marked as inactive: settings_agent (instance: settings_agent_1765866666)
2025-12-16 15:01:13,381 - mcp_server - WARNING - Agent marked as inactive: network_agent (instance: network_agent_1765866667)
2025-12-16 15:01:13,381 - mcp_server - WARNING - Agent marked as inactive: app_agent (instance: app_agent_1765866668)
2025-12-16 15:01:13,381 - mcp_server - WARNING - Agent marked as inactive: monitor_agent (instance: monitor_agent_1765866669)
2025-12-16 15:01:13,382 - mcp_server - WARNING - Agent marked as inactive: media_agent (instance: media_agent_1765866670)
2025-12-16 15:01:16,384 - mcp_server - WARNING - Agent marked as inactive: file_agent (instance: file_agent_1765866665)
2025-12-16 15:01:16,385 - mcp_server - WARNING - Agent marked as inactive: settings_agent (instance: settings_agent_1765866666)
2025-12-16 15:01:16,385 - mcp_server - WARNING - Agent marked as inactive: network_agent (instance: network_agent_1765866667)
2025-12-16 15:01:16,385 - mcp_server - WARNING - Agent marked as inactive: app_agent (instance: app_agent_1765866668)
2025-12-16 15:01:16,385 - mcp_server - WARNING - Agent marked as inactive: monitor_agent (instance: monitor_agent_1765866669)
2025-12-16 15:01:16,385 - mcp_server - WARNING - Agent marked as inactive: media_agent (instance: media_agent_1765866670)
2025-12-16 15:01:19,388 - mcp_server - WARNING - Agent marked as inactive: file_agent (instance: file_agent_1765866665)
2025-12-16 15:01:19,390 - mcp_server - WARNING - Agent marked as inactive: settings_agent (instance: settings_agent_1765866666)
2025-12-16 15:01:19,390 - mcp_server - WARNING - Agent marked as inactive: network_agent (instance: network_agent_1765866667)
2025-12-16 15:01:19,391 - mcp_server - WARNING - Agent marked as inactive: app_agent (instance: app_agent_1765866668)
2025-12-16 15:01:19,391 - mcp_server - WARNING - Agent marked as inactive: monitor_agent (instance: monitor_agent_1765866669)
2025-12-16 15:01:19,391 - mcp_server - WARNING - Agent marked as inactive: media_agent (instance: media_agent_1765866670)
2025-12-16 15:01:22,394 - mcp_server - WARNING - Agent marked as inactive: file_agent (instance: file_agent_1765866665)
2025-12-16 15:01:22,395 - mcp_server - WARNING - Agent marked as inactive: settings_agent (instance: settings_agent_1765866666)
2025-12-16 15:01:22,395 - mcp_server - WARNING - Agent marked as inactive: network_agent (instance: network_agent_1765866667)
2025-12-16 15:01:22,396 - mcp_server - WARNING - Agent marked as inactive: app_agent (instance: app_agent_1765866668)
2025-12-16 15:01:22,396 - mcp_server - WARNING - Agent marked as inactive: monitor_agent (instance: monitor_agent_1765866669)
2025-12-16 15:01:22,396 - mcp_server - WARNING - Agent marked as inactive: media_agent (instance: media_agent_1765866670)
2025-12-16 15:01:25,398 - mcp_server - WARNING - Agent marked as inactive: file_agent (instance: file_agent_1765866665)
2025-12-16 15:01:25,399 - mcp_server - WARNING - Agent marked as inactive: settings_agent (instance: settings_agent_1765866666)
2025-12-16 15:01:25,400 - mcp_server - WARNING - Agent marked as inactive: network_agent (instance: network_agent_1765866667)
2025-12-16 15:01:25,400 - mcp_server - WARNING - Agent marked as inactive: app_agent (instance: app_agent_1765866668)
2025-12-16 15:01:25,400 - mcp_server - WARNING - Agent marked as inactive: monitor_agent (instance: monitor_agent_1765866669)
2025-12-16 15:01:25,400 - mcp_server - WARNING - Agent marked as inactive: media_agent (instance: media_agent_1765866670)
2025-12-16 15:01:28,403 - mcp_server - WARNING - Agent marked as inactive: file_agent (instance: file_agent_1765866665)
2025-12-16 15:01:28,404 - mcp_server - WARNING - Agent marked as inactive: settings_agent (instance: settings_agent_1765866666)
2025-12-16 15:01:28,404 - mcp_server - WARNING - Agent marked as inactive: network_agent (instance: network_agent_1765866667)
2025-12-16 15:01:28,404 - mcp_server - WARNING - Agent marked as inactive: app_agent (instance: app_agent_1765866668)
2025-12-16 15:01:28,404 - mcp_server - WARNING - Agent marked as inactive: monitor_agent (instance: monitor_agent_1765866669)
2025-12-16 15:01:28,404 - mcp_server - WARNING - Agent marked as inactive: media_agent (instance: media_agent_1765866670)
2025-12-16 15:01:31,407 - mcp_server - WARNING - Agent marked as inactive: file_agent (instance: file_agent_1765866665)
2025-12-16 15:01:31,409 - mcp_server - WARNING - Agent marked as inactive: settings_agent (instance: settings_agent_1765866666)
2025-12-16 15:01:31,409 - mcp_server - WARNING - Agent marked as inactive: network_agent (instance: network_agent_1765866667)
2025-12-16 15:01:31,409 - mcp_server - WARNING - Agent marked as inactive: app_agent (instance: app_agent_1765866668)
2025-12-16 15:01:31,409 - mcp_server - WARNING - Agent marked as inactive: monitor_agent (instance: monitor_agent_1765866669)
2025-12-16 15:01:31,409 - mcp_server - WARNING - Agent marked as inactive: media_agent (instance: media_agent_1765866670)
2025-12-16 15:01:34,412 - mcp_server - WARNING - Agent marked as inactive: file_agent (instance: file_agent_1765866665)
2025-12-16 15:01:34,412 - mcp_server - WARNING - Agent marked as inactive: settings_agent (instance: settings_agent_1765866666)
2025-12-16 15:01:34,413 - mcp_server - WARNING - Agent marked as inactive: network_agent (instance: network_agent_1765866667)
2025-12-16 15:01:34,413 - mcp_server - WARNING - Agent marked as inactive: app_agent (instance: app_agent_1765866668)
2025-12-16 15:01:34,413 - mcp_server - WARNING - Agent marked as inactive: monitor_agent (instance: monitor_agent_1765866669)
2025-12-16 15:01:34,413 - mcp_server - WARNING - Agent marked as inactive: media_agent (instance: media_agent_1765866670)
2025-12-16 15:01:37,415 - mcp_server - WARNING - Agent marked as inactive: file_agent (instance: file_agent_1765866665)
2025-12-16 15:01:37,415 - mcp_server - WARNING - Agent marked as inactive: settings_agent (instance: settings_agent_1765866666)
2025-12-16 15:01:37,415 - mcp_server - WARNING - Agent marked as inactive: network_agent (instance: network_agent_1765866667)
2025-12-16 15:01:37,415 - mcp_server - WARNING - Agent marked as inactive: app_agent (instance: app_agent_1765866668)
2025-12-16 15:01:37,415 - mcp_server - WARNING - Agent marked as inactive: monitor_agent (instance: monitor_agent_1765866669)
2025-12-16 15:01:37,415 - mcp_server - WARNING - Agent marked as inactive: media_agent (instance: media_agent_1765866670)
2025-12-16 15:01:40,418 - mcp_server - WARNING - Agent marked as inactive: file_agent (instance: file_agent_1765866665)
2025-12-16 15:01:40,420 - mcp_server - WARNING - Agent marked as inactive: settings_agent (instance: settings_agent_1765866666)
2025-12-16 15:01:40,420 - mcp_server - WARNING - Agent marked as inactive: network_agent (instance: network_agent_1765866667)
2025-12-16 15:01:40,420 - mcp_server - WARNING - Agent marked as inactive: app_agent (instance: app_agent_1765866668)
2025-12-16 15:01:40,420 - mcp_server - WARNING - Agent marked as inactive: monitor_agent (instance: monitor_agent_1765866669)
2025-12-16 15:01:40,420 - mcp_server - WARNING - Agent marked as inactive: media_agent (instance: media_agent_1765866670)
2025-12-16 15:01:43,423 - mcp_server - WARNING - Agent marked as inactive: file_agent (instance: file_agent_1765866665)
2025-12-16 15:01:43,423 - mcp_server - WARNING - Agent marked as inactive: settings_agent (instance: settings_agent_1765866666)
2025-12-16 15:01:43,423 - mcp_server - WARNING - Agent marked as inactive: network_agent (instance: network_agent_1765866667)
2025-12-16 15:01:43,423 - mcp_server - WARNING - Agent marked as inactive: app_agent (instance: app_agent_1765866668)
2025-12-16 15:01:43,423 - mcp_server - WARNING - Agent marked as inactive: monitor_agent (instance: monitor_agent_1765866669)
2025-12-16 15:01:43,423 - mcp_server - WARNING - Agent marked as inactive: media_agent (instance: media_agent_1765866670)
2025-12-16 15:01:46,426 - mcp_server - WARNING - Agent marked as inactive: file_agent (instance: file_agent_1765866665)
2025-12-16 15:01:46,426 - mcp_server - WARNING - Agent marked as inactive: settings_agent (instance: settings_agent_1765866666)
2025-12-16 15:01:46,427 - mcp_server - WARNING - Agent marked as inactive: network_agent (instance: network_agent_1765866667)
2025-12-16 15:01:46,427 - mcp_server - WARNING - Agent marked as inactive: app_agent (instance: app_agent_1765866668)
2025-12-16 15:01:46,427 - mcp_server - WARNING - Agent marked as inactive: monitor_agent (instance: monitor_agent_1765866669)
2025-12-16 15:01:46,427 - mcp_server - WARNING - Agent marked as inactive: media_agent (instance: media_agent_1765866670)
2025-12-16 15:01:49,429 - mcp_server - WARNING - Agent marked as inactive: file_agent (instance: file_agent_1765866665)
2025-12-16 15:01:49,430 - mcp_server - WARNING - Agent marked as inactive: settings_agent (instance: settings_agent_1765866666)
2025-12-16 15:01:49,430 - mcp_server - WARNING - Agent marked as inactive: network_agent (instance: network_agent_1765866667)
2025-12-16 15:01:49,430 - mcp_server - WARNING - Agent marked as inactive: app_agent (instance: app_agent_1765866668)
2025-12-16 15:01:49,430 - mcp_server - WARNING - Agent marked as inactive: monitor_agent (instance: monitor_agent_1765866669)
2025-12-16 15:01:49,430 - mcp_server - WARNING - Agent marked as inactive: media_agent (instance: media_agent_1765866670)
2025-12-16 15:01:52,433 - mcp_server - WARNING - Agent marked as inactive: file_agent (instance: file_agent_1765866665)
2025-12-16 15:01:52,434 - mcp_server - WARNING - Agent marked as inactive: settings_agent (instance: settings_agent_1765866666)
2025-12-16 15:01:52,434 - mcp_server - WARNING - Agent marked as inactive: network_agent (instance: network_agent_1765866667)
2025-12-16 15:01:52,434 - mcp_server - WARNING - Agent marked as inactive: app_agent (instance: app_agent_1765866668)
2025-12-16 15:01:52,435 - mcp_server - WARNING - Agent marked as inactive: monitor_agent (instance: monitor_agent_1765866669)
2025-12-16 15:01:52,435 - mcp_server - WARNING - Agent marked as inactive: media_agent (instance: media_agent_1765866670)
2025-12-16 15:01:55,438 - mcp_server - WARNING - Agent marked as inactive: file_agent (instance: file_agent_1765866665)
2025-12-16 15:01:55,438 - mcp_server - WARNING - Agent marked as inactive: settings_agent (instance: settings_agent_1765866666)
2025-12-16 15:01:55,438 - mcp_server - WARNING - Agent marked as inactive: network_agent (instance: network_agent_1765866667)
2025-12-16 15:01:55,438 - mcp_server - WARNING - Agent marked as inactive: app_agent (instance: app_agent_1765866668)
2025-12-16 15:01:55,438 - mcp_server - WARNING - Agent marked as inactive: monitor_agent (instance: monitor_agent_1765866669)
2025-12-16 15:01:55,438 - mcp_server - WARNING - Agent marked as inactive: media_agent (instance: media_agent_1765866670)
2025-12-16 15:01:58,441 - mcp_server - WARNING - Agent marked as inactive: file_agent (instance: file_agent_1765866665)
2025-12-16 15:01:58,442 - mcp_server - WARNING - Agent marked as inactive: settings_agent (instance: settings_agent_1765866666)
2025-12-16 15:01:58,442 - mcp_server - WARNING - Agent marked as inactive: network_agent (instance: network_agent_1765866667)
2025-12-16 15:01:58,442 - mcp_server - WARNING - Agent marked as inactive: app_agent (instance: app_agent_1765866668)
2025-12-16 15:01:58,442 - mcp_server - WARNING - Agent marked as inactive: monitor_agent (instance: monitor_agent_1765866669)
2025-12-16 15:01:58,442 - mcp_server - WARNING - Agent marked as inactive: media_agent (instance: media_agent_1765866670)
2025-12-16 15:02:01,445 - mcp_server - WARNING - Agent marked as inactive: file_agent (instance: file_agent_1765866665)
2025-12-16 15:02:01,446 - mcp_server - WARNING - Agent marked as inactive: settings_agent (instance: settings_agent_1765866666)
2025-12-16 15:02:01,446 - mcp_server - WARNING - Agent marked as inactive: network_agent (instance: network_agent_1765866667)
2025-12-16 15:02:01,446 - mcp_server - WARNING - Agent marked as inactive: app_agent (instance: app_agent_1765866668)
2025-12-16 15:02:01,446 - mcp_server - WARNING - Agent marked as inactive: monitor_agent (instance: monitor_agent_1765866669)
2025-12-16 15:02:01,446 - mcp_server - WARNING - Agent marked as inactive: media_agent (instance: media_agent_1765866670)
2025-12-16 15:02:04,449 - mcp_server - WARNING - Agent marked as inactive: file_agent (instance: file_agent_1765866665)
2025-12-16 15:02:04,450 - mcp_server - WARNING - Agent marked as inactive: settings_agent (instance: settings_agent_1765866666)
2025-12-16 15:02:04,450 - mcp_server - WARNING - Agent marked as inactive: network_agent (instance: network_agent_1765866667)
2025-12-16 15:02:04,450 - mcp_server - WARNING - Agent marked as inactive: app_agent (instance: app_agent_1765866668)
2025-12-16 15:02:04,450 - mcp_server - WARNING - Agent marked as inactive: monitor_agent (instance: monitor_agent_1765866669)
2025-12-16 15:02:04,450 - mcp_server - WARNING - Agent marked as inactive: media_agent (instance: media_agent_1765866670)
2025-12-16 15:02:07,453 - mcp_server - WARNING - Agent marked as inactive: file_agent (instance: file_agent_1765866665)
2025-12-16 15:02:07,453 - mcp_server - WARNING - Agent marked as inactive: settings_agent (instance: settings_agent_1765866666)
2025-12-16 15:02:07,453 - mcp_server - WARNING - Agent marked as inactive: network_agent (instance: network_agent_1765866667)
2025-12-16 15:02:07,453 - mcp_server - WARNING - Agent marked as inactive: app_agent (instance: app_agent_1765866668)
2025-12-16 15:02:07,453 - mcp_server - WARNING - Agent marked as inactive: monitor_agent (instance: monitor_agent_1765866669)
2025-12-16 15:02:07,453 - mcp_server - WARNING - Agent marked as inactive: media_agent (instance: media_agent_1765866670)
2025-12-16 15:02:10,456 - mcp_server - WARNING - Agent marked as inactive: file_agent (instance: file_agent_1765866665)
2025-12-16 15:02:10,456 - mcp_server - WARNING - Agent marked as inactive: settings_agent (instance: settings_agent_1765866666)
2025-12-16 15:02:10,456 - mcp_server - WARNING - Agent marked as inactive: network_agent (instance: network_agent_1765866667)
2025-12-16 15:02:10,456 - mcp_server - WARNING - Agent marked as inactive: app_agent (instance: app_agent_1765866668)
2025-12-16 15:02:10,456 - mcp_server - WARNING - Agent marked as inactive: monitor_agent (instance: monitor_agent_1765866669)
2025-12-16 15:02:10,456 - mcp_server - WARNING - Agent marked as inactive: media_agent (instance: media_agent_1765866670)
2025-12-16 15:02:13,459 - mcp_server - WARNING - Agent marked as inactive: file_agent (instance: file_agent_1765866665)
2025-12-16 15:02:13,459 - mcp_server - WARNING - Agent marked as inactive: settings_agent (instance: settings_agent_1765866666)
2025-12-16 15:02:13,459 - mcp_server - WARNING - Agent marked as inactive: network_agent (instance: network_agent_1765866667)
2025-12-16 15:02:13,459 - mcp_server - WARNING - Agent marked as inactive: app_agent (instance: app_agent_1765866668)
2025-12-16 15:02:13,459 - mcp_server - WARNING - Agent marked as inactive: monitor_agent (instance: monitor_agent_1765866669)
2025-12-16 15:02:13,459 - mcp_server - WARNING - Agent marked as inactive: media_agent (instance: media_agent_1765866670)
2025-12-16 15:02:16,462 - mcp_server - WARNING - Agent marked as inactive: file_agent (instance: file_agent_1765866665)
2025-12-16 15:02:16,462 - mcp_server - WARNING - Agent marked as inactive: settings_agent (instance: settings_agent_1765866666)
2025-12-16 15:02:16,462 - mcp_server - WARNING - Agent marked as inactive: network_agent (instance: network_agent_1765866667)
2025-12-16 15:02:16,463 - mcp_server - WARNING - Agent marked as inactive: app_agent (instance: app_agent_1765866668)
2025-12-16 15:02:16,463 - mcp_server - WARNING - Agent marked as inactive: monitor_agent (instance: monitor_agent_1765866669)
2025-12-16 15:02:16,463 - mcp_server - WARNING - Agent marked as inactive: media_agent (instance: media_agent_1765866670)
2025-12-16 15:02:19,465 - mcp_server - WARNING - Agent marked as inactive: file_agent (instance: file_agent_1765866665)
2025-12-16 15:02:19,466 - mcp_server - WARNING - Agent marked as inactive: settings_agent (instance: settings_agent_1765866666)
2025-12-16 15:02:19,467 - mcp_server - WARNING - Agent marked as inactive: network_agent (instance: network_agent_1765866667)
2025-12-16 15:02:19,467 - mcp_server - WARNING - Agent marked as inactive: app_agent (instance: app_agent_1765866668)
2025-12-16 15:02:19,467 - mcp_server - WARNING - Agent marked as inactive: monitor_agent (instance: monitor_agent_1765866669)
2025-12-16 15:02:19,467 - mcp_server - WARNING - Agent marked as inactive: media_agent (instance: media_agent_1765866670)
2025-12-16 15:02:22,469 - mcp_server - WARNING - Agent marked as inactive: file_agent (instance: file_agent_1765866665)
2025-12-16 15:02:22,469 - mcp_server - WARNING - Agent marked as inactive: settings_agent (instance: settings_agent_1765866666)
2025-12-16 15:02:22,469 - mcp_server - WARNING - Agent marked as inactive: network_agent (instance: network_agent_1765866667)
2025-12-16 15:02:22,469 - mcp_server - WARNING - Agent marked as inactive: app_agent (instance: app_agent_1765866668)
2025-12-16 15:02:22,469 - mcp_server - WARNING - Agent marked as inactive: monitor_agent (instance: monitor_agent_1765866669)
2025-12-16 15:02:22,469 - mcp_server - WARNING - Agent marked as inactive: media_agent (instance: media_agent_1765866670)
2025-12-16 15:02:25,473 - mcp_server - WARNING - Agent marked as inactive: file_agent (instance: file_agent_1765866665)
2025-12-16 15:02:25,476 - mcp_server - WARNING - Agent marked as inactive: settings_agent (instance: settings_agent_1765866666)
2025-12-16 15:02:25,476 - mcp_server - WARNING - Agent marked as inactive: network_agent (instance: network_agent_1765866667)
2025-12-16 15:02:25,476 - mcp_server - WARNING - Agent marked as inactive: app_agent (instance: app_agent_1765866668)
2025-12-16 15:02:25,476 - mcp_server - WARNING - Agent marked as inactive: monitor_agent (instance: monitor_agent_1765866669)
2025-12-16 15:02:25,477 - mcp_server - WARNING - Agent marked as inactive: media_agent (instance: media_agent_1765866670)
2025-12-16 15:02:28,480 - mcp_server - WARNING - Agent marked as inactive: file_agent (instance: file_agent_1765866665)
2025-12-16 15:02:28,482 - mcp_server - WARNING - Agent marked as inactive: settings_agent (instance: settings_agent_1765866666)
2025-12-16 15:02:28,482 - mcp_server - WARNING - Agent marked as inactive: network_agent (instance: network_agent_1765866667)
2025-12-16 15:02:28,482 - mcp_server - WARNING - Agent marked as inactive: app_agent (instance: app_agent_1765866668)
2025-12-16 15:02:28,482 - mcp_server - WARNING - Agent marked as inactive: monitor_agent (instance: monitor_agent_1765866669)
2025-12-16 15:02:28,482 - mcp_server - WARNING - Agent marked as inactive: media_agent (instance: media_agent_1765866670)
2025-12-16 15:02:31,485 - mcp_server - WARNING - Agent marked as inactive: file_agent (instance: file_agent_1765866665)
2025-12-16 15:02:31,485 - mcp_server - WARNING - Agent marked as inactive: settings_agent (instance: settings_agent_1765866666)
2025-12-16 15:02:31,486 - mcp_server - WARNING - Agent marked as inactive: network_agent (instance: network_agent_1765866667)
2025-12-16 15:02:31,486 - mcp_server - WARNING - Agent marked as inactive: app_agent (instance: app_agent_1765866668)
2025-12-16 15:02:31,486 - mcp_server - WARNING - Agent marked as inactive: monitor_agent (instance: monitor_agent_1765866669)
2025-12-16 15:02:31,486 - mcp_server - WARNING - Agent marked as inactive: media_agent (instance: media_agent_1765866670)
2025-12-16 15:02:34,488 - mcp_server - WARNING - Agent marked as inactive: file_agent (instance: file_agent_1765866665)
2025-12-16 15:02:34,488 - mcp_server - WARNING - Agent marked as inactive: settings_agent (instance: settings_agent_1765866666)
2025-12-16 15:02:34,488 - mcp_server - WARNING - Agent marked as inactive: network_agent (instance: network_agent_1765866667)
2025-12-16 15:02:34,488 - mcp_server - WARNING - Agent marked as inactive: app_agent (instance: app_agent_1765866668)
2025-12-16 15:02:34,488 - mcp_server - WARNING - Agent marked as inactive: monitor_agent (instance: monitor_agent_1765866669)
2025-12-16 15:02:34,489 - mcp_server - WARNING - Agent marked as inactive: media_agent (instance: media_agent_1765866670)
2025-12-16 15:02:37,492 - mcp_server - WARNING - Agent marked as inactive: file_agent (instance: file_agent_1765866665)
2025-12-16 15:02:37,493 - mcp_server - WARNING - Agent marked as inactive: settings_agent (instance: settings_agent_1765866666)
2025-12-16 15:02:37,493 - mcp_server - WARNING - Agent marked as inactive: network_agent (instance: network_agent_1765866667)
2025-12-16 15:02:37,494 - mcp_server - WARNING - Agent marked as inactive: app_agent (instance: app_agent_1765866668)
2025-12-16 15:02:37,494 - mcp_server - WARNING - Agent marked as inactive: monitor_agent (instance: monitor_agent_1765866669)
2025-12-16 15:02:37,494 - mcp_server - WARNING - Agent marked as inactive: media_agent (instance: media_agent_1765866670)
2025-12-16 15:02:40,496 - mcp_server - WARNING - Agent marked as inactive: file_agent (instance: file_agent_1765866665)
2025-12-16 15:02:40,499 - mcp_server - WARNING - Agent marked as inactive: settings_agent (instance: settings_agent_1765866666)
2025-12-16 15:02:40,499 - mcp_server - WARNING - Agent marked as inactive: network_agent (instance: network_agent_1765866667)
2025-12-16 15:02:40,499 - mcp_server - WARNING - Agent marked as inactive: app_agent (instance: app_agent_1765866668)
2025-12-16 15:02:40,499 - mcp_server - WARNING - Agent marked as inactive: monitor_agent (instance: monitor_agent_1765866669)
2025-12-16 15:02:40,499 - mcp_server - WARNING - Agent marked as inactive: media_agent (instance: media_agent_1765866670)
2025-12-16 15:02:43,502 - mcp_server - WARNING - Agent marked as inactive: file_agent (instance: file_agent_1765866665)
2025-12-16 15:02:43,503 - mcp_server - WARNING - Agent marked as inactive: settings_agent (instance: settings_agent_1765866666)
2025-12-16 15:02:43,503 - mcp_server - WARNING - Agent marked as inactive: network_agent (instance: network_agent_1765866667)
2025-12-16 15:02:43,503 - mcp_server - WARNING - Agent marked as inactive: app_agent (instance: app_agent_1765866668)
2025-12-16 15:02:43,503 - mcp_server - WARNING - Agent marked as inactive: monitor_agent (instance: monitor_agent_1765866669)
2025-12-16 15:02:43,503 - mcp_server - WARNING - Agent marked as inactive: media_agent (instance: media_agent_1765866670)
2025-12-16 15:02:46,506 - mcp_server - WARNING - Agent marked as inactive: file_agent (instance: file_agent_1765866665)
2025-12-16 15:02:46,506 - mcp_server - WARNING - Agent marked as inactive: settings_agent (instance: settings_agent_1765866666)
2025-12-16 15:02:46,506 - mcp_server - WARNING - Agent marked as inactive: network_agent (instance: network_agent_1765866667)
2025-12-16 15:02:46,506 - mcp_server - WARNING - Agent marked as inactive: app_agent (instance: app_agent_1765866668)
2025-12-16 15:02:46,506 - mcp_server - WARNING - Agent marked as inactive: monitor_agent (instance: monitor_agent_1765866669)
2025-12-16 15:02:46,506 - mcp_server - WARNING - Agent marked as inactive: media_agent (instance: media_agent_1765866670)
2025-12-16 15:02:49,509 - mcp_server - WARNING - Agent marked as inactive: file_agent (instance: file_agent_1765866665)
2025-12-16 15:02:49,509 - mcp_server - WARNING - Agent marked as inactive: settings_agent (instance: settings_agent_1765866666)
2025-12-16 15:02:49,509 - mcp_server - WARNING - Agent marked as inactive: network_agent (instance: network_agent_1765866667)
2025-12-16 15:02:49,510 - mcp_server - WARNING - Agent marked as inactive: app_agent (instance: app_agent_1765866668)
2025-12-16 15:02:49,510 - mcp_server - WARNING - Agent marked as inactive: monitor_agent (instance: monitor_agent_1765866669)
2025-12-16 15:02:49,510 - mcp_server - WARNING - Agent marked as inactive: media_agent (instance: media_agent_1765866670)
2025-12-16 15:02:52,512 - mcp_server - WARNING - Agent marked as inactive: file_agent (instance: file_agent_1765866665)
2025-12-16 15:02:52,513 - mcp_server - WARNING - Agent marked as inactive: settings_agent (instance: settings_agent_1765866666)
2025-12-16 15:02:52,513 - mcp_server - WARNING - Agent marked as inactive: network_agent (instance: network_agent_1765866667)
2025-12-16 15:02:52,513 - mcp_server - WARNING - Agent marked as inactive: app_agent (instance: app_agent_1765866668)
2025-12-16 15:02:52,513 - mcp_server - WARNING - Agent marked as inactive: monitor_agent (instance: monitor_agent_1765866669)
2025-12-16 15:02:52,513 - mcp_server - WARNING - Agent marked as inactive: media_agent (instance: media_agent_1765866670)
2025-12-16 15:02:55,516 - mcp_server - WARNING - Agent marked as inactive: file_agent (instance: file_agent_1765866665)
2025-12-16 15:02:55,519 - mcp_server - WARNING - Agent marked as inactive: settings_agent (instance: settings_agent_1765866666)
2025-12-16 15:02:55,519 - mcp_server - WARNING - Agent marked as inactive: network_agent (instance: network_agent_1765866667)
2025-12-16 15:02:55,519 - mcp_server - WARNING - Agent marked as inactive: app_agent (instance: app_agent_1765866668)
2025-12-16 15:02:55,519 - mcp_server - WARNING - Agent marked as inactive: monitor_agent (instance: monitor_agent_1765866669)
2025-12-16 15:02:55,520 - mcp_server - WARNING - Agent marked as inactive: media_agent (instance: media_agent_1765866670)
2025-12-16 15:02:58,523 - mcp_server - WARNING - Agent marked as inactive: file_agent (instance: file_agent_1765866665)
2025-12-16 15:02:58,525 - mcp_server - WARNING - Agent marked as inactive: settings_agent (instance: settings_agent_1765866666)
2025-12-16 15:02:58,525 - mcp_server - WARNING - Agent marked as inactive: network_agent (instance: network_agent_1765866667)
2025-12-16 15:02:58,525 - mcp_server - WARNING - Agent marked as inactive: app_agent (instance: app_agent_1765866668)
2025-12-16 15:02:58,525 - mcp_server - WARNING - Agent marked as inactive: monitor_agent (instance: monitor_agent_1765866669)
2025-12-16 15:02:58,525 - mcp_server - WARNING - Agent marked as inactive: media_agent (instance: media_agent_1765866670)
2025-12-16 15:03:01,528 - mcp_server - WARNING - Agent marked as inactive: file_agent (instance: file_agent_1765866665)
2025-12-16 15:03:01,528 - mcp_server - WARNING - Agent marked as inactive: settings_agent (instance: settings_agent_1765866666)
2025-12-16 15:03:01,528 - mcp_server - WARNING - Agent marked as inactive: network_agent (instance: network_agent_1765866667)
2025-12-16 15:03:01,528 - mcp_server - WARNING - Agent marked as inactive: app_agent (instance: app_agent_1765866668)
2025-12-16 15:03:01,528 - mcp_server - WARNING - Agent marked as inactive: monitor_agent (instance: monitor_agent_1765866669)
2025-12-16 15:03:01,528 - mcp_server - WARNING - Agent marked as inactive: media_agent (instance: media_agent_1765866670)
2025-12-16 15:03:04,531 - mcp_server - WARNING - Agent marked as inactive: file_agent (instance: file_agent_1765866665)
2025-12-16 15:03:04,532 - mcp_server - WARNING - Agent marked as inactive: settings_agent (instance: settings_agent_1765866666)
2025-12-16 15:03:04,532 - mcp_server - WARNING - Agent marked as inactive: network_agent (instance: network_agent_1765866667)
2025-12-16 15:03:04,533 - mcp_server - WARNING - Agent marked as inactive: app_agent (instance: app_agent_1765866668)
2025-12-16 15:03:04,533 - mcp_server - WARNING - Agent marked as inactive: monitor_agent (instance: monitor_agent_1765866669)
2025-12-16 15:03:04,533 - mcp_server - WARNING - Agent marked as inactive: media_agent (instance: media_agent_1765866670)
2025-12-16 15:03:07,535 - mcp_server - WARNING - Agent marked as inactive: file_agent (instance: file_agent_1765866665)
2025-12-16 15:03:07,537 - mcp_server - WARNING - Agent marked as inactive: settings_agent (instance: settings_agent_1765866666)
2025-12-16 15:03:07,537 - mcp_server - WARNING - Agent marked as inactive: network_agent (instance: network_agent_1765866667)
2025-12-16 15:03:07,537 - mcp_server - WARNING - Agent marked as inactive: app_agent (instance: app_agent_1765866668)
2025-12-16 15:03:07,537 - mcp_server - WARNING - Agent marked as inactive: monitor_agent (instance: monitor_agent_1765866669)
2025-12-16 15:03:07,538 - mcp_server - WARNING - Agent marked as inactive: media_agent (instance: media_agent_1765866670)
2025-12-16 15:03:10,540 - mcp_server - WARNING - Agent marked as inactive: file_agent (instance: file_agent_1765866665)
2025-12-16 15:03:10,541 - mcp_server - WARNING - Agent marked as inactive: settings_agent (instance: settings_agent_1765866666)
2025-12-16 15:03:10,541 - mcp_server - WARNING - Agent marked as inactive: network_agent (instance: network_agent_1765866667)
2025-12-16 15:03:10,541 - mcp_server - WARNING - Agent marked as inactive: app_agent (instance: app_agent_1765866668)
2025-12-16 15:03:10,542 - mcp_server - WARNING - Agent marked as inactive: monitor_agent (instance: monitor_agent_1765866669)
2025-12-16 15:03:10,542 - mcp_server - WARNING - Agent marked as inactive: media_agent (instance: media_agent_1765866670)
2025-12-16 15:03:13,545 - mcp_server - WARNING - Agent marked as inactive: file_agent (instance: file_agent_1765866665)
2025-12-16 15:03:13,548 - mcp_server - WARNING - Agent marked as inactive: settings_agent (instance: settings_agent_1765866666)
2025-12-16 15:03:13,548 - mcp_server - WARNING - Agent marked as inactive: network_agent (instance: network_agent_1765866667)
2025-12-16 15:03:13,548 - mcp_server - WARNING - Agent marked as inactive: app_agent (instance: app_agent_1765866668)
2025-12-16 15:03:13,548 - mcp_server - WARNING - Agent marked as inactive: monitor_agent (instance: monitor_agent_1765866669)
2025-12-16 15:03:13,548 - mcp_server - WARNING - Agent marked as inactive: media_agent (instance: media_agent_1765866670)
2025-12-16 15:03:16,551 - mcp_server - WARNING - Agent marked as inactive: file_agent (instance: file_agent_1765866665)
2025-12-16 15:03:16,551 - mcp_server - WARNING - Agent marked as inactive: settings_agent (instance: settings_agent_1765866666)
2025-12-16 15:03:16,551 - mcp_server - WARNING - Agent marked as inactive: network_agent (instance: network_agent_1765866667)
2025-12-16 15:03:16,551 - mcp_server - WARNING - Agent marked as inactive: app_agent (instance: app_agent_1765866668)
2025-12-16 15:03:16,551 - mcp_server - WARNING - Agent marked as inactive: monitor_agent (instance: monitor_agent_1765866669)
2025-12-16 15:03:16,551 - mcp_server - WARNING - Agent marked as inactive: media_agent (instance: media_agent_1765866670)
2025-12-16 15:03:19,554 - mcp_server - WARNING - Agent marked as inactive: file_agent (instance: file_agent_1765866665)
2025-12-16 15:03:19,554 - mcp_server - WARNING - Agent marked as inactive: settings_agent (instance: settings_agent_1765866666)
2025-12-16 15:03:19,554 - mcp_server - WARNING - Agent marked as inactive: network_agent (instance: network_agent_1765866667)
2025-12-16 15:03:19,554 - mcp_server - WARNING - Agent marked as inactive: app_agent (instance: app_agent_1765866668)
2025-12-16 15:03:19,554 - mcp_server - WARNING - Agent marked as inactive: monitor_agent (instance: monitor_agent_1765866669)
2025-12-16 15:03:19,554 - mcp_server - WARNING - Agent marked as inactive: media_agent (instance: media_agent_1765866670)
2025-12-16 15:03:22,557 - mcp_server - WARNING - Agent marked as inactive: file_agent (instance: file_agent_1765866665)
2025-12-16 15:03:22,557 - mcp_server - WARNING - Agent marked as inactive: settings_agent (instance: settings_agent_1765866666)
2025-12-16 15:03:22,557 - mcp_server - WARNING - Agent marked as inactive: network_agent (instance: network_agent_1765866667)
2025-12-16 15:03:22,557 - mcp_server - WARNING - Agent marked as inactive: app_agent (instance: app_agent_1765866668)
2025-12-16 15:03:22,558 - mcp_server - WARNING - Agent marked as inactive: monitor_agent (instance: monitor_agent_1765866669)
2025-12-16 15:03:22,558 - mcp_server - WARNING - Agent marked as inactive: media_agent (instance: media_agent_1765866670)
2025-12-16 15:03:25,560 - mcp_server - WARNING - Agent marked as inactive: file_agent (instance: file_agent_1765866665)
2025-12-16 15:03:25,561 - mcp_server - WARNING - Agent marked as inactive: settings_agent (instance: settings_agent_1765866666)
2025-12-16 15:03:25,562 - mcp_server - WARNING - Agent marked as inactive: network_agent (instance: network_agent_1765866667)
2025-12-16 15:03:25,562 - mcp_server - WARNING - Agent marked as inactive: app_agent (instance: app_agent_1765866668)
2025-12-16 15:03:25,562 - mcp_server - WARNING - Agent marked as inactive: monitor_agent (instance: monitor_agent_1765866669)
2025-12-16 15:03:25,562 - mcp_server - WARNING - Agent marked as inactive: media_agent (instance: media_agent_1765866670)
2025-12-16 15:03:28,564 - mcp_server - WARNING - Agent marked as inactive: file_agent (instance: file_agent_1765866665)
2025-12-16 15:03:28,565 - mcp_server - WARNING - Agent marked as inactive: settings_agent (instance: settings_agent_1765866666)
2025-12-16 15:03:28,565 - mcp_server - WARNING - Agent marked as inactive: network_agent (instance: network_agent_1765866667)
2025-12-16 15:03:28,565 - mcp_server - WARNING - Agent marked as inactive: app_agent (instance: app_agent_1765866668)
2025-12-16 15:03:28,565 - mcp_server - WARNING - Agent marked as inactive: monitor_agent (instance: monitor_agent_1765866669)
2025-12-16 15:03:28,565 - mcp_server - WARNING - Agent marked as inactive: media_agent (instance: media_agent_1765866670)
2025-12-16 15:03:31,568 - mcp_server - WARNING - Agent marked as inactive: file_agent (instance: file_agent_1765866665)
2025-12-16 15:03:31,569 - mcp_server - WARNING - Agent marked as inactive: settings_agent (instance: settings_agent_1765866666)
2025-12-16 15:03:31,569 - mcp_server - WARNING - Agent marked as inactive: network_agent (instance: network_agent_1765866667)
2025-12-16 15:03:31,569 - mcp_server - WARNING - Agent marked as inactive: app_agent (instance: app_agent_1765866668)
2025-12-16 15:03:31,570 - mcp_server - WARNING - Agent marked as inactive: monitor_agent (instance: monitor_agent_1765866669)
2025-12-16 15:03:31,570 - mcp_server - WARNING - Agent marked as inactive: media_agent (instance: media_agent_1765866670)
2025-12-16 15:03:34,573 - mcp_server - WARNING - Agent marked as inactive: file_agent (instance: file_agent_1765866665)
2025-12-16 15:03:34,574 - mcp_server - WARNING - Agent marked as inactive: settings_agent (instance: settings_agent_1765866666)
2025-12-16 15:03:34,575 - mcp_server - WARNING - Agent marked as inactive: network_agent (instance: network_agent_1765866667)
2025-12-16 15:03:34,575 - mcp_server - WARNING - Agent marked as inactive: app_agent (instance: app_agent_1765866668)
2025-12-16 15:03:34,575 - mcp_server - WARNING - Agent marked as inactive: monitor_agent (instance: monitor_agent_1765866669)
2025-12-16 15:03:34,575 - mcp_server - WARNING - Agent marked as inactive: media_agent (instance: media_agent_1765866670)
2025-12-16 15:03:37,578 - mcp_server - WARNING - Agent marked as inactive: file_agent (instance: file_agent_1765866665)
2025-12-16 15:03:37,579 - mcp_server - WARNING - Agent marked as inactive: settings_agent (instance: settings_agent_1765866666)
2025-12-16 15:03:37,579 - mcp_server - WARNING - Agent marked as inactive: network_agent (instance: network_agent_1765866667)
2025-12-16 15:03:37,579 - mcp_server - WARNING - Agent marked as inactive: app_agent (instance: app_agent_1765866668)
2025-12-16 15:03:37,579 - mcp_server - WARNING - Agent marked as inactive: monitor_agent (instance: monitor_agent_1765866669)
2025-12-16 15:03:37,579 - mcp_server - WARNING - Agent marked as inactive: media_agent (instance: media_agent_1765866670)
2025-12-16 15:03:40,582 - mcp_server - WARNING - Agent marked as inactive: file_agent (instance: file_agent_1765866665)
2025-12-16 15:03:40,584 - mcp_server - WARNING - Agent marked as inactive: settings_agent (instance: settings_agent_1765866666)
2025-12-16 15:03:40,584 - mcp_server - WARNING - Agent marked as inactive: network_agent (instance: network_agent_1765866667)
2025-12-16 15:03:40,585 - mcp_server - WARNING - Agent marked as inactive: app_agent (instance: app_agent_1765866668)
2025-12-16 15:03:40,585 - mcp_server - WARNING - Agent marked as inactive: monitor_agent (instance: monitor_agent_1765866669)
2025-12-16 15:03:40,585 - mcp_server - WARNING - Agent marked as inactive: media_agent (instance: media_agent_1765866670)
2025-12-16 15:03:43,587 - mcp_server - WARNING - Agent marked as inactive: file_agent (instance: file_agent_1765866665)
2025-12-16 15:03:43,589 - mcp_server - WARNING - Agent marked as inactive: settings_agent (instance: settings_agent_1765866666)
2025-12-16 15:03:43,589 - mcp_server - WARNING - Agent marked as inactive: network_agent (instance: network_agent_1765866667)
2025-12-16 15:03:43,589 - mcp_server - WARNING - Agent marked as inactive: app_agent (instance: app_agent_1765866668)
2025-12-16 15:03:43,589 - mcp_server - WARNING - Agent marked as inactive: monitor_agent (instance: monitor_agent_1765866669)
2025-12-16 15:03:43,589 - mcp_server - WARNING - Agent marked as inactive: media_agent (instance: media_agent_1765866670)
2025-12-16 15:03:46,592 - mcp_server - WARNING - Agent marked as inactive: file_agent (instance: file_agent_1765866665)
2025-12-16 15:03:46,594 - mcp_server - WARNING - Agent marked as inactive: settings_agent (instance: settings_agent_1765866666)
2025-12-16 15:03:46,594 - mcp_server - WARNING - Agent marked as inactive: network_agent (instance: network_agent_1765866667)
2025-12-16 15:03:46,594 - mcp_server - WARNING - Agent marked as inactive: app_agent (instance: app_agent_1765866668)
2025-12-16 15:03:46,594 - mcp_server - WARNING - Agent marked as inactive: monitor_agent (instance: monitor_agent_1765866669)
2025-12-16 15:03:46,594 - mcp_server - WARNING - Agent marked as inactive: media_agent (instance: media_agent_1765866670)
2025-12-16 15:03:49,597 - mcp_server - WARNING - Agent marked as inactive: file_agent (instance: file_agent_1765866665)
2025-12-16 15:03:49,598 - mcp_server - WARNING - Agent marked as inactive: settings_agent (instance: settings_agent_1765866666)
2025-12-16 15:03:49,598 - mcp_server - WARNING - Agent marked as inactive: network_agent (instance: network_agent_1765866667)
2025-12-16 15:03:49,598 - mcp_server - WARNING - Agent marked as inactive: app_agent (instance: app_agent_1765866668)
2025-12-16 15:03:49,598 - mcp_server - WARNING - Agent marked as inactive: monitor_agent (instance: monitor_agent_1765866669)
2025-12-16 15:03:49,598 - mcp_server - WARNING - Agent marked as inactive: media_agent (instance: media_agent_1765866670)
2025-12-16 15:03:52,601 - mcp_server - WARNING - Agent marked as inactive: file_agent (instance: file_agent_1765866665)
2025-12-16 15:03:52,602 - mcp_server - WARNING - Agent marked as inactive: settings_agent (instance: settings_agent_1765866666)
2025-12-16 15:03:52,602 - mcp_server - WARNING - Agent marked as inactive: network_agent (instance: network_agent_1765866667)
2025-12-16 15:03:52,602 - mcp_server - WARNING - Agent marked as inactive: app_agent (instance: app_agent_1765866668)
2025-12-16 15:03:52,602 - mcp_server - WARNING - Agent marked as inactive: monitor_agent (instance: monitor_agent_1765866669)
2025-12-16 15:03:52,602 - mcp_server - WARNING - Agent marked as inactive: media_agent (instance: media_agent_1765866670)
2025-12-16 15:03:55,605 - mcp_server - WARNING - Agent marked as inactive: file_agent (instance: file_agent_1765866665)
2025-12-16 15:03:55,605 - mcp_server - WARNING - Agent marked as inactive: settings_agent (instance: settings_agent_1765866666)
2025-12-16 15:03:55,605 - mcp_server - WARNING - Agent marked as inactive: network_agent (instance: network_agent_1765866667)
2025-12-16 15:03:55,605 - mcp_server - WARNING - Agent marked as inactive: app_agent (instance: app_agent_1765866668)
2025-12-16 15:03:55,605 - mcp_server - WARNING - Agent marked as inactive: monitor_agent (instance: monitor_agent_1765866669)
2025-12-16 15:03:55,605 - mcp_server - WARNING - Agent marked as inactive: media_agent (instance: media_agent_1765866670)
2025-12-16 15:03:58,608 - mcp_server - WARNING - Agent marked as inactive: file_agent (instance: file_agent_1765866665)
2025-12-16 15:03:58,609 - mcp_server - WARNING - Agent marked as inactive: settings_agent (instance: settings_agent_1765866666)
2025-12-16 15:03:58,609 - mcp_server - WARNING - Agent marked as inactive: network_agent (instance: network_agent_1765866667)
2025-12-16 15:03:58,609 - mcp_server - WARNING - Agent marked as inactive: app_agent (instance: app_agent_1765866668)
2025-12-16 15:03:58,609 - mcp_server - WARNING - Agent marked as inactive: monitor_agent (instance: monitor_agent_1765866669)
2025-12-16 15:03:58,610 - mcp_server - WARNING - Agent marked as inactive: media_agent (instance: media_agent_1765866670)
2025-12-16 15:04:01,612 - mcp_server - WARNING - Agent marked as inactive: file_agent (instance: file_agent_1765866665)
2025-12-16 15:04:01,614 - mcp_server - WARNING - Agent marked as inactive: settings_agent (instance: settings_agent_1765866666)
2025-12-16 15:04:01,615 - mcp_server - WARNING - Agent marked as inactive: network_agent (instance: network_agent_1765866667)
2025-12-16 15:04:01,615 - mcp_server - WARNING - Agent marked as inactive: app_agent (instance: app_agent_1765866668)
2025-12-16 15:04:01,615 - mcp_server - WARNING - Agent marked as inactive: monitor_agent (instance: monitor_agent_1765866669)
2025-12-16 15:04:01,615 - mcp_server - WARNING - Agent marked as inactive: media_agent (instance: media_agent_1765866670)
2025-12-16 15:04:04,618 - mcp_server - WARNING - Agent marked as inactive: file_agent (instance: file_agent_1765866665)
2025-12-16 15:04:04,620 - mcp_server - WARNING - Agent marked as inactive: settings_agent (instance: settings_agent_1765866666)
2025-12-16 15:04:04,620 - mcp_server - WARNING - Agent marked as inactive: network_agent (instance: network_agent_1765866667)
2025-12-16 15:04:04,620 - mcp_server - WARNING - Agent marked as inactive: app_agent (instance: app_agent_1765866668)
2025-12-16 15:04:04,621 - mcp_server - WARNING - Agent marked as inactive: monitor_agent (instance: monitor_agent_1765866669)
2025-12-16 15:04:04,621 - mcp_server - WARNING - Agent marked as inactive: media_agent (instance: media_agent_1765866670)
2025-12-16 15:04:07,623 - mcp_server - WARNING - Agent marked as inactive: file_agent (instance: file_agent_1765866665)
2025-12-16 15:04:07,624 - mcp_server - WARNING - Agent marked as inactive: settings_agent (instance: settings_agent_1765866666)
2025-12-16 15:04:07,624 - mcp_server - WARNING - Agent marked as inactive: network_agent (instance: network_agent_1765866667)
2025-12-16 15:04:07,624 - mcp_server - WARNING - Agent marked as inactive: app_agent (instance: app_agent_1765866668)
2025-12-16 15:04:07,624 - mcp_server - WARNING - Agent marked as inactive: monitor_agent (instance: monitor_agent_1765866669)
2025-12-16 15:04:07,625 - mcp_server - WARNING - Agent marked as inactive: media_agent (instance: media_agent_1765866670)
2025-12-16 15:04:10,627 - mcp_server - WARNING - Agent marked as inactive: file_agent (instance: file_agent_1765866665)
2025-12-16 15:04:10,628 - mcp_server - WARNING - Agent marked as inactive: settings_agent (instance: settings_agent_1765866666)
2025-12-16 15:04:10,628 - mcp_server - WARNING - Agent marked as inactive: network_agent (instance: network_agent_1765866667)
2025-12-16 15:04:10,628 - mcp_server - WARNING - Agent marked as inactive: app_agent (instance: app_agent_1765866668)
2025-12-16 15:04:10,628 - mcp_server - WARNING - Agent marked as inactive: monitor_agent (instance: monitor_agent_1765866669)
2025-12-16 15:04:10,628 - mcp_server - WARNING - Agent marked as inactive: media_agent (instance: media_agent_1765866670)
2025-12-16 15:04:13,631 - mcp_server - WARNING - Agent marked as inactive: file_agent (instance: file_agent_1765866665)
2025-12-16 15:04:13,632 - mcp_server - WARNING - Agent marked as inactive: settings_agent (instance: settings_agent_1765866666)
2025-12-16 15:04:13,633 - mcp_server - WARNING - Agent marked as inactive: network_agent (instance: network_agent_1765866667)
2025-12-16 15:04:13,633 - mcp_server - WARNING - Agent marked as inactive: app_agent (instance: app_agent_1765866668)
2025-12-16 15:04:13,633 - mcp_server - WARNING - Agent marked as inactive: monitor_agent (instance: monitor_agent_1765866669)
2025-12-16 15:04:13,633 - mcp_server - WARNING - Agent marked as inactive: media_agent (instance: media_agent_1765866670)
2025-12-16 15:04:16,636 - mcp_server - WARNING - Agent marked as inactive: file_agent (instance: file_agent_1765866665)
2025-12-16 15:04:16,637 - mcp_server - WARNING - Agent marked as inactive: settings_agent (instance: settings_agent_1765866666)
2025-12-16 15:04:16,638 - mcp_server - WARNING - Agent marked as inactive: network_agent (instance: network_agent_1765866667)
2025-12-16 15:04:16,638 - mcp_server - WARNING - Agent marked as inactive: app_agent (instance: app_agent_1765866668)
2025-12-16 15:04:16,638 - mcp_server - WARNING - Agent marked as inactive: monitor_agent (instance: monitor_agent_1765866669)
2025-12-16 15:04:16,638 - mcp_server - WARNING - Agent marked as inactive: media_agent (instance: media_agent_1765866670)
2025-12-16 15:04:19,641 - mcp_server - WARNING - Agent marked as inactive: file_agent (instance: file_agent_1765866665)
2025-12-16 15:04:19,642 - mcp_server - WARNING - Agent marked as inactive: settings_agent (instance: settings_agent_1765866666)
2025-12-16 15:04:19,642 - mcp_server - WARNING - Agent marked as inactive: network_agent (instance: network_agent_1765866667)
2025-12-16 15:04:19,642 - mcp_server - WARNING - Agent marked as inactive: app_agent (instance: app_agent_1765866668)
2025-12-16 15:04:19,642 - mcp_server - WARNING - Agent marked as inactive: monitor_agent (instance: monitor_agent_1765866669)
2025-12-16 15:04:19,642 - mcp_server - WARNING - Agent marked as inactive: media_agent (instance: media_agent_1765866670)
2025-12-16 15:04:22,646 - mcp_server - WARNING - Agent marked as inactive: file_agent (instance: file_agent_1765866665)
2025-12-16 15:04:22,646 - mcp_server - WARNING - Agent marked as inactive: settings_agent (instance: settings_agent_1765866666)
2025-12-16 15:04:22,646 - mcp_server - WARNING - Agent marked as inactive: network_agent (instance: network_agent_1765866667)
2025-12-16 15:04:22,646 - mcp_server - WARNING - Agent marked as inactive: app_agent (instance: app_agent_1765866668)
2025-12-16 15:04:22,646 - mcp_server - WARNING - Agent marked as inactive: monitor_agent (instance: monitor_agent_1765866669)
2025-12-16 15:04:22,646 - mcp_server - WARNING - Agent marked as inactive: media_agent (instance: media_agent_1765866670)
2025-12-16 15:04:25,649 - mcp_server - WARNING - Agent marked as inactive: file_agent (instance: file_agent_1765866665)
2025-12-16 15:04:25,649 - mcp_server - WARNING - Agent marked as inactive: settings_agent (instance: settings_agent_1765866666)
2025-12-16 15:04:25,649 - mcp_server - WARNING - Agent marked as inactive: network_agent (instance: network_agent_1765866667)
2025-12-16 15:04:25,649 - mcp_server - WARNING - Agent marked as inactive: app_agent (instance: app_agent_1765866668)
2025-12-16 15:04:25,649 - mcp_server - WARNING - Agent marked as inactive: monitor_agent (instance: monitor_agent_1765866669)
2025-12-16 15:04:25,649 - mcp_server - WARNING - Agent marked as inactive: media_agent (instance: media_agent_1765866670)
2025-12-16 15:04:28,652 - mcp_server - WARNING - Agent marked as inactive: file_agent (instance: file_agent_1765866665)
2025-12-16 15:04:28,652 - mcp_server - WARNING - Agent marked as inactive: settings_agent (instance: settings_agent_1765866666)
2025-12-16 15:04:28,652 - mcp_server - WARNING - Agent marked as inactive: network_agent (instance: network_agent_1765866667)
2025-12-16 15:04:28,652 - mcp_server - WARNING - Agent marked as inactive: app_agent (instance: app_agent_1765866668)
2025-12-16 15:04:28,652 - mcp_server - WARNING - Agent marked as inactive: monitor_agent (instance: monitor_agent_1765866669)
2025-12-16 15:04:28,652 - mcp_server - WARNING - Agent marked as inactive: media_agent (instance: media_agent_1765866670)
2025-12-16 15:04:31,655 - mcp_server - WARNING - Agent marked as inactive: file_agent (instance: file_agent_1765866665)
2025-12-16 15:04:31,656 - mcp_server - WARNING - Agent marked as inactive: settings_agent (instance: settings_agent_1765866666)
2025-12-16 15:04:31,656 - mcp_server - WARNING - Agent marked as inactive: network_agent (instance: network_agent_1765866667)
2025-12-16 15:04:31,656 - mcp_server - WARNING - Agent marked as inactive: app_agent (instance: app_agent_1765866668)
2025-12-16 15:04:31,656 - mcp_server - WARNING - Agent marked as inactive: monitor_agent (instance: monitor_agent_1765866669)
2025-12-16 15:04:31,657 - mcp_server - WARNING - Agent marked as inactive: media_agent (instance: media_agent_1765866670)
2025-12-16 15:04:34,659 - mcp_server - WARNING - Agent marked as inactive: file_agent (instance: file_agent_1765866665)
2025-12-16 15:04:34,660 - mcp_server - WARNING - Agent marked as inactive: settings_agent (instance: settings_agent_1765866666)
2025-12-16 15:04:34,660 - mcp_server - WARNING - Agent marked as inactive: network_agent (instance: network_agent_1765866667)
2025-12-16 15:04:34,660 - mcp_server - WARNING - Agent marked as inactive: app_agent (instance: app_agent_1765866668)
2025-12-16 15:04:34,660 - mcp_server - WARNING - Agent marked as inactive: monitor_agent (instance: monitor_agent_1765866669)
2025-12-16 15:04:34,660 - mcp_server - WARNING - Agent marked as inactive: media_agent (instance: media_agent_1765866670)
2025-12-16 15:04:37,663 - mcp_server - WARNING - Agent marked as inactive: file_agent (instance: file_agent_1765866665)
2025-12-16 15:04:37,664 - mcp_server - WARNING - Agent marked as inactive: settings_agent (instance: settings_agent_1765866666)
2025-12-16 15:04:37,664 - mcp_server - WARNING - Agent marked as inactive: network_agent (instance: network_agent_1765866667)
2025-12-16 15:04:37,664 - mcp_server - WARNING - Agent marked as inactive: app_agent (instance: app_agent_1765866668)
2025-12-16 15:04:37,664 - mcp_server - WARNING - Agent marked as inactive: monitor_agent (instance: monitor_agent_1765866669)
2025-12-16 15:04:37,664 - mcp_server - WARNING - Agent marked as inactive: media_agent (instance: media_agent_1765866670)
2025-12-16 15:04:40,666 - mcp_server - WARNING - Agent marked as inactive: file_agent (instance: file_agent_1765866665)
2025-12-16 15:04:40,666 - mcp_server - WARNING - Agent marked as inactive: settings_agent (instance: settings_agent_1765866666)
2025-12-16 15:04:40,666 - mcp_server - WARNING - Agent marked as inactive: network_agent (instance: network_agent_1765866667)
2025-12-16 15:04:40,666 - mcp_server - WARNING - Agent marked as inactive: app_agent (instance: app_agent_1765866668)
2025-12-16 15:04:40,666 - mcp_server - WARNING - Agent marked as inactive: monitor_agent (instance: monitor_agent_1765866669)
2025-12-16 15:04:40,666 - mcp_server - WARNING - Agent marked as inactive: media_agent (instance: media_agent_1765866670)
2025-12-16 15:04:43,669 - mcp_server - WARNING - Agent marked as inactive: file_agent (instance: file_agent_1765866665)
2025-12-16 15:04:43,669 - mcp_server - WARNING - Agent marked as inactive: settings_agent (instance: settings_agent_1765866666)
2025-12-16 15:04:43,670 - mcp_server - WARNING - Agent marked as inactive: network_agent (instance: network_agent_1765866667)
2025-12-16 15:04:43,670 - mcp_server - WARNING - Agent marked as inactive: app_agent (instance: app_agent_1765866668)
2025-12-16 15:04:43,670 - mcp_server - WARNING - Agent marked as inactive: monitor_agent (instance: monitor_agent_1765866669)
2025-12-16 15:04:43,670 - mcp_server - WARNING - Agent marked as inactive: media_agent (instance: media_agent_1765866670)
2025-12-16 15:04:46,673 - mcp_server - WARNING - Agent marked as inactive: file_agent (instance: file_agent_1765866665)
2025-12-16 15:04:46,674 - mcp_server - WARNING - Agent marked as inactive: settings_agent (instance: settings_agent_1765866666)
2025-12-16 15:04:46,674 - mcp_server - WARNING - Agent marked as inactive: network_agent (instance: network_agent_1765866667)
2025-12-16 15:04:46,674 - mcp_server - WARNING - Agent marked as inactive: app_agent (instance: app_agent_1765866668)
2025-12-16 15:04:46,674 - mcp_server - WARNING - Agent marked as inactive: monitor_agent (instance: monitor_agent_1765866669)
2025-12-16 15:04:46,674 - mcp_server - WARNING - Agent marked as inactive: media_agent (instance: media_agent_1765866670)
2025-12-16 15:04:49,677 - mcp_server - WARNING - Agent marked as inactive: file_agent (instance: file_agent_1765866665)
2025-12-16 15:04:49,678 - mcp_server - WARNING - Agent marked as inactive: settings_agent (instance: settings_agent_1765866666)
2025-12-16 15:04:49,678 - mcp_server - WARNING - Agent marked as inactive: network_agent (instance: network_agent_1765866667)
2025-12-16 15:04:49,678 - mcp_server - WARNING - Agent marked as inactive: app_agent (instance: app_agent_1765866668)
2025-12-16 15:04:49,678 - mcp_server - WARNING - Agent marked as inactive: monitor_agent (instance: monitor_agent_1765866669)
2025-12-16 15:04:49,678 - mcp_server - WARNING - Agent marked as inactive: media_agent (instance: media_agent_1765866670)
2025-12-16 15:04:52,681 - mcp_server - WARNING - Agent marked as inactive: file_agent (instance: file_agent_1765866665)
2025-12-16 15:04:52,681 - mcp_server - WARNING - Agent marked as inactive: settings_agent (instance: settings_agent_1765866666)
2025-12-16 15:04:52,681 - mcp_server - WARNING - Agent marked as inactive: network_agent (instance: network_agent_1765866667)
2025-12-16 15:04:52,681 - mcp_server - WARNING - Agent marked as inactive: app_agent (instance: app_agent_1765866668)
2025-12-16 15:04:52,681 - mcp_server - WARNING - Agent marked as inactive: monitor_agent (instance: monitor_agent_1765866669)
2025-12-16 15:04:52,681 - mcp_server - WARNING - Agent marked as inactive: media_agent (instance: media_agent_1765866670)
2025-12-16 15:04:55,684 - mcp_server - WARNING - Agent marked as inactive: file_agent (instance: file_agent_1765866665)
2025-12-16 15:04:55,686 - mcp_server - WARNING - Agent marked as inactive: settings_agent (instance: settings_agent_1765866666)
2025-12-16 15:04:55,686 - mcp_server - WARNING - Agent marked as inactive: network_agent (instance: network_agent_1765866667)
2025-12-16 15:04:55,686 - mcp_server - WARNING - Agent marked as inactive: app_agent (instance: app_agent_1765866668)
2025-12-16 15:04:55,686 - mcp_server - WARNING - Agent marked as inactive: monitor_agent (instance: monitor_agent_1765866669)
2025-12-16 15:04:55,686 - mcp_server - WARNING - Agent marked as inactive: media_agent (instance: media_agent_1765866670)
2025-12-16 15:04:58,689 - mcp_server - WARNING - Agent marked as inactive: file_agent (instance: file_agent_1765866665)
2025-12-16 15:04:58,689 - mcp_server - WARNING - Agent marked as inactive: settings_agent (instance: settings_agent_1765866666)
2025-12-16 15:04:58,689 - mcp_server - WARNING - Agent marked as inactive: network_agent (instance: network_agent_1765866667)
2025-12-16 15:04:58,689 - mcp_server - WARNING - Agent marked as inactive: app_agent (instance: app_agent_1765866668)
2025-12-16 15:04:58,689 - mcp_server - WARNING - Agent marked as inactive: monitor_agent (instance: monitor_agent_1765866669)
2025-12-16 15:04:58,689 - mcp_server - WARNING - Agent marked as inactive: media_agent (instance: media_agent_1765866670)
2025-12-16 15:05:01,692 - mcp_server - WARNING - Agent marked as inactive: file_agent (instance: file_agent_1765866665)
2025-12-16 15:05:01,693 - mcp_server - WARNING - Agent marked as inactive: settings_agent (instance: settings_agent_1765866666)
2025-12-16 15:05:01,693 - mcp_server - WARNING - Agent marked as inactive: network_agent (instance: network_agent_1765866667)
2025-12-16 15:05:01,693 - mcp_server - WARNING - Agent marked as inactive: app_agent (instance: app_agent_1765866668)
2025-12-16 15:05:01,693 - mcp_server - WARNING - Agent marked as inactive: monitor_agent (instance: monitor_agent_1765866669)
2025-12-16 15:05:01,693 - mcp_server - WARNING - Agent marked as inactive: media_agent (instance: media_agent_1765866670)
2025-12-16 15:05:04,696 - mcp_server - WARNING - Agent marked as inactive: file_agent (instance: file_agent_1765866665)
2025-12-16 15:05:04,698 - mcp_server - WARNING - Agent marked as inactive: settings_agent (instance: settings_agent_1765866666)
2025-12-16 15:05:04,698 - mcp_server - WARNING - Agent marked as inactive: network_agent (instance: network_agent_1765866667)
2025-12-16 15:05:04,698 - mcp_server - WARNING - Agent marked as inactive: app_agent (instance: app_agent_1765866668)
2025-12-16 15:05:04,698 - mcp_server - WARNING - Agent marked as inactive: monitor_agent (instance: monitor_agent_1765866669)
2025-12-16 15:05:04,698 - mcp_server - WARNING - Agent marked as inactive: media_agent (instance: media_agent_1765866670)
2025-12-16 15:05:07,701 - mcp_server - WARNING - Agent marked as inactive: file_agent (instance: file_agent_1765866665)
2025-12-16 15:05:07,702 - mcp_server - WARNING - Agent marked as inactive: settings_agent (instance: settings_agent_1765866666)
2025-12-16 15:05:07,702 - mcp_server - WARNING - Agent marked as inactive: network_agent (instance: network_agent_1765866667)
2025-12-16 15:05:07,702 - mcp_server - WARNING - Agent marked as inactive: app_agent (instance: app_agent_1765866668)
2025-12-16 15:05:07,703 - mcp_server - WARNING - Agent marked as inactive: monitor_agent (instance: monitor_agent_1765866669)
2025-12-16 15:05:07,703 - mcp_server - WARNING - Agent marked as inactive: media_agent (instance: media_agent_1765866670)
2025-12-16 15:05:10,705 - mcp_server - WARNING - Agent marked as inactive: file_agent (instance: file_agent_1765866665)
2025-12-16 15:05:10,707 - mcp_server - WARNING - Agent marked as inactive: settings_agent (instance: settings_agent_1765866666)
2025-12-16 15:05:10,707 - mcp_server - WARNING - Agent marked as inactive: network_agent (instance: network_agent_1765866667)
2025-12-16 15:05:10,707 - mcp_server - WARNING - Agent marked as inactive: app_agent (instance: app_agent_1765866668)
2025-12-16 15:05:10,707 - mcp_server - WARNING - Agent marked as inactive: monitor_agent (instance: monitor_agent_1765866669)
2025-12-16 15:05:10,707 - mcp_server - WARNING - Agent marked as inactive: media_agent (instance: media_agent_1765866670)
2025-12-16 15:05:13,710 - mcp_server - WARNING - Agent marked as inactive: file_agent (instance: file_agent_1765866665)
2025-12-16 15:05:13,711 - mcp_server - WARNING - Agent marked as inactive: settings_agent (instance: settings_agent_1765866666)
2025-12-16 15:05:13,712 - mcp_server - WARNING - Agent marked as inactive: network_agent (instance: network_agent_1765866667)
2025-12-16 15:05:13,712 - mcp_server - WARNING - Agent marked as inactive: app_agent (instance: app_agent_1765866668)
2025-12-16 15:05:13,712 - mcp_server - WARNING - Agent marked as inactive: monitor_agent (instance: monitor_agent_1765866669)
2025-12-16 15:05:13,712 - mcp_server - WARNING - Agent marked as inactive: media_agent (instance: media_agent_1765866670)
2025-12-16 15:05:16,714 - mcp_server - WARNING - Agent marked as inactive: file_agent (instance: file_agent_1765866665)
2025-12-16 15:05:16,715 - mcp_server - WARNING - Agent marked as inactive: settings_agent (instance: settings_agent_1765866666)
2025-12-16 15:05:16,715 - mcp_server - WARNING - Agent marked as inactive: network_agent (instance: network_agent_1765866667)
2025-12-16 15:05:16,716 - mcp_server - WARNING - Agent marked as inactive: app_agent (instance: app_agent_1765866668)
2025-12-16 15:05:16,716 - mcp_server - WARNING - Agent marked as inactive: monitor_agent (instance: monitor_agent_1765866669)
2025-12-16 15:05:16,716 - mcp_server - WARNING - Agent marked as inactive: media_agent (instance: media_agent_1765866670)
2025-12-16 15:05:19,718 - mcp_server - WARNING - Agent marked as inactive: file_agent (instance: file_agent_1765866665)
2025-12-16 15:05:19,719 - mcp_server - WARNING - Agent marked as inactive: settings_agent (instance: settings_agent_1765866666)
2025-12-16 15:05:19,720 - mcp_server - WARNING - Agent marked as inactive: network_agent (instance: network_agent_1765866667)
2025-12-16 15:05:19,720 - mcp_server - WARNING - Agent marked as inactive: app_agent (instance: app_agent_1765866668)
2025-12-16 15:05:19,720 - mcp_server - WARNING - Agent marked as inactive: monitor_agent (instance: monitor_agent_1765866669)
2025-12-16 15:05:19,720 - mcp_server - WARNING - Agent marked as inactive: media_agent (instance: media_agent_1765866670)
2025-12-16 15:05:22,722 - mcp_server - WARNING - Agent marked as inactive: file_agent (instance: file_agent_1765866665)
2025-12-16 15:05:22,724 - mcp_server - WARNING - Agent marked as inactive: settings_agent (instance: settings_agent_1765866666)
2025-12-16 15:05:22,724 - mcp_server - WARNING - Agent marked as inactive: network_agent (instance: network_agent_1765866667)
2025-12-16 15:05:22,724 - mcp_server - WARNING - Agent marked as inactive: app_agent (instance: app_agent_1765866668)
2025-12-16 15:05:22,724 - mcp_server - WARNING - Agent marked as inactive: monitor_agent (instance: monitor_agent_1765866669)
2025-12-16 15:05:22,724 - mcp_server - WARNING - Agent marked as inactive: media_agent (instance: media_agent_1765866670)
2025-12-16 15:05:25,727 - mcp_server - WARNING - Agent marked as inactive: file_agent (instance: file_agent_1765866665)
2025-12-16 15:05:25,729 - mcp_server - WARNING - Agent marked as inactive: settings_agent (instance: settings_agent_1765866666)
2025-12-16 15:05:25,729 - mcp_server - WARNING - Agent marked as inactive: network_agent (instance: network_agent_1765866667)
2025-12-16 15:05:25,729 - mcp_server - WARNING - Agent marked as inactive: app_agent (instance: app_agent_1765866668)
2025-12-16 15:05:25,729 - mcp_server - WARNING - Agent marked as inactive: monitor_agent (instance: monitor_agent_1765866669)
2025-12-16 15:05:25,729 - mcp_server - WARNING - Agent marked as inactive: media_agent (instance: media_agent_1765866670)
2025-12-16 15:05:28,732 - mcp_server - WARNING - Agent marked as inactive: file_agent (instance: file_agent_1765866665)
2025-12-16 15:05:28,732 - mcp_server - WARNING - Agent marked as inactive: settings_agent (instance: settings_agent_1765866666)
2025-12-16 15:05:28,732 - mcp_server - WARNING - Agent marked as inactive: network_agent (instance: network_agent_1765866667)
2025-12-16 15:05:28,732 - mcp_server - WARNING - Agent marked as inactive: app_agent (instance: app_agent_1765866668)
2025-12-16 15:05:28,732 - mcp_server - WARNING - Agent marked as inactive: monitor_agent (instance: monitor_agent_1765866669)
2025-12-16 15:05:28,732 - mcp_server - WARNING - Agent marked as inactive: media_agent (instance: media_agent_1765866670)
2025-12-16 15:05:31,735 - mcp_server - WARNING - Agent marked as inactive: file_agent (instance: file_agent_1765866665)
2025-12-16 15:05:31,735 - mcp_server - WARNING - Agent marked as inactive: settings_agent (instance: settings_agent_1765866666)
2025-12-16 15:05:31,735 - mcp_server - WARNING - Agent marked as inactive: network_agent (instance: network_agent_1765866667)
2025-12-16 15:05:31,735 - mcp_server - WARNING - Agent marked as inactive: app_agent (instance: app_agent_1765866668)
2025-12-16 15:05:31,735 - mcp_server - WARNING - Agent marked as inactive: monitor_agent (instance: monitor_agent_1765866669)
2025-12-16 15:05:31,735 - mcp_server - WARNING - Agent marked as inactive: media_agent (instance: media_agent_1765866670)
2025-12-16 15:05:34,738 - mcp_server - WARNING - Agent marked as inactive: file_agent (instance: file_agent_1765866665)
2025-12-16 15:05:34,738 - mcp_server - WARNING - Agent marked as inactive: settings_agent (instance: settings_agent_1765866666)
2025-12-16 15:05:34,738 - mcp_server - WARNING - Agent marked as inactive: network_agent (instance: network_agent_1765866667)
2025-12-16 15:05:34,738 - mcp_server - WARNING - Agent marked as inactive: app_agent (instance: app_agent_1765866668)
2025-12-16 15:05:34,738 - mcp_server - WARNING - Agent marked as inactive: monitor_agent (instance: monitor_agent_1765866669)
2025-12-16 15:05:34,738 - mcp_server - WARNING - Agent marked as inactive: media_agent (instance: media_agent_1765866670)
2025-12-16 15:05:37,741 - mcp_server - WARNING - Agent marked as inactive: file_agent (instance: file_agent_1765866665)
2025-12-16 15:05:37,741 - mcp_server - WARNING - Agent marked as inactive: settings_agent (instance: settings_agent_1765866666)
2025-12-16 15:05:37,741 - mcp_server - WARNING - Agent marked as inactive: network_agent (instance: network_agent_1765866667)
2025-12-16 15:05:37,741 - mcp_server - WARNING - Agent marked as inactive: app_agent (instance: app_agent_1765866668)
2025-12-16 15:05:37,741 - mcp_server - WARNING - Agent marked as inactive: monitor_agent (instance: monitor_agent_1765866669)
2025-12-16 15:05:37,741 - mcp_server - WARNING - Agent marked as inactive: media_agent (instance: media_agent_1765866670)
2025-12-16 15:05:40,744 - mcp_server - WARNING - Agent marked as inactive: file_agent (instance: file_agent_1765866665)
2025-12-16 15:05:40,744 - mcp_server - WARNING - Agent marked as inactive: settings_agent (instance: settings_agent_1765866666)
2025-12-16 15:05:40,744 - mcp_server - WARNING - Agent marked as inactive: network_agent (instance: network_agent_1765866667)
2025-12-16 15:05:40,744 - mcp_server - WARNING - Agent marked as inactive: app_agent (instance: app_agent_1765866668)
2025-12-16 15:05:40,744 - mcp_server - WARNING - Agent marked as inactive: monitor_agent (instance: monitor_agent_1765866669)
2025-12-16 15:05:40,744 - mcp_server - WARNING - Agent marked as inactive: media_agent (instance: media_agent_1765866670)
2025-12-16 15:05:43,747 - mcp_server - WARNING - Agent marked as inactive: file_agent (instance: file_agent_1765866665)
2025-12-16 15:05:43,748 - mcp_server - WARNING - Agent marked as inactive: settings_agent (instance: settings_agent_1765866666)
2025-12-16 15:05:43,748 - mcp_server - WARNING - Agent marked as inactive: network_agent (instance: network_agent_1765866667)
2025-12-16 15:05:43,748 - mcp_server - WARNING - Agent marked as inactive: app_agent (instance: app_agent_1765866668)
2025-12-16 15:05:43,748 - mcp_server - WARNING - Agent marked as inactive: monitor_agent (instance: monitor_agent_1765866669)
2025-12-16 15:05:43,748 - mcp_server - WARNING - Agent marked as inactive: media_agent (instance: media_agent_1765866670)
2025-12-16 15:05:46,751 - mcp_server - WARNING - Agent marked as inactive: file_agent (instance: file_agent_1765866665)
2025-12-16 15:05:46,752 - mcp_server - WARNING - Agent marked as inactive: settings_agent (instance: settings_agent_1765866666)
2025-12-16 15:05:46,752 - mcp_server - WARNING - Agent marked as inactive: network_agent (instance: network_agent_1765866667)
2025-12-16 15:05:46,752 - mcp_server - WARNING - Agent marked as inactive: app_agent (instance: app_agent_1765866668)
2025-12-16 15:05:46,752 - mcp_server - WARNING - Agent marked as inactive: monitor_agent (instance: monitor_agent_1765866669)
2025-12-16 15:05:46,752 - mcp_server - WARNING - Agent marked as inactive: media_agent (instance: media_agent_1765866670)
2025-12-16 15:05:49,755 - mcp_server - WARNING - Agent marked as inactive: file_agent (instance: file_agent_1765866665)
2025-12-16 15:05:49,756 - mcp_server - WARNING - Agent marked as inactive: settings_agent (instance: settings_agent_1765866666)
2025-12-16 15:05:49,756 - mcp_server - WARNING - Agent marked as inactive: network_agent (instance: network_agent_1765866667)
2025-12-16 15:05:49,756 - mcp_server - WARNING - Agent marked as inactive: app_agent (instance: app_agent_1765866668)
2025-12-16 15:05:49,756 - mcp_server - WARNING - Agent marked as inactive: monitor_agent (instance: monitor_agent_1765866669)
2025-12-16 15:05:49,756 - mcp_server - WARNING - Agent marked as inactive: media_agent (instance: media_agent_1765866670)
2025-12-16 15:05:52,759 - mcp_server - WARNING - Agent marked as inactive: file_agent (instance: file_agent_1765866665)
2025-12-16 15:05:52,759 - mcp_server - WARNING - Agent marked as inactive: settings_agent (instance: settings_agent_1765866666)
2025-12-16 15:05:52,759 - mcp_server - WARNING - Agent marked as inactive: network_agent (instance: network_agent_1765866667)
2025-12-16 15:05:52,760 - mcp_server - WARNING - Agent marked as inactive: app_agent (instance: app_agent_1765866668)
2025-12-16 15:05:52,760 - mcp_server - WARNING - Agent marked as inactive: monitor_agent (instance: monitor_agent_1765866669)
2025-12-16 15:05:52,760 - mcp_server - WARNING - Agent marked as inactive: media_agent (instance: media_agent_1765866670)
2025-12-16 15:05:55,762 - mcp_server - WARNING - Agent marked as inactive: file_agent (instance: file_agent_1765866665)
2025-12-16 15:05:55,763 - mcp_server - WARNING - Agent marked as inactive: settings_agent (instance: settings_agent_1765866666)
2025-12-16 15:05:55,763 - mcp_server - WARNING - Agent marked as inactive: network_agent (instance: network_agent_1765866667)
2025-12-16 15:05:55,763 - mcp_server - WARNING - Agent marked as inactive: app_agent (instance: app_agent_1765866668)
2025-12-16 15:05:55,763 - mcp_server - WARNING - Agent marked as inactive: monitor_agent (instance: monitor_agent_1765866669)
2025-12-16 15:05:55,763 - mcp_server - WARNING - Agent marked as inactive: media_agent (instance: media_agent_1765866670)
2025-12-16 15:05:58,766 - mcp_server - WARNING - Agent marked as inactive: file_agent (instance: file_agent_1765866665)
2025-12-16 15:05:58,767 - mcp_server - WARNING - Agent marked as inactive: settings_agent (instance: settings_agent_1765866666)
2025-12-16 15:05:58,767 - mcp_server - WARNING - Agent marked as inactive: network_agent (instance: network_agent_1765866667)
2025-12-16 15:05:58,767 - mcp_server - WARNING - Agent marked as inactive: app_agent (instance: app_agent_1765866668)
2025-12-16 15:05:58,767 - mcp_server - WARNING - Agent marked as inactive: monitor_agent (instance: monitor_agent_1765866669)
2025-12-16 15:05:58,767 - mcp_server - WARNING - Agent marked as inactive: media_agent (instance: media_agent_1765866670)
2025-12-16 15:06:01,770 - mcp_server - WARNING - Agent marked as inactive: file_agent (instance: file_agent_1765866665)
2025-12-16 15:06:01,770 - mcp_server - WARNING - Agent marked as inactive: settings_agent (instance: settings_agent_1765866666)
2025-12-16 15:06:01,770 - mcp_server - WARNING - Agent marked as inactive: network_agent (instance: network_agent_1765866667)
2025-12-16 15:06:01,770 - mcp_server - WARNING - Agent marked as inactive: app_agent (instance: app_agent_1765866668)
2025-12-16 15:06:01,770 - mcp_server - WARNING - Agent marked as inactive: monitor_agent (instance: monitor_agent_1765866669)
2025-12-16 15:06:01,770 - mcp_server - WARNING - Agent marked as inactive: media_agent (instance: media_agent_1765866670)
2025-12-16 15:06:04,773 - mcp_server - WARNING - Agent marked as inactive: file_agent (instance: file_agent_1765866665)
2025-12-16 15:06:04,775 - mcp_server - WARNING - Agent marked as inactive: settings_agent (instance: settings_agent_1765866666)
2025-12-16 15:06:04,775 - mcp_server - WARNING - Agent marked as inactive: network_agent (instance: network_agent_1765866667)
2025-12-16 15:06:04,775 - mcp_server - WARNING - Agent marked as inactive: app_agent (instance: app_agent_1765866668)
2025-12-16 15:06:04,775 - mcp_server - WARNING - Agent marked as inactive: monitor_agent (instance: monitor_agent_1765866669)
2025-12-16 15:06:04,775 - mcp_server - WARNING - Agent marked as inactive: media_agent (instance: media_agent_1765866670)
2025-12-16 15:06:07,778 - mcp_server - WARNING - Agent marked as inactive: file_agent (instance: file_agent_1765866665)
2025-12-16 15:06:07,779 - mcp_server - WARNING - Agent marked as inactive: settings_agent (instance: settings_agent_1765866666)
2025-12-16 15:06:07,779 - mcp_server - WARNING - Agent marked as inactive: network_agent (instance: network_agent_1765866667)
2025-12-16 15:06:07,780 - mcp_server - WARNING - Agent marked as inactive: app_agent (instance: app_agent_1765866668)
2025-12-16 15:06:07,780 - mcp_server - WARNING - Agent marked as inactive: monitor_agent (instance: monitor_agent_1765866669)
2025-12-16 15:06:07,780 - mcp_server - WARNING - Agent marked as inactive: media_agent (instance: media_agent_1765866670)
2025-12-16 15:06:10,782 - mcp_server - WARNING - Agent marked as inactive: file_agent (instance: file_agent_1765866665)
2025-12-16 15:06:10,783 - mcp_server - WARNING - Agent marked as inactive: settings_agent (instance: settings_agent_1765866666)
2025-12-16 15:06:10,783 - mcp_server - WARNING - Agent marked as inactive: network_agent (instance: network_agent_1765866667)
2025-12-16 15:06:10,784 - mcp_server - WARNING - Agent marked as inactive: app_agent (instance: app_agent_1765866668)
2025-12-16 15:06:10,784 - mcp_server - WARNING - Agent marked as inactive: monitor_agent (instance: monitor_agent_1765866669)
2025-12-16 15:06:10,784 - mcp_server - WARNING - Agent marked as inactive: media_agent (instance: media_agent_1765866670)
2025-12-16 15:06:13,786 - mcp_server - WARNING - Agent marked as inactive: file_agent (instance: file_agent_1765866665)
2025-12-16 15:06:13,786 - mcp_server - WARNING - Agent marked as inactive: settings_agent (instance: settings_agent_1765866666)
2025-12-16 15:06:13,786 - mcp_server - WARNING - Agent marked as inactive: network_agent (instance: network_agent_1765866667)
2025-12-16 15:06:13,786 - mcp_server - WARNING - Agent marked as inactive: app_agent (instance: app_agent_1765866668)
2025-12-16 15:06:13,786 - mcp_server - WARNING - Agent marked as inactive: monitor_agent (instance: monitor_agent_1765866669)
2025-12-16 15:06:13,786 - mcp_server - WARNING - Agent marked as inactive: media_agent (instance: media_agent_1765866670)
2025-12-16 15:06:16,789 - mcp_server - WARNING - Agent marked as inactive: file_agent (instance: file_agent_1765866665)
2025-12-16 15:06:16,791 - mcp_server - WARNING - Agent marked as inactive: settings_agent (instance: settings_agent_1765866666)
2025-12-16 15:06:16,791 - mcp_server - WARNING - Agent marked as inactive: network_agent (instance: network_agent_1765866667)
2025-12-16 15:06:16,791 - mcp_server - WARNING - Agent marked as inactive: app_agent (instance: app_agent_1765866668)
2025-12-16 15:06:16,791 - mcp_server - WARNING - Agent marked as inactive: monitor_agent (instance: monitor_agent_1765866669)
2025-12-16 15:06:16,791 - mcp_server - WARNING - Agent marked as inactive: media_agent (instance: media_agent_1765866670)
2025-12-16 15:06:19,794 - mcp_server - WARNING - Agent marked as inactive: file_agent (instance: file_agent_1765866665)
2025-12-16 15:06:19,795 - mcp_server - WARNING - Agent marked as inactive: settings_agent (instance: settings_agent_1765866666)
2025-12-16 15:06:19,795 - mcp_server - WARNING - Agent marked as inactive: network_agent (instance: network_agent_1765866667)
2025-12-16 15:06:19,795 - mcp_server - WARNING - Agent marked as inactive: app_agent (instance: app_agent_1765866668)
2025-12-16 15:06:19,795 - mcp_server - WARNING - Agent marked as inactive: monitor_agent (instance: monitor_agent_1765866669)
2025-12-16 15:06:19,795 - mcp_server - WARNING - Agent marked as inactive: media_agent (instance: media_agent_1765866670)
2025-12-16 15:06:22,798 - mcp_server - WARNING - Agent marked as inactive: file_agent (instance: file_agent_1765866665)
2025-12-16 15:06:22,798 - mcp_server - WARNING - Agent marked as inactive: settings_agent (instance: settings_agent_1765866666)
2025-12-16 15:06:22,798 - mcp_server - WARNING - Agent marked as inactive: network_agent (instance: network_agent_1765866667)
2025-12-16 15:06:22,799 - mcp_server - WARNING - Agent marked as inactive: app_agent (instance: app_agent_1765866668)
2025-12-16 15:06:22,799 - mcp_server - WARNING - Agent marked as inactive: monitor_agent (instance: monitor_agent_1765866669)
2025-12-16 15:06:22,799 - mcp_server - WARNING - Agent marked as inactive: media_agent (instance: media_agent_1765866670)
2025-12-16 15:06:25,801 - mcp_server - WARNING - Agent marked as inactive: file_agent (instance: file_agent_1765866665)
2025-12-16 15:06:25,802 - mcp_server - WARNING - Agent marked as inactive: settings_agent (instance: settings_agent_1765866666)
2025-12-16 15:06:25,802 - mcp_server - WARNING - Agent marked as inactive: network_agent (instance: network_agent_1765866667)
2025-12-16 15:06:25,802 - mcp_server - WARNING - Agent marked as inactive: app_agent (instance: app_agent_1765866668)
2025-12-16 15:06:25,802 - mcp_server - WARNING - Agent marked as inactive: monitor_agent (instance: monitor_agent_1765866669)
2025-12-16 15:06:25,802 - mcp_server - WARNING - Agent marked as inactive: media_agent (instance: media_agent_1765866670)
2025-12-16 15:06:28,805 - mcp_server - WARNING - Agent marked as inactive: file_agent (instance: file_agent_1765866665)
2025-12-16 15:06:28,806 - mcp_server - WARNING - Agent marked as inactive: settings_agent (instance: settings_agent_1765866666)
2025-12-16 15:06:28,806 - mcp_server - WARNING - Agent marked as inactive: network_agent (instance: network_agent_1765866667)
2025-12-16 15:06:28,807 - mcp_server - WARNING - Agent marked as inactive: app_agent (instance: app_agent_1765866668)
2025-12-16 15:06:28,807 - mcp_server - WARNING - Agent marked as inactive: monitor_agent (instance: monitor_agent_1765866669)
2025-12-16 15:06:28,807 - mcp_server - WARNING - Agent marked as inactive: media_agent (instance: media_agent_1765866670)
2025-12-16 15:06:31,810 - mcp_server - WARNING - Agent marked as inactive: file_agent (instance: file_agent_1765866665)
2025-12-16 15:06:31,811 - mcp_server - WARNING - Agent marked as inactive: settings_agent (instance: settings_agent_1765866666)
2025-12-16 15:06:31,811 - mcp_server - WARNING - Agent marked as inactive: network_agent (instance: network_agent_1765866667)
2025-12-16 15:06:31,811 - mcp_server - WARNING - Agent marked as inactive: app_agent (instance: app_agent_1765866668)
2025-12-16 15:06:31,812 - mcp_server - WARNING - Agent marked as inactive: monitor_agent (instance: monitor_agent_1765866669)
2025-12-16 15:06:31,812 - mcp_server - WARNING - Agent marked as inactive: media_agent (instance: media_agent_1765866670)
2025-12-16 15:06:34,815 - mcp_server - WARNING - Agent marked as inactive: file_agent (instance: file_agent_1765866665)
2025-12-16 15:06:34,816 - mcp_server - WARNING - Agent marked as inactive: settings_agent (instance: settings_agent_1765866666)
2025-12-16 15:06:34,816 - mcp_server - WARNING - Agent marked as inactive: network_agent (instance: network_agent_1765866667)
2025-12-16 15:06:34,816 - mcp_server - WARNING - Agent marked as inactive: app_agent (instance: app_agent_1765866668)
2025-12-16 15:06:34,816 - mcp_server - WARNING - Agent marked as inactive: monitor_agent (instance: monitor_agent_1765866669)
2025-12-16 15:06:34,816 - mcp_server - WARNING - Agent marked as inactive: media_agent (instance: media_agent_1765866670)
2025-12-16 15:06:37,818 - mcp_server - WARNING - Agent marked as inactive: file_agent (instance: file_agent_1765866665)
2025-12-16 15:06:37,818 - mcp_server - WARNING - Agent marked as inactive: settings_agent (instance: settings_agent_1765866666)
2025-12-16 15:06:37,818 - mcp_server - WARNING - Agent marked as inactive: network_agent (instance: network_agent_1765866667)
2025-12-16 15:06:37,819 - mcp_server - WARNING - Agent marked as inactive: app_agent (instance: app_agent_1765866668)
2025-12-16 15:06:37,819 - mcp_server - WARNING - Agent marked as inactive: monitor_agent (instance: monitor_agent_1765866669)
2025-12-16 15:06:37,819 - mcp_server - WARNING - Agent marked as inactive: media_agent (instance: media_agent_1765866670)
2025-12-16 15:06:40,821 - mcp_server - WARNING - Agent marked as inactive: file_agent (instance: file_agent_1765866665)
2025-12-16 15:06:40,821 - mcp_server - WARNING - Agent marked as inactive: settings_agent (instance: settings_agent_1765866666)
2025-12-16 15:06:40,821 - mcp_server - WARNING - Agent marked as inactive: network_agent (instance: network_agent_1765866667)
2025-12-16 15:06:40,821 - mcp_server - WARNING - Agent marked as inactive: app_agent (instance: app_agent_1765866668)
2025-12-16 15:06:40,821 - mcp_server - WARNING - Agent marked as inactive: monitor_agent (instance: monitor_agent_1765866669)
2025-12-16 15:06:40,822 - mcp_server - WARNING - Agent marked as inactive: media_agent (instance: media_agent_1765866670)
2025-12-16 15:06:43,824 - mcp_server - WARNING - Agent marked as inactive: file_agent (instance: file_agent_1765866665)
2025-12-16 15:06:43,824 - mcp_server - WARNING - Agent marked as inactive: settings_agent (instance: settings_agent_1765866666)
2025-12-16 15:06:43,824 - mcp_server - WARNING - Agent marked as inactive: network_agent (instance: network_agent_1765866667)
2025-12-16 15:06:43,824 - mcp_server - WARNING - Agent marked as inactive: app_agent (instance: app_agent_1765866668)
2025-12-16 15:06:43,824 - mcp_server - WARNING - Agent marked as inactive: monitor_agent (instance: monitor_agent_1765866669)
2025-12-16 15:06:43,824 - mcp_server - WARNING - Agent marked as inactive: media_agent (instance: media_agent_1765866670)
2025-12-16 15:06:46,827 - mcp_server - WARNING - Agent marked as inactive: file_agent (instance: file_agent_1765866665)
2025-12-16 15:06:46,827 - mcp_server - WARNING - Agent marked as inactive: settings_agent (instance: settings_agent_1765866666)
2025-12-16 15:06:46,827 - mcp_server - WARNING - Agent marked as inactive: network_agent (instance: network_agent_1765866667)
2025-12-16 15:06:46,827 - mcp_server - WARNING - Agent marked as inactive: app_agent (instance: app_agent_1765866668)
2025-12-16 15:06:46,827 - mcp_server - WARNING - Agent marked as inactive: monitor_agent (instance: monitor_agent_1765866669)
2025-12-16 15:06:46,827 - mcp_server - WARNING - Agent marked as inactive: media_agent (instance: media_agent_1765866670)
2025-12-16 15:06:49,830 - mcp_server - WARNING - Agent marked as inactive: file_agent (instance: file_agent_1765866665)
2025-12-16 15:06:49,831 - mcp_server - WARNING - Agent marked as inactive: settings_agent (instance: settings_agent_1765866666)
2025-12-16 15:06:49,831 - mcp_server - WARNING - Agent marked as inactive: network_agent (instance: network_agent_1765866667)
2025-12-16 15:06:49,831 - mcp_server - WARNING - Agent marked as inactive: app_agent (instance: app_agent_1765866668)
2025-12-16 15:06:49,831 - mcp_server - WARNING - Agent marked as inactive: monitor_agent (instance: monitor_agent_1765866669)
2025-12-16 15:06:49,832 - mcp_server - WARNING - Agent marked as inactive: media_agent (instance: media_agent_1765866670)
2025-12-16 15:06:52,834 - mcp_server - WARNING - Agent marked as inactive: file_agent (instance: file_agent_1765866665)
2025-12-16 15:06:52,834 - mcp_server - WARNING - Agent marked as inactive: settings_agent (instance: settings_agent_1765866666)
2025-12-16 15:06:52,834 - mcp_server - WARNING - Agent marked as inactive: network_agent (instance: network_agent_1765866667)
2025-12-16 15:06:52,834 - mcp_server - WARNING - Agent marked as inactive: app_agent (instance: app_agent_1765866668)
2025-12-16 15:06:52,834 - mcp_server - WARNING - Agent marked as inactive: monitor_agent (instance: monitor_agent_1765866669)
2025-12-16 15:06:52,834 - mcp_server - WARNING - Agent marked as inactive: media_agent (instance: media_agent_1765866670)
2025-12-16 15:06:55,837 - mcp_server - WARNING - Agent marked as inactive: file_agent (instance: file_agent_1765866665)
2025-12-16 15:06:55,838 - mcp_server - WARNING - Agent marked as inactive: settings_agent (instance: settings_agent_1765866666)
2025-12-16 15:06:55,838 - mcp_server - WARNING - Agent marked as inactive: network_agent (instance: network_agent_1765866667)
2025-12-16 15:06:55,838 - mcp_server - WARNING - Agent marked as inactive: app_agent (instance: app_agent_1765866668)
2025-12-16 15:06:55,838 - mcp_server - WARNING - Agent marked as inactive: monitor_agent (instance: monitor_agent_1765866669)
2025-12-16 15:06:55,838 - mcp_server - WARNING - Agent marked as inactive: media_agent (instance: media_agent_1765866670)
2025-12-16 15:06:58,840 - mcp_server - WARNING - Agent marked as inactive: file_agent (instance: file_agent_1765866665)
2025-12-16 15:06:58,840 - mcp_server - WARNING - Agent marked as inactive: settings_agent (instance: settings_agent_1765866666)
2025-12-16 15:06:58,840 - mcp_server - WARNING - Agent marked as inactive: network_agent (instance: network_agent_1765866667)
2025-12-16 15:06:58,841 - mcp_server - WARNING - Agent marked as inactive: app_agent (instance: app_agent_1765866668)
2025-12-16 15:06:58,841 - mcp_server - WARNING - Agent marked as inactive: monitor_agent (instance: monitor_agent_1765866669)
2025-12-16 15:06:58,841 - mcp_server - WARNING - Agent marked as inactive: media_agent (instance: media_agent_1765866670)
2025-12-16 15:07:01,844 - mcp_server - WARNING - Agent marked as inactive: file_agent (instance: file_agent_1765866665)
2025-12-16 15:07:01,844 - mcp_server - WARNING - Agent marked as inactive: settings_agent (instance: settings_agent_1765866666)
2025-12-16 15:07:01,844 - mcp_server - WARNING - Agent marked as inactive: network_agent (instance: network_agent_1765866667)
2025-12-16 15:07:01,844 - mcp_server - WARNING - Agent marked as inactive: app_agent (instance: app_agent_1765866668)
2025-12-16 15:07:01,845 - mcp_server - WARNING - Agent marked as inactive: monitor_agent (instance: monitor_agent_1765866669)
2025-12-16 15:07:01,845 - mcp_server - WARNING - Agent marked as inactive: media_agent (instance: media_agent_1765866670)
2025-12-16 15:07:04,848 - mcp_server - WARNING - Agent marked as inactive: file_agent (instance: file_agent_1765866665)
2025-12-16 15:07:04,848 - mcp_server - WARNING - Agent marked as inactive: settings_agent (instance: settings_agent_1765866666)
2025-12-16 15:07:04,849 - mcp_server - WARNING - Agent marked as inactive: network_agent (instance: network_agent_1765866667)
2025-12-16 15:07:04,849 - mcp_server - WARNING - Agent marked as inactive: app_agent (instance: app_agent_1765866668)
2025-12-16 15:07:04,849 - mcp_server - WARNING - Agent marked as inactive: monitor_agent (instance: monitor_agent_1765866669)
2025-12-16 15:07:04,849 - mcp_server - WARNING - Agent marked as inactive: media_agent (instance: media_agent_1765866670)
2025-12-16 15:07:07,852 - mcp_server - WARNING - Agent marked as inactive: file_agent (instance: file_agent_1765866665)
2025-12-16 15:07:07,852 - mcp_server - WARNING - Agent marked as inactive: settings_agent (instance: settings_agent_1765866666)
2025-12-16 15:07:07,852 - mcp_server - WARNING - Agent marked as inactive: network_agent (instance: network_agent_1765866667)
2025-12-16 15:07:07,852 - mcp_server - WARNING - Agent marked as inactive: app_agent (instance: app_agent_1765866668)
2025-12-16 15:07:07,852 - mcp_server - WARNING - Agent marked as inactive: monitor_agent (instance: monitor_agent_1765866669)
2025-12-16 15:07:07,852 - mcp_server - WARNING - Agent marked as inactive: media_agent (instance: media_agent_1765866670)
2025-12-16 15:07:10,855 - mcp_server - WARNING - Agent marked as inactive: file_agent (instance: file_agent_1765866665)
2025-12-16 15:07:10,855 - mcp_server - WARNING - Agent marked as inactive: settings_agent (instance: settings_agent_1765866666)
2025-12-16 15:07:10,856 - mcp_server - WARNING - Agent marked as inactive: network_agent (instance: network_agent_1765866667)
2025-12-16 15:07:10,856 - mcp_server - WARNING - Agent marked as inactive: app_agent (instance: app_agent_1765866668)
2025-12-16 15:07:10,856 - mcp_server - WARNING - Agent marked as inactive: monitor_agent (instance: monitor_agent_1765866669)
2025-12-16 15:07:10,856 - mcp_server - WARNING - Agent marked as inactive: media_agent (instance: media_agent_1765866670)
2025-12-16 15:07:13,858 - mcp_server - WARNING - Agent marked as inactive: file_agent (instance: file_agent_1765866665)
2025-12-16 15:07:13,859 - mcp_server - WARNING - Agent marked as inactive: settings_agent (instance: settings_agent_1765866666)
2025-12-16 15:07:13,859 - mcp_server - WARNING - Agent marked as inactive: network_agent (instance: network_agent_1765866667)
2025-12-16 15:07:13,860 - mcp_server - WARNING - Agent marked as inactive: app_agent (instance: app_agent_1765866668)
2025-12-16 15:07:13,860 - mcp_server - WARNING - Agent marked as inactive: monitor_agent (instance: monitor_agent_1765866669)
2025-12-16 15:07:13,860 - mcp_server - WARNING - Agent marked as inactive: media_agent (instance: media_agent_1765866670)
2025-12-16 15:07:16,863 - mcp_server - WARNING - Agent marked as inactive: file_agent (instance: file_agent_1765866665)
2025-12-16 15:07:16,864 - mcp_server - WARNING - Agent marked as inactive: settings_agent (instance: settings_agent_1765866666)
2025-12-16 15:07:16,864 - mcp_server - WARNING - Agent marked as inactive: network_agent (instance: network_agent_1765866667)
2025-12-16 15:07:16,865 - mcp_server - WARNING - Agent marked as inactive: app_agent (instance: app_agent_1765866668)
2025-12-16 15:07:16,865 - mcp_server - WARNING - Agent marked as inactive: monitor_agent (instance: monitor_agent_1765866669)
2025-12-16 15:07:16,865 - mcp_server - WARNING - Agent marked as inactive: media_agent (instance: media_agent_1765866670)
2025-12-16 15:07:19,868 - mcp_server - WARNING - Agent marked as inactive: file_agent (instance: file_agent_1765866665)
2025-12-16 15:07:19,869 - mcp_server - WARNING - Agent marked as inactive: settings_agent (instance: settings_agent_1765866666)
2025-12-16 15:07:19,869 - mcp_server - WARNING - Agent marked as inactive: network_agent (instance: network_agent_1765866667)
2025-12-16 15:07:19,869 - mcp_server - WARNING - Agent marked as inactive: app_agent (instance: app_agent_1765866668)
2025-12-16 15:07:19,870 - mcp_server - WARNING - Agent marked as inactive: monitor_agent (instance: monitor_agent_1765866669)
2025-12-16 15:07:19,870 - mcp_server - WARNING - Agent marked as inactive: media_agent (instance: media_agent_1765866670)
2025-12-16 15:07:22,872 - mcp_server - WARNING - Agent marked as inactive: file_agent (instance: file_agent_1765866665)
2025-12-16 15:07:22,873 - mcp_server - WARNING - Agent marked as inactive: settings_agent (instance: settings_agent_1765866666)
2025-12-16 15:07:22,873 - mcp_server - WARNING - Agent marked as inactive: network_agent (instance: network_agent_1765866667)
2025-12-16 15:07:22,873 - mcp_server - WARNING - Agent marked as inactive: app_agent (instance: app_agent_1765866668)
2025-12-16 15:07:22,873 - mcp_server - WARNING - Agent marked as inactive: monitor_agent (instance: monitor_agent_1765866669)
2025-12-16 15:07:22,873 - mcp_server - WARNING - Agent marked as inactive: media_agent (instance: media_agent_1765866670)
2025-12-16 15:07:25,876 - mcp_server - WARNING - Agent marked as inactive: file_agent (instance: file_agent_1765866665)
2025-12-16 15:07:25,876 - mcp_server - WARNING - Agent marked as inactive: settings_agent (instance: settings_agent_1765866666)
2025-12-16 15:07:25,876 - mcp_server - WARNING - Agent marked as inactive: network_agent (instance: network_agent_1765866667)
2025-12-16 15:07:25,876 - mcp_server - WARNING - Agent marked as inactive: app_agent (instance: app_agent_1765866668)
2025-12-16 15:07:25,876 - mcp_server - WARNING - Agent marked as inactive: monitor_agent (instance: monitor_agent_1765866669)
2025-12-16 15:07:25,876 - mcp_server - WARNING - Agent marked as inactive: media_agent (instance: media_agent_1765866670)
2025-12-16 15:07:28,879 - mcp_server - WARNING - Agent marked as inactive: file_agent (instance: file_agent_1765866665)
2025-12-16 15:07:28,880 - mcp_server - WARNING - Agent marked as inactive: settings_agent (instance: settings_agent_1765866666)
2025-12-16 15:07:28,880 - mcp_server - WARNING - Agent marked as inactive: network_agent (instance: network_agent_1765866667)
2025-12-16 15:07:28,880 - mcp_server - WARNING - Agent marked as inactive: app_agent (instance: app_agent_1765866668)
2025-12-16 15:07:28,880 - mcp_server - WARNING - Agent marked as inactive: monitor_agent (instance: monitor_agent_1765866669)
2025-12-16 15:07:28,880 - mcp_server - WARNING - Agent marked as inactive: media_agent (instance: media_agent_1765866670)
2025-12-16 15:07:31,883 - mcp_server - WARNING - Agent marked as inactive: file_agent (instance: file_agent_1765866665)
2025-12-16 15:07:31,883 - mcp_server - WARNING - Agent marked as inactive: settings_agent (instance: settings_agent_1765866666)
2025-12-16 15:07:31,884 - mcp_server - WARNING - Agent marked as inactive: network_agent (instance: network_agent_1765866667)
2025-12-16 15:07:31,884 - mcp_server - WARNING - Agent marked as inactive: app_agent (instance: app_agent_1765866668)
2025-12-16 15:07:31,884 - mcp_server - WARNING - Agent marked as inactive: monitor_agent (instance: monitor_agent_1765866669)
2025-12-16 15:07:31,884 - mcp_server - WARNING - Agent marked as inactive: media_agent (instance: media_agent_1765866670)
2025-12-16 15:07:34,886 - mcp_server - WARNING - Agent marked as inactive: file_agent (instance: file_agent_1765866665)
2025-12-16 15:07:34,886 - mcp_server - WARNING - Agent marked as inactive: settings_agent (instance: settings_agent_1765866666)
2025-12-16 15:07:34,886 - mcp_server - WARNING - Agent marked as inactive: network_agent (instance: network_agent_1765866667)
2025-12-16 15:07:34,886 - mcp_server - WARNING - Agent marked as inactive: app_agent (instance: app_agent_1765866668)
2025-12-16 15:07:34,886 - mcp_server - WARNING - Agent marked as inactive: monitor_agent (instance: monitor_agent_1765866669)
2025-12-16 15:07:34,886 - mcp_server - WARNING - Agent marked as inactive: media_agent (instance: media_agent_1765866670)
2025-12-16 15:07:37,889 - mcp_server - WARNING - Agent marked as inactive: file_agent (instance: file_agent_1765866665)
2025-12-16 15:07:37,890 - mcp_server - WARNING - Agent marked as inactive: settings_agent (instance: settings_agent_1765866666)
2025-12-16 15:07:37,890 - mcp_server - WARNING - Agent marked as inactive: network_agent (instance: network_agent_1765866667)
2025-12-16 15:07:37,890 - mcp_server - WARNING - Agent marked as inactive: app_agent (instance: app_agent_1765866668)
2025-12-16 15:07:37,890 - mcp_server - WARNING - Agent marked as inactive: monitor_agent (instance: monitor_agent_1765866669)
2025-12-16 15:07:37,890 - mcp_server - WARNING - Agent marked as inactive: media_agent (instance: media_agent_1765866670)
2025-12-16 15:07:40,892 - mcp_server - WARNING - Agent marked as inactive: file_agent (instance: file_agent_1765866665)
2025-12-16 15:07:40,892 - mcp_server - WARNING - Agent marked as inactive: settings_agent (instance: settings_agent_1765866666)
2025-12-16 15:07:40,892 - mcp_server - WARNING - Agent marked as inactive: network_agent (instance: network_agent_1765866667)
2025-12-16 15:07:40,892 - mcp_server - WARNING - Agent marked as inactive: app_agent (instance: app_agent_1765866668)
2025-12-16 15:07:40,892 - mcp_server - WARNING - Agent marked as inactive: monitor_agent (instance: monitor_agent_1765866669)
2025-12-16 15:07:40,892 - mcp_server - WARNING - Agent marked as inactive: media_agent (instance: media_agent_1765866670)
2025-12-16 15:07:43,895 - mcp_server - WARNING - Agent marked as inactive: file_agent (instance: file_agent_1765866665)
2025-12-16 15:07:43,896 - mcp_server - WARNING - Agent marked as inactive: settings_agent (instance: settings_agent_1765866666)
2025-12-16 15:07:43,896 - mcp_server - WARNING - Agent marked as inactive: network_agent (instance: network_agent_1765866667)
2025-12-16 15:07:43,896 - mcp_server - WARNING - Agent marked as inactive: app_agent (instance: app_agent_1765866668)
2025-12-16 15:07:43,896 - mcp_server - WARNING - Agent marked as inactive: monitor_agent (instance: monitor_agent_1765866669)
2025-12-16 15:07:43,896 - mcp_server - WARNING - Agent marked as inactive: media_agent (instance: media_agent_1765866670)
2025-12-16 15:07:46,899 - mcp_server - WARNING - Agent marked as inactive: file_agent (instance: file_agent_1765866665)
2025-12-16 15:07:46,899 - mcp_server - WARNING - Agent marked as inactive: settings_agent (instance: settings_agent_1765866666)
2025-12-16 15:07:46,899 - mcp_server - WARNING - Agent marked as inactive: network_agent (instance: network_agent_1765866667)
2025-12-16 15:07:46,899 - mcp_server - WARNING - Agent marked as inactive: app_agent (instance: app_agent_1765866668)
2025-12-16 15:07:46,899 - mcp_server - WARNING - Agent marked as inactive: monitor_agent (instance: monitor_agent_1765866669)
2025-12-16 15:07:46,899 - mcp_server - WARNING - Agent marked as inactive: media_agent (instance: media_agent_1765866670)
